 -> [Factory] Allocating Hexagonal Topology Engine (31x31)
U [0, 0, 1, 1, 1, 1, 1, 0, 0, 1, 1, 0, 1, 0, 0, 1, 0, 0, 0, 0, 1, 0, 1, 0, 1, 1, 1, 0, 1, 1, 0]
V [0, 0, 1, 1, 1, 0, 1, 1, 1, 1, 1, 0, 0, 1, 0, 0, 1, 1, 0, 0, 0, 0, 1, 0, 1, 1, 0, 1, 0, 1, 0]
W [0, 0, 1, 0, 0, 1, 0, 1, 0, 1, 1, 0, 0, 0, 0, 1, 1, 1, 0, 0, 1, 1, 0, 1, 1, 1, 1, 1, 0, 1, 0]
Launching Topological Integrity Audit...
Processing test case clean_baseline_0001...
[Diag] Reference step from all edges: 34.62 px; max edge: 37.61
[DIAG] scaler:
 [[ 9.43699371  9.7141095   9.89903159  9.92339513  9.79530505  9.51033884
   9.27598272]
 [ 9.78643231 10.04502576 10.2048645  10.21685076 10.11139338  9.83205808
   9.57196735]
 [ 9.90332015 10.15990652 10.31521372 10.34643472 10.21977851  9.95654388
   9.67514222]
 [ 9.81588117 10.08946505 10.21674555 10.24398753 10.14769081  9.86560478
   9.62346771]
 [ 9.64848689  9.90802246 10.0631775  10.08957709  9.97917786  9.69913684
   9.4318866 ]]
[Diag] Total Delaunay faces: 1863
[Diag] Drop by edge length:  138
[Diag] Drop by angle check: 0
[Diag] Validated geometric seeds left: 1725
Wave 0
   -> Island 711 Shape: (2, 2)
[[711 708]
 [676  -1]]
   -> Island 461 Shape: (2, 2)
[[461 491]
 [476  -1]]
   -> Island 712 Shape: (2, 2)
[[712 733]
 [704  -1]]
   -> Island 212 Shape: (2, 2)
[[212 246]
 [245  -1]]
   -> Island 514 Shape: (2, 2)
[[514 489]
 [490  -1]]
   -> Island 875 Shape: (2, 2)
[[875 845]
 [877  -1]]
   -> Island 15 Shape: (2, 2)
[[15 38]
 [14 -1]]
   -> Island 895 Shape: (2, 2)
[[895 929]
 [928  -1]]
   -> Island 156 Shape: (2, 2)
[[156 133]
 [164  -1]]
   -> Island 290 Shape: (2, 2)
[[290 289]
 [267  -1]]
   -> Island 370 Shape: (2, 2)
[[370 374]
 [400  -1]]
   -> Island 84 Shape: (2, 2)
[[84 86]
 [52 -1]]
   -> Island 395 Shape: (2, 2)
[[395 345]
 [357  -1]]
   -> Island 595 Shape: (2, 2)
[[595 574]
 [559  -1]]
   -> Island 129 Shape: (2, 2)
[[129 158]
 [168  -1]]
   -> Island 651 Shape: (2, 2)
[[651 682]
 [653  -1]]
   -> Island 377 Shape: (2, 2)
[[377 378]
 [419  -1]]
   -> Island 437 Shape: (2, 2)
[[437 484]
 [454  -1]]
   -> Island 471 Shape: (2, 2)
[[471 503]
 [466  -1]]
   -> Island 568 Shape: (2, 2)
[[568 543]
 [575  -1]]
   -> Island 494 Shape: (2, 2)
[[494 519]
 [481  -1]]
   -> Island 660 Shape: (2, 2)
[[660 692]
 [688  -1]]
   -> Island 69 Shape: (2, 2)
[[69 42]
 [33 -1]]
   -> Island 665 Shape: (2, 2)
[[665 670]
 [709  -1]]
   -> Island 747 Shape: (2, 2)
[[747 781]
 [778  -1]]
   -> Island 230 Shape: (2, 2)
[[230 263]
 [250  -1]]
   -> Island 112 Shape: (2, 2)
[[112  79]
 [ 82  -1]]
   -> Island 103 Shape: (2, 2)
[[103  70]
 [ 78  -1]]
   -> Island 239 Shape: (2, 2)
[[239 209]
 [243  -1]]
   -> Island 366 Shape: (2, 2)
[[366 390]
 [365  -1]]
   -> Island 689 Shape: (2, 2)
[[689 686]
 [719  -1]]
   -> Island 710 Shape: (2, 2)
[[710 728]
 [738  -1]]
   -> Island 852 Shape: (2, 2)
[[852 885]
 [851  -1]]
   -> Island 121 Shape: (2, 2)
[[121  91]
 [ 92  -1]]
   -> Island 888 Shape: (2, 2)
[[888 914]
 [883  -1]]
   -> Island 410 Shape: (2, 2)
[[410 403]
 [450  -1]]
   -> Island 317 Shape: (2, 2)
[[317 350]
 [349  -1]]
   -> Island 811 Shape: (2, 2)
[[811 841]
 [809  -1]]
   -> Island 786 Shape: (2, 2)
[[786 816]
 [821  -1]]
   -> Island 224 Shape: (2, 2)
[[224 261]
 [236  -1]]
   -> Island 924 Shape: (2, 2)
[[924 891]
 [925  -1]]
   -> Island 284 Shape: (2, 2)
[[284 254]
 [292  -1]]
   -> Island 586 Shape: (2, 2)
[[586 582]
 [549  -1]]
   -> Island 648 Shape: (2, 2)
[[648 640]
 [618  -1]]
   -> Island 166 Shape: (2, 2)
[[166 205]
 [204  -1]]
   -> Island 939 Shape: (2, 2)
[[939 905]
 [937  -1]]
   -> Island 6 Shape: (2, 2)
[[ 6 41]
 [35 -1]]
   -> Island 901 Shape: (2, 2)
[[901 902]
 [932  -1]]
   -> Island 528 Shape: (2, 2)
[[528 558]
 [527  -1]]
   -> Island 770 Shape: (2, 2)
[[770 804]
 [798  -1]]
[Diag] Wave step complete: Added 143 structural ears.
Wave 1
   -> Island 711 Shape: (4, 3)
[[ -1  -1  -1]
 [ -1 736  -1]
 [ -1 711 708]
 [677 676 675]]
   -> Island 461 Shape: (4, 3)
[[ -1  -1  -1]
 [ -1 462  -1]
 [ -1 461 491]
 [444 476 522]]
   -> Island 712 Shape: (4, 3)
[[ -1  -1  -1]
 [ -1 742  -1]
 [ -1 712 733]
 [680 704 741]]
   -> Island 212 Shape: (4, 2)
[[ -1  -1]
 [210  -1]
 [212 246]
 [245 273]]
   -> Island 514 Shape: (4, 3)
[[ -1  -1  -1]
 [ -1 513  -1]
 [ -1 514 489]
 [515 490 460]]
   -> Island 875 Shape: (4, 3)
[[ -1  -1  -1]
 [ -1 843  -1]
 [ -1 875 845]
 [908 877 848]]
   -> Island 15 Shape: (4, 2)
[[-1 -1]
 [39 -1]
 [15 38]
 [14 50]]
   -> Island 895 Shape: (4, 3)
[[ -1  -1  -1]
 [ -1 898  -1]
 [ -1 895 929]
 [894 928 956]]
   -> Island 156 Shape: (4, 3)
[[ -1  -1  -1]
 [ -1 125  -1]
 [ -1 156 133]
 [196 164 126]]
   -> Island 290 Shape: (4, 3)
[[ -1  -1  -1]
 [ -1 332  -1]
 [ -1 290 289]
 [270 267 266]]
   -> Island 370 Shape: (4, 3)
[[ -1  -1  -1]
 [ -1 371  -1]
 [ -1 370 374]
 [369 400 432]]
   -> Island 84 Shape: (4, 3)
[[ -1  -1  -1]
 [ -1 115  -1]
 [ -1  84  86]
 [ 55  52  58]]
   -> Island 395 Shape: (4, 3)
[[ -1  -1  -1]
 [ -1 394  -1]
 [ -1 395 345]
 [379 357 313]]
   -> Island 595 Shape: (4, 3)
[[ -1  -1  -1]
 [ -1 594  -1]
 [ -1 595 574]
 [592 559 530]]
   -> Island 129 Shape: (4, 3)
[[ -1  -1  -1]
 [ -1 130  -1]
 [ -1 129 158]
 [136 168 193]]
   -> Island 651 Shape: (4, 3)
[[ -1  -1  -1]
 [ -1 685  -1]
 [ -1 651 682]
 [620 653  -1]]
   -> Island 377 Shape: (4, 3)
[[ -1  -1  -1]
 [ -1 342  -1]
 [ -1 377 378]
 [406 419 420]]
   -> Island 437 Shape: (4, 3)
[[ -1  -1  -1]
 [ -1 485  -1]
 [ -1 437 484]
 [430 454 483]]
   -> Island 471 Shape: (4, 3)
[[ -1  -1  -1]
 [ -1 511  -1]
 [ -1 471 503]
 [435 466 502]]
   -> Island 568 Shape: (4, 3)
[[ -1  -1  -1]
 [ -1 534  -1]
 [ -1 568 543]
 [601 575 535]]
   -> Island 494 Shape: (4, 3)
[[ -1  -1  -1]
 [ -1 508  -1]
 [ -1 494 519]
 [447 481 526]]
   -> Island 660 Shape: (4, 3)
[[ -1  -1  -1]
 [ -1 663  -1]
 [ -1 660 692]
 [657 688 725]]
   -> Island 69 Shape: (4, 3)
[[-1 -1 -1]
 [-1 68 -1]
 [-1 69 42]
 [63 33  2]]
   -> Island 665 Shape: (4, 3)
[[ -1  -1  -1]
 [ -1 635  -1]
 [ -1 665 670]
 [696 709 697]]
   -> Island 747 Shape: (4, 3)
[[ -1  -1  -1]
 [ -1 750  -1]
 [ -1 747 781]
 [746 778 808]]
   -> Island 230 Shape: (4, 3)
[[ -1  -1  -1]
 [ -1 221  -1]
 [ -1 230 263]
 [229 250 280]]
   -> Island 112 Shape: (4, 3)
[[ -1  -1  -1]
 [ -1 107  -1]
 [ -1 112  79]
 [113  82  48]]
   -> Island 103 Shape: (4, 3)
[[ -1  -1  -1]
 [ -1  97  -1]
 [ -1 103  70]
 [105  78  45]]
   -> Island 239 Shape: (4, 3)
[[ -1  -1  -1]
 [ -1 215  -1]
 [ -1 239 209]
 [272 243 211]]
   -> Island 366 Shape: (4, 3)
[[ -1  -1  -1]
 [ -1 375  -1]
 [ -1 366 390]
 [328 365 389]]
   -> Island 689 Shape: (4, 3)
[[ -1  -1  -1]
 [ -1 658  -1]
 [ -1 689 686]
 [721 719 718]]
   -> Island 710 Shape: (4, 3)
[[ -1  -1  -1]
 [ -1 700  -1]
 [ -1 710 728]
 [694 738 759]]
   -> Island 852 Shape: (4, 3)
[[ -1  -1  -1]
 [ -1 886  -1]
 [ -1 852 885]
 [824 851 882]]
   -> Island 121 Shape: (4, 2)
[[ -1  -1]
 [119  -1]
 [121  91]
 [ 92  60]]
   -> Island 888 Shape: (4, 3)
[[ -1  -1  -1]
 [ -1 915  -1]
 [ -1 888 914]
 [853 883 920]]
   -> Island 410 Shape: (4, 2)
[[ -1  -1]
 [387  -1]
 [410 403]
 [450 434]]
   -> Island 317 Shape: (4, 3)
[[ -1  -1  -1]
 [ -1 318  -1]
 [ -1 317 350]
 [324 349 383]]
   -> Island 811 Shape: (4, 3)
[[ -1  -1  -1]
 [ -1 839  -1]
 [ -1 811 841]
 [780 809 842]]
   -> Island 786 Shape: (4, 3)
[[ -1  -1  -1]
 [ -1 784  -1]
 [ -1 786 816]
 [791 821 850]]
   -> Island 224 Shape: (4, 3)
[[ -1  -1  -1]
 [ -1 252  -1]
 [ -1 224 261]
 [208 236 260]]
   -> Island 924 Shape: (4, 3)
[[ -1  -1  -1]
 [ -1 897  -1]
 [ -1 924 891]
 [954 925 892]]
   -> Island 284 Shape: (4, 3)
[[ -1  -1  -1]
 [ -1 253  -1]
 [ -1 284 254]
 [310 292 255]]
   -> Island 586 Shape: (4, 3)
[[ -1  -1  -1]
 [ -1 612  -1]
 [ -1 586 582]
 [550 549 557]]
   -> Island 648 Shape: (4, 3)
[[ -1  -1  -1]
 [ -1 678  -1]
 [ -1 648 640]
 [615 618 609]]
   -> Island 166 Shape: (4, 3)
[[ -1  -1  -1]
 [ -1 170  -1]
 [ -1 166 205]
 [169 204 234]]
   -> Island 939 Shape: (4, 2)
[[ -1  -1]
 [909  -1]
 [939 905]
 [937 906]]
   -> Island 6 Shape: (4, 3)
[[-1 -1 -1]
 [-1  0 -1]
 [-1  6 41]
 [ 3 35 62]]
   -> Island 901 Shape: (4, 3)
[[ -1  -1  -1]
 [ -1 869  -1]
 [ -1 901 902]
 [930 932 935]]
   -> Island 528 Shape: (4, 3)
[[ -1  -1  -1]
 [ -1 561  -1]
 [ -1 528 558]
 [501 527  -1]]
   -> Island 770 Shape: (4, 3)
[[ -1  -1  -1]
 [ -1 771  -1]
 [ -1 770 804]
 [763 798 832]]
[Diag] Wave step complete: Added 277 structural ears.
Wave 2
   -> Island 711 Shape: (5, 4)
[[ -1  -1  -1  -1]
 [729 736 735  -1]
 [695 711 708 707]
 [677 676 675  -1]
 [ -1 646 645  -1]]
   -> Island 461 Shape: (8, 5)
[[ -1  -1  -1  -1  -1]
 [ -1 545 513 488  -1]
 [ -1 546 514 489 459]
 [ -1 515 490 460  -1]
 [ -1 521 475 443  -1]
 [522 476 444  -1  -1]
 [523 491 461 407  -1]
 [477 462 414  -1  -1]]
   -> Island 712 Shape: (5, 4)
[[ -1  -1  -1  -1]
 [705 742 764  -1]
 [669 712 733 774]
 [680 704 741  -1]
 [ -1 679 703  -1]]
   -> Island 212 Shape: (4, 4)
[[ -1  -1  -1  -1]
 [181 210 240  -1]
 [ -1 212 246 277]
 [ -1 245 273  -1]]
   -> Island 875 Shape: (5, 4)
[[ -1  -1  -1  -1]
 [874 843 814  -1]
 [907 875 845 815]
 [908 877 848  -1]
 [ -1 911 880  -1]]
   -> Island 15 Shape: (5, 4)
[[-1 -1 -1 -1]
 [ 5 39 80 -1]
 [-1 15 38 71]
 [-1 14 50 -1]
 [-1 -1 13 -1]]
   -> Island 895 Shape: (5, 4)
[[ -1  -1  -1  -1]
 [859 898 922  -1]
 [867 895 929 960]
 [894 928 956  -1]
 [ -1 927 959  -1]]
   -> Island 156 Shape: (5, 4)
[[ -1  -1  -1  -1]
 [155 125 102  -1]
 [195 156 133  96]
 [196 164 126  -1]
 [ -1 188 165  -1]]
   -> Island 290 Shape: (5, 4)
[[ -1  -1  -1  -1]
 [325 332 331  -1]
 [299 290 289 298]
 [270 267 266  -1]
 [ -1 238 237  -1]]
   -> Island 370 Shape: (5, 4)
[[ -1  -1  -1  -1]
 [334 371 401  -1]
 [333 370 374 433]
 [369 400 432  -1]
 [ -1 399 409  -1]]
   -> Island 84 Shape: (5, 4)
[[ -1  -1  -1  -1]
 [116 115 120  -1]
 [ 85  84  86  89]
 [ 55  52  58  -1]
 [ -1  20  25  -1]]
   -> Island 395 Shape: (5, 4)
[[ -1  -1  -1  -1]
 [423 394 356  -1]
 [424 395 345 312]
 [379 357 313  -1]
 [ -1 358 314  -1]]
   -> Island 595 Shape: (5, 4)
[[ -1  -1  -1  -1]
 [627 594 565  -1]
 [623 595 574 541]
 [592 559 530  -1]
 [ -1 560 531  -1]]
   -> Island 129 Shape: (5, 4)
[[ -1  -1  -1  -1]
 [ 93 130 159  -1]
 [ 99 129 158 186]
 [136 168 193  -1]
 [ -1 157 192  -1]]
   -> Island 651 Shape: (4, 3)
[[ -1  -1  -1]
 [654 685 714]
 [621 651 682]
 [620 653  -1]]
   -> Island 377 Shape: (5, 4)
[[ -1  -1  -1  -1]
 [354 342 355  -1]
 [376 377 378 391]
 [406 419 420  -1]
 [ -1 440 458  -1]]
   -> Island 437 Shape: (5, 4)
[[ -1  -1  -1  -1]
 [455 485 517  -1]
 [431 437 484 509]
 [430 454 483  -1]
 [ -1 429 449  -1]]
   -> Island 471 Shape: (5, 4)
[[ -1  -1  -1  -1]
 [479 511 533  -1]
 [452 471 503 532]
 [435 466 502  -1]
 [ -1 451 470  -1]]
   -> Island 568 Shape: (5, 4)
[[ -1  -1  -1  -1]
 [563 534 504  -1]
 [598 568 543 505]
 [601 575 535  -1]
 [ -1 602 569  -1]]
   -> Island 494 Shape: (5, 4)
[[ -1  -1  -1  -1]
 [495 508 554  -1]
 [464 494 519 538]
 [447 481 526  -1]
 [ -1 446 493  -1]]
   -> Island 660 Shape: (5, 4)
[[ -1  -1  -1  -1]
 [629 663 693  -1]
 [628 660 692 727]
 [657 688 725  -1]
 [ -1 691 722  -1]]
   -> Island 69 Shape: (5, 4)
[[ -1  -1  -1  -1]
 [100  68  32  -1]
 [101  69  42   1]
 [ 63  33   2  -1]
 [ -1  36   7  -1]]
   -> Island 665 Shape: (5, 4)
[[ -1  -1  -1  -1]
 [634 635 631  -1]
 [664 665 670 661]
 [696 709 697  -1]
 [ -1 737 731  -1]]
   -> Island 747 Shape: (5, 4)
[[ -1  -1  -1  -1]
 [717 750 782  -1]
 [715 747 781 813]
 [746 778 808  -1]
 [ -1 776 810  -1]]
   -> Island 230 Shape: (5, 4)
[[ -1  -1  -1  -1]
 [187 221 251  -1]
 [190 230 263 286]
 [229 250 280  -1]
 [ -1 249 285  -1]]
   -> Island 112 Shape: (5, 4)
[[ -1  -1  -1  -1]
 [144 107  75  -1]
 [142 112  79  46]
 [113  82  48  -1]
 [ -1  83  54  -1]]
   -> Island 103 Shape: (5, 4)
[[ -1  -1  -1  -1]
 [127  97  65  -1]
 [137 103  70  37]
 [105  78  45  -1]
 [ -1  73  43  -1]]
   -> Island 239 Shape: (5, 4)
[[ -1  -1  -1  -1]
 [242 215 180  -1]
 [271 239 209 183]
 [272 243 211  -1]
 [ -1 276 247  -1]]
   -> Island 366 Shape: (5, 4)
[[ -1  -1  -1  -1]
 [367 375 418  -1]
 [319 366 390 405]
 [328 365 389  -1]
 [ -1 327 364  -1]]
   -> Island 689 Shape: (5, 4)
[[ -1  -1  -1  -1]
 [662 658 659  -1]
 [698 689 686 690]
 [721 719 718  -1]
 [ -1 753 751  -1]]
   -> Island 710 Shape: (5, 4)
[[ -1  -1  -1  -1]
 [671 700 739  -1]
 [668 710 728 767]
 [694 738 759  -1]
 [ -1 726 762  -1]]
   -> Island 852 Shape: (5, 4)
[[ -1  -1  -1  -1]
 [856 886 917  -1]
 [825 852 885 916]
 [824 851 882  -1]
 [ -1 820 849  -1]]
   -> Island 121 Shape: (4, 4)
[[ -1  -1  -1  -1]
 [153 119  90  -1]
 [ -1 121  91  56]
 [ -1  92  60  -1]]
   -> Island 888 Shape: (5, 4)
[[ -1  -1  -1  -1]
 [884 915 947  -1]
 [854 888 914 950]
 [853 883 920  -1]
 [ -1 857 896  -1]]
   -> Island 410 Shape: (5, 3)
[[ -1  -1  -1]
 [387 372  -1]
 [410 403 411]
 [450 434  -1]
 [ -1 465  -1]]
   -> Island 317 Shape: (5, 4)
[[ -1  -1  -1  -1]
 [288 318 351  -1]
 [287 317 350 384]
 [324 349 383  -1]
 [ -1 348 397  -1]]
   -> Island 811 Shape: (5, 4)
[[ -1  -1  -1  -1]
 [807 839 870  -1]
 [777 811 841 873]
 [780 809 842  -1]
 [ -1 779 812  -1]]
   -> Island 786 Shape: (5, 4)
[[ -1  -1  -1  -1]
 [757 784 817  -1]
 [755 786 816 847]
 [791 821 850  -1]
 [ -1 818 855  -1]]
   -> Island 224 Shape: (5, 4)
[[ -1  -1  -1  -1]
 [225 252 282  -1]
 [191 224 261 306]
 [208 236 260  -1]
 [ -1 202 241  -1]]
   -> Island 924 Shape: (5, 4)
[[ -1  -1  -1  -1]
 [921 897 865  -1]
 [953 924 891 863]
 [954 925 892  -1]
 [ -1 958 926  -1]]
   -> Island 284 Shape: (5, 4)
[[ -1  -1  -1  -1]
 [283 253 217  -1]
 [339 284 254 228]
 [310 292 255  -1]
 [ -1 321 293  -1]]
   -> Island 586 Shape: (5, 4)
[[ -1  -1  -1  -1]
 [617 612 611  -1]
 [587 586 582 581]
 [550 549 557  -1]
 [ -1 525 524  -1]]
   -> Island 648 Shape: (5, 4)
[[ -1  -1  -1  -1]
 [673 678 672  -1]
 [649 648 640 639]
 [615 618 609  -1]
 [ -1 577 576  -1]]
   -> Island 166 Shape: (5, 4)
[[ -1  -1  -1  -1]
 [139 170 199  -1]
 [138 166 205 226]
 [169 204 234  -1]
 [ -1 198 223  -1]]
   -> Island 939 Shape: (5, 4)
[[ -1  -1  -1  -1]
 [940 909 879  -1]
 [ -1 939 905 876]
 [ -1 937 906  -1]
 [ -1  -1 934  -1]]
   -> Island 6 Shape: (5, 4)
[[-1 -1 -1 -1]
 [-1  0 31 -1]
 [-1  6 41 66]
 [ 3 35 62 -1]
 [-1 40 77 -1]]
   -> Island 901 Shape: (4, 4)
[[ -1  -1  -1  -1]
 [868 869 872  -1]
 [899 901 902 904]
 [930 932 935  -1]]
   -> Island 528 Shape: (4, 3)
[[ -1  -1  -1]
 [529 561 590]
 [496 528 558]
 [501 527  -1]]
   -> Island 770 Shape: (5, 4)
[[ -1  -1  -1  -1]
 [732 771 799  -1]
 [740 770 804 827]
 [763 798 832  -1]
 [ -1 802 826  -1]]
[Diag] Wave step complete: Added 541 structural ears.
Wave 3
   -> Island 461 Shape: (24, 31)
[[ -1  -1  -1  -1  -1  -1  19  54  83 117  -1  -1  -1  -1  -1  -1  -1  -1
   -1  -1  -1  -1  -1  -1  -1  -1  -1  -1  -1  -1  -1]
 [ -1  -1  -1  -1  -1  18  48  82 113 147  -1  -1  -1  -1  -1  -1  -1  -1
   -1  -1  -1  -1  -1  -1  -1  -1  -1  -1  -1  -1  -1]
 [ -1  -1  -1  -1  -1  -1  46  79 112 142  -1  -1  -1  -1  -1  -1  -1  -1
   -1  -1  -1  -1  -1  -1  -1  -1  -1  -1  -1  -1  -1]
 [ -1  -1  -1  -1  -1  -1  75 107 144  -1  -1 235 275  -1  -1  -1  -1  -1
   -1  -1  -1  -1  -1  -1  -1  -1  -1  -1  -1  -1  -1]
 [ -1  -1  -1  -1  -1  -1  -1 111 141 171  -1 238 270 299  -1  -1  -1  -1
   -1  -1 497 531 560  -1  -1  -1  -1  -1  -1  -1  -1]
 [ -1  -1  -1  12  43  73 106 139 170 199 237 267 290 325  -1  -1  -1  -1
   -1 510 530 559 592 624  -1  -1  -1  -1  -1  -1  -1]
 [ -1  -1  -1  10  45  78 105 138 166 205 226 266 289 332 368  -1  -1  -1
   -1  -1 541 574 595 623  -1  -1  -1  -1  -1  -1  -1]
 [ -1  -1  -1  37  70 103 137 169 204 234 259 298 331 352  -1  -1  -1  -1
   -1  -1 565 594 627  -1  -1  -1  -1  -1  -1  -1  -1]
 [ -1  -1  -1  -1  65  97 127 161 198 223 258 297 330  -1  -1  -1  -1  -1
   -1  -1  -1 600 626 659 690 720 749 777 807  -1  -1]
 [ -1   7  36  64  96 126 165  -1  -1  -1 288 318 351  -1  -1  -1  -1  -1
   -1  -1  -1 633 658 686 718 748 780 811 839 871  -1]
 [ -1   2  33  63 102 133 164 188  -1  -1 287 317 350 384  -1  -1  -1  -1
   -1  -1  -1  -1 662 689 719 751 779 809 841 870  -1]
 [  1  42  69 101 125 156 196 232  -1 296 324 349 383 427 464 495 520  -1
   -1 599 631 661 698 721 753 785 812 842 873 903  -1]
 [ -1  32  68 100 132 155 195 231  -1  -1 316 348 397 416 447 494 508 555
   -1 614 635 670 697 724 757 784 817 846 876 906 934]
 [ -1  67  95  -1  -1 187 221 251  -1  -1  -1  -1  -1 446 481 519 554  -1
   -1 634 665 709 731 755 786 816 847 879 905 937  -1]
 [ -1  -1  -1  -1  -1 190 230 263 286  -1  -1  -1  -1  -1 493 526 538  -1
   -1 647 664 696 737 761 791 821 850 878 909 939  -1]
 [ -1  -1  -1  -1 194 229 250 280 322  -1  -1 425 463  -1 525 550 587  -1
  646 677 695 730  -1 788 818 855 881 910 940  -1  -1]
 [ -1  -1  -1  -1  -1 220 249 285 314 358 380 414 462 477 524 549 586 617
  645 676 711 729  -1  -1  -1  -1  -1  -1  -1  -1  -1]
 [ -1  -1  -1  -1  -1  -1 279 313 357 379 407 461 491 523 557 582 612 644
  675 708 736 769  -1  -1  -1  -1  -1  -1  -1  -1  -1]
 [ -1  -1  -1  -1  -1  -1  -1 312 345 395 424 444 476 522 548 581 611 650
  681 707 735 765  -1  -1  -1  -1  -1  -1  -1  -1  -1]
 [ -1  -1  -1  -1  -1  -1  -1 356 394 423 443 475 521 556  -1  -1  -1  -1
   -1  -1  -1  -1  -1  -1  -1  -1  -1  -1  -1  -1  -1]
 [ -1  -1  -1  -1  -1  -1  -1  -1 393 413 460 490 515 547  -1  -1  -1  -1
   -1  -1  -1  -1  -1  -1  -1  -1  -1  -1  -1  -1  -1]
 [ -1  -1  -1  -1  -1  -1  -1  -1  -1 459 489 514 546  -1  -1  -1  -1  -1
   -1  -1  -1  -1  -1  -1  -1  -1  -1  -1  -1  -1  -1]
 [ -1  -1  -1  -1  -1  -1  -1  -1  -1  -1 488 513 545  -1  -1  -1  -1  -1
   -1  -1  -1  -1  -1  -1  -1  -1  -1  -1  -1  -1  -1]
 [ -1  -1  -1  -1  -1  -1  -1  -1  -1  -1 512 537  -1  -1  -1  -1  -1  -1
   -1  -1  -1  -1  -1  -1  -1  -1  -1  -1  -1  -1  -1]]
   -> Island 212 Shape: (4, 4)
[[ -1 182 213  -1]
 [181 210 240  -1]
 [184 212 246 277]
 [ -1 245 273 303]]
   -> Island 875 Shape: (29, 30)
[[ -1  -1  -1  -1  -1  -1  -1  -1  -1  -1  -1  -1  -1  -1  -1  -1  -1  -1
   -1  -1  -1  -1  -1  -1  -1  -1  -1  -1  -1  -1]
 [ -1  -1  -1  -1  -1  -1  -1  -1  -1  -1  -1  -1  -1  -1  -1  -1  -1  -1
  889 922 960  -1  -1  -1  -1  -1  -1  -1  -1  -1]
 [ -1  -1  -1  -1  -1  -1  -1  -1  -1  -1  -1  -1  -1  -1  -1  -1  -1  -1
  860 898 929 956  -1  -1  -1  -1  -1  -1  -1  -1]
 [ -1  -1  -1  -1  -1  -1  -1  -1  -1  -1  -1  -1  -1  -1  -1  -1  -1  -1
  859 895 928 959  -1  -1  -1  -1  -1  -1  -1  -1]
 [ -1  -1  -1  -1  -1  -1  -1  -1  -1  -1  -1  -1  -1  -1  -1  -1  -1  -1
   -1 867 894 927  -1  -1  -1  -1  -1  -1  -1  -1]
 [ -1  -1  -1  -1  -1  -1  -1  -1  -1  -1  -1  -1  -1  -1  -1  -1  -1  -1
   -1 864 893 926 958  -1  -1  -1  -1  -1  -1  -1]
 [ -1  -1  -1  -1  -1  -1  -1  -1  -1  -1  -1  -1  -1  -1  -1  -1 734 772
   -1  -1 866 892 925 954  -1  -1  -1  -1  -1  -1]
 [ -1  -1  -1  -1  -1  -1  -1  -1  -1  -1  -1  -1  -1  -1  -1 705 742 764
   -1  -1 863 891 924 953  -1  -1  -1  -1  -1  -1]
 [ -1  -1  -1  -1  -1  -1  -1  -1  -1  -1  -1  -1  -1  -1  -1 669 712 733
  774 799 827 865 897 921  -1  -1  -1  -1  -1  -1]
 [ -1  -1  -1  -1  -1  -1  -1  -1  -1  -1  -1  -1  -1  -1 642 680 704 741
  771 804 832 862 890  -1  -1  -1  -1  -1  -1  -1]
 [ -1  -1  -1  -1  -1  -1  -1  -1  -1  -1  -1  -1  -1  -1  -1 641 679 703
  732 770 798 826  -1 887 918  -1  -1  -1  -1  -1]
 [ -1  -1  -1  -1  -1  -1  -1  -1  -1  -1  -1  -1  -1  -1 616 649 673 702
  740 763 802  -1 856 886 917  -1  -1  -1  -1  -1]
 [ -1  -1  -1  -1  -1  -1  -1  -1  -1  -1  -1  -1  -1  -1 578 615 648 678
  701 739 767 793 825 852 885 916  -1  -1  -1  -1]
 [ -1  -1  -1  -1  -1  -1  -1  -1  -1  -1  -1  -1  -1  -1 577 618 640 672
  700 728 759 797 824 851 882 913  -1  -1  -1  -1]
 [ -1  -1  -1  -1  -1  -1  -1  -1  -1  -1  -1  -1  -1  -1  -1 576 609 639
  671 710 738 762 792 820 849 880 911 941  -1  -1]
 [ -1  -1  -1  -1  -1  -1  -1  -1  -1  -1  -1  -1  -1  -1  -1 588 604  -1
  668 694 726  -1  -1 819 848 877 908 938  -1  -1]
 [ -1  -1  -1  -1  -1  -1  -1  -1  -1  -1  -1  -1  -1  -1  -1  -1  -1  -1
   -1 667 699  -1  -1  -1 815 845 875 907 936  -1]
 [ -1  -1  -1  -1  -1  -1  -1  -1  -1  -1  -1  -1  -1  -1  -1 536 569 602
  636 666 693 727 754  -1 814 843 874 904 935  -1]
 [ -1  -1  -1  -1  -1  -1  -1  -1  -1  -1  -1  -1 421 441  -1 506 535 575
  601 630 663 692 725 752 782 813 844 872 902 932]
 [ -1  -1  -1 131 159 186 219 262 293 321 343 391 420 458  -1 505 543 568
  598 629 660 688 722 750 781 808 840 869 901 930]
 [ -1  -1  -1  94 130 158 193 218 255 292 310 355 378 419 440  -1 504 534
  563  -1 628 657 691 717 747 778 810 838 868 899]
 [  4  31  66  93 129 168 192 228 254 284 339 342 377 406 453  -1 499 542
   -1  -1 625 656 684 715 746 776  -1  -1  -1  -1]
 [ -1   0  41  62  99 136 157  -1 217 253 283 329 354 376 412  -1 479 511
  533  -1  -1  -1 654 685 714 744  -1  -1  -1  -1]
 [ -1   6  35  77 104 128  -1  -1 225 252 282  -1 367 375 418 452 471 503
  532 566 591 621 651 682 713  -1  -1  -1  -1  -1]
 [ -1  -1   3  40  72  -1  -1  -1 191 224 261 306 319 366 390 405 435 466
  502 529 561 590 620 653  -1  -1  -1  -1  -1  -1]
 [ -1  -1   5  39  80  -1  -1 167 208 236 260 291 328 365 389 404 451 470
  496 528 558 589  -1  -1  -1  -1  -1  -1  -1  -1]
 [ -1  -1  -1  15  38  71  -1  -1 177 202 241 274 305 327 364 388 411 434
  465 501 527  -1  -1  -1  -1  -1  -1  -1  -1  -1]
 [ -1  -1  -1  14  50  76  -1  -1  -1  -1  -1  -1  -1  -1  -1 372 403 450
  469  -1  -1  -1  -1  -1  -1  -1  -1  -1  -1  -1]
 [ -1  -1  -1  -1  13  49  -1  -1  -1  -1  -1  -1  -1  -1  -1 353 387 410
   -1  -1  -1  -1  -1  -1  -1  -1  -1  -1  -1  -1]]
   -> Island 370 Shape: (5, 5)
[[ -1  -1 335 362  -1]
 [ -1 334 371 401  -1]
 [ -1 333 370 374 433]
 [326 369 400 432 457]
 [ -1 361 399 409 456]]
   -> Island 84 Shape: (5, 5)
[[ -1  -1 145 148  -1]
 [ -1 116 115 120  -1]
 [ -1  85  84  86  89]
 [ 53  55  52  58  57]
 [ -1  23  20  25  27]]
   -> Island 437 Shape: (5, 5)
[[ -1  -1 486 500  -1]
 [ -1 455 485 517  -1]
 [ -1 431 437 484 509]
 [398 430 454 483 516]
 [ -1 386 429 449 482]]
   -> Island 239 Shape: (5, 5)
[[ -1  -1 207 179  -1]
 [ -1 242 215 180  -1]
 [ -1 271 239 209 183]
 [301 272 243 211 185]
 [ -1 308 276 247 216]]
   -> Island 121 Shape: (4, 4)
[[ -1 150 118  -1]
 [153 119  90  -1]
 [154 121  91  56]
 [ -1  92  60  29]]
   -> Island 888 Shape: (5, 5)
[[ -1  -1 912 946  -1]
 [ -1 884 915 947  -1]
 [ -1 854 888 914 950]
 [831 853 883 920 949]
 [ -1 823 857 896 923]]
[Diag] Wave step complete: Added 928 structural ears.
Wave 4
   -> Island 875 Shape: (40, 38)
[[-1 -1 -1 ... -1 -1 -1]
 [-1 -1 -1 ... -1 -1 -1]
 [-1 -1 -1 ... -1 -1 -1]
 ...
 [-1 -1 -1 ... -1 -1 -1]
 [-1 -1 -1 ... -1 -1 -1]
 [-1 -1 -1 ... -1 -1 -1]]
   -> Island 84 Shape: (11, 6)
[[ -1  -1  -1  -1  -1  -1]
 [ -1  -1  -1 307 303 302]
 [ -1  -1  -1 268 277 273]
 [ -1  -1 244 240 246 245]
 [ -1  -1  -1 213 210 212]
 [ -1  -1  -1 182 181 184]
 [ -1 146 145 148 152 151]
 [114 116 115 120 122  -1]
 [ 81  85  84  86  89  88]
 [ 53  55  52  58  57  -1]
 [ -1  23  20  25  27  -1]]
[Diag] Wave step complete: Added 1309 structural ears.
Wave 5
   -> Island 875 Shape: (45, 38)
[[-1 -1 -1 ... -1 -1 -1]
 [-1 -1 -1 ... -1 -1 -1]
 [-1 -1 -1 ... -1 -1 -1]
 ...
 [-1 -1 -1 ... -1 -1 -1]
 [-1 -1 -1 ... -1 -1 -1]
 [-1 -1 -1 ... -1 -1 -1]]
[Diag] Wave step complete: Added 1234 structural ears.
Wave 6
   -> Island 875 Shape: (47, 38)
[[-1 -1 -1 ... -1 -1 -1]
 [-1 -1 -1 ... -1 -1 -1]
 [-1 -1 -1 ... -1 -1 -1]
 ...
 [-1 -1 -1 ... -1 -1 -1]
 [-1 -1 -1 ... -1 -1 -1]
 [-1 -1 -1 ... -1 -1 -1]]
[Diag] Wave step complete: Added 624 structural ears.
Wave 7
   -> Island 875 Shape: (47, 38)
[[-1 -1 -1 ... -1 -1 -1]
 [-1 -1 -1 ... -1 -1 -1]
 [-1 -1 -1 ... -1 -1 -1]
 ...
 [-1 -1 -1 ... -1 -1 -1]
 [-1 -1 -1 ... -1 -1 -1]
 [-1 -1 -1 ... -1 -1 -1]]
[Diag] Wave step complete: Added 196 structural ears.
Wave 8
   -> Island 875 Shape: (47, 38)
[[-1 -1 -1 ... -1 -1 -1]
 [-1 -1 -1 ... -1 -1 -1]
 [-1 -1 -1 ... -1 -1 -1]
 ...
 [-1 -1 -1 ... -1 -1 -1]
 [-1 -1 -1 ... -1 -1 -1]
 [-1 -1 -1 ... -1 -1 -1]]
[Diag] Wave step complete: Added 26 structural ears.
   -> Island 875 Shape: (47, 38)
[[ -1  -1  -1  -1  -1  -1  -1  -1  -1  -1  -1  -1  -1  -1  -1  -1  -1  -1  -1  -1  -1  -1  -1  -1  -1  -1  -1  -1  -1  -1  -1  -1  -1  -1  -1  -1  -1  -1]
 [ -1  -1  -1  -1  -1  -1  -1  -1  -1  -1  -1  -1  -1  -1  -1  -1  -1  -1  -1  -1  -1  -1 931  -1  -1  -1  -1  -1  -1  -1  -1  -1  -1  -1  -1  -1  -1  -1]
 [ -1  -1  -1  -1  -1  -1  -1  -1  -1  -1  -1  -1  -1  -1  -1  -1  -1  -1  -1  -1  -1 871 900 933  -1  -1  -1  -1  -1  -1  -1  -1  -1  -1  -1  -1  -1  -1]
 [ -1  -1  -1  -1  -1  -1  -1  -1  -1  -1  -1  -1  -1  -1  -1  -1  -1  -1  -1 807 839 870 903 934  -1  -1  -1  -1  -1  -1  -1  -1  -1  -1  -1  -1  -1  -1]
 [ -1  -1  -1  -1  -1  -1  -1  -1  -1  -1  -1  -1  -1  -1  -1  -1  -1  -1 745 777 811 841 873 906 937  -1  -1  -1  -1  -1  -1  -1  -1  -1  -1  -1  -1  -1]
 [ -1  -1  -1  -1  -1  -1  -1  -1  -1  -1  -1  -1  -1  -1  -1  -1 683 716 749 780 809 842 876 905 939  -1  -1  -1  -1  -1  -1  -1  -1  -1  -1  -1  -1  -1]
 [ -1  -1  -1  -1  -1  -1  -1  -1  -1  -1  -1  -1  -1  -1  -1 624 652 687 720 748 779 812 846 879 909 940  -1  -1  -1  -1  -1  -1  -1  -1  -1  -1  -1  -1]
 [ -1  -1  -1  -1  -1  -1  -1  -1  -1  -1  -1  -1  -1 560 592 623 655 690 718 751 785 817 847 878 910 943  -1  -1  -1  -1  -1  -1  -1  -1  -1  -1  -1  -1]
 [ -1  -1  -1  -1  -1  -1  -1  -1  -1  -1  -1  -1 498 531 559 595 627 659 686 719 753 784 816 850 881 912 946  -1  -1  -1  -1  -1  -1  -1  -1  -1  -1  -1]
 [ -1  -1  -1  -1  -1  -1  -1  -1  -1  -1 439 468 497 530 574 594 626 658 689 721 757 786 821 855 884 915 947  -1  -1  -1  -1  -1  -1  -1  -1  -1  -1  -1]
 [ -1  -1  -1  -1  -1  -1  -1  -1  -1 402 417 438 478 510 541 565 600 633 662 698 724 755 791 818 854 888 914 950  -1  -1  -1  -1  -1  -1  -1  -1  -1  -1]
 [ -1  -1  -1  -1  -1  -1  -1 340 362 401 433 457 467 518 540 564 608 632 661 697 731 761 788 831 853 883 920 949  -1  -1  -1  -1  -1  -1  -1  -1  -1  -1]
 [ -1  -1  -1  -1  -1  -1 278 309 335 371 374 432 456 486 500 553 573 607 631 670 709 737 766 790 823 857 896 923 957  -1  -1  -1  -1  -1  -1  -1  -1  -1]
 [ -1  -1  -1  -1 216 247 276 308 334 370 400 409 455 485 517 552 572 599 635 665 696 730 760 796 830 861 889 922 960  -1  -1  -1  -1  -1  -1  -1  -1  -1]
 [ -1  -1  -1 154 185 211 243 272 301 333 369 399 431 437 484 509 551 571 614 634 664 695 729 769 795 829 860 898 929 956  -1  -1  -1  -1  -1  -1  -1  -1]
 [ -1  92 121 153 183 209 239 271 300 326 361 398 430 454 483 516 539 570 606 647 677 711 736 765 794 836 859 895 928 959  -1  -1  -1  -1  -1  -1  -1  -1]
 [ 30  60  91 119 150 180 215 242 275 299 325 368 386 429 449 482 520 555 584 605 646 676 708 735 773 801 828 867 894 927 955  -1  -1  -1  -1  -1  -1  -1]
 [ 29  56  90 118 149 179 207 235 270 290 332 352 385 408 448 495 508 554 583 613 645 675 707 743 768 803 835 864 893 926 958  -1  -1  -1  -1  -1  -1  -1]
 [ -1  26  59  87 117 147 178 206 238 267 289 331 360 373 428 464 494 519 538 587 617 644 681 706 734 772 805 834 866 892 925 954  -1  -1  -1  -1  -1  -1]
 [ -1  22  51  83 113 142 174 200 237 266 298 330 351 384 427 447 481 526 550 586 612 650 674 705 742 764 800 833 863 891 924 953  -1  -1  -1  -1  -1  -1]
 [ -1  -1  24  54  82 112 144 171 199 226 259 297 318 350 383 416 446 493 525 549 582 611 643 669 712 733 774 799 827 865 897 921 952  -1  -1  -1  -1  -1]
 [ -1  -1  19  48  79 107 141 170 205 234 258 288 317 349 397 415 445 492 524 557 581 619 642 680 704 741 771 804 832 862 890 919 951  -1  -1  -1  -1  -1]
 [ -1  -1  -1  18  46  75 111 139 166 204 223 257 287 324 348 382 426 463 477 523 548 580 610 641 679 703 732 770 798 826 858 887 918 948  -1  -1  -1  -1]
 [ -1  -1  -1  17  47  74 106 138 169 198 233 256 296 316 347 381 425 462 491 522 556 579 616 649 673 702 740 763 802 822 856 886 917 945  -1  -1  -1  -1]
 [ -1  -1  -1  -1  16  44  73 105 137 161 197 222 265 295 323 359 396 414 461 476 521 547 578 615 648 678 701 739 767 793 825 852 885 916 944  -1  -1  -1]
 [ -1  -1  -1  -1  11  43  78 103 127 165 188 232 264 281 315 346 380 407 444 475 515 546 577 618 640 672 700 728 759 797 824 851 882 913 942  -1  -1  -1]
 [ -1  -1  -1  -1  -1  12  45  70  97 126 164 196 231 251 286 322 358 379 424 443 490 514 545 576 609 639 671 710 738 762 792 820 849 880 911 941  -1  -1]
 [ -1  -1  -1  -1  -1  10  37  65  96 133 156 195 221 263 280 314 357 395 423 460 489 513 537 588 604 638 668 694 726 756 789 819 848 877 908 938  -1  -1]
 [ -1  -1  -1  -1  -1  -1   9  34  64 102 125 155 187 230 250 285 313 345 394 413 459 488 512 544 585 603 637 667 699 723 758 787 815 845 875 907 936  -1]
 [ -1  -1  -1  -1  -1  -1   8  36  63 101 132 160 190 229 249 279 312 356 393 422 442 474 507 536 569 602 636 666 693 727 754 783 814 843 874 904 935  -1]
 [ -1  -1  -1  -1  -1  -1  -1   7  33  69 100 124 163 194 220 248 294 311 344 392 421 441 487 506 535 575 601 630 663 692 725 752 782 813 844 872 902 932]
 [ -1  -1  -1  -1  -1  -1  -1   2  42  68  95 131 159 186 219 262 293 321 343 391 420 458 480 505 543 568 598 629 660 688 722 750 781 808 840 869 901 930]
 [ -1  -1  -1  -1  -1  -1  -1  -1   1  32  67  94 130 158 193 218 255 292 310 355 378 419 440 473 504 534 563 597 628 657 691 717 747 778 810 838 868 899]
 [ -1  -1  -1  -1  -1  -1  -1  -1   4  31  66  93 129 168 192 228 254 284 339 342 377 406 453 472 499 542 567 596 625 656 684 715 746 776 806 837  -1  -1]
 [ -1  -1  -1  -1  -1  -1  -1  -1  -1   0  41  62  99 136 157 203 217 253 283 329 354 376 412 436 479 511 533 562 593 622 654 685 714 744 775  -1  -1  -1]
 [ -1  -1  -1  -1  -1  -1  -1  -1  -1   6  35  77 104 128 162 189 225 252 282 320 367 375 418 452 471 503 532 566 591 621 651 682 713  -1  -1  -1  -1  -1]
 [ -1  -1  -1  -1  -1  -1  -1  -1  -1  -1   3  40  72  98 135 173 191 224 261 306 319 366 390 405 435 466 502 529 561 590 620 653  -1  -1  -1  -1  -1  -1]
 [ -1  -1  -1  -1  -1  -1  -1  -1  -1  -1   5  39  80 110 134 167 208 236 260 291 328 365 389 404 451 470 496 528 558 589  -1  -1  -1  -1  -1  -1  -1  -1]
 [ -1  -1  -1  -1  -1  -1  -1  -1  -1  -1  -1  15  38  71 109 143 177 202 241 274 305 327 364 388 411 434 465 501 527  -1  -1  -1  -1  -1  -1  -1  -1  -1]
 [ -1  -1  -1  -1  -1  -1  -1  -1  -1  -1  -1  14  50  76 108 140 176 201 227 269 304 338 363 372 403 450 469  -1  -1  -1  -1  -1  -1  -1  -1  -1  -1  -1]
 [ -1  -1  -1  -1  -1  -1  -1  -1  -1  -1  -1  -1  13  49  81 114 146 172 214 244 268 307 337 353 387 410  -1  -1  -1  -1  -1  -1  -1  -1  -1  -1  -1  -1]
 [ -1  -1  -1  -1  -1  -1  -1  -1  -1  -1  -1  -1  21  53  85 116 145 175 213 240 277 303 336 341  -1  -1  -1  -1  -1  -1  -1  -1  -1  -1  -1  -1  -1  -1]
 [ -1  -1  -1  -1  -1  -1  -1  -1  -1  -1  -1  -1  -1  23  55  84 115 148 182 210 246 273 302  -1  -1  -1  -1  -1  -1  -1  -1  -1  -1  -1  -1  -1  -1  -1]
 [ -1  -1  -1  -1  -1  -1  -1  -1  -1  -1  -1  -1  -1  20  52  86 120 152 181 212 245  -1  -1  -1  -1  -1  -1  -1  -1  -1  -1  -1  -1  -1  -1  -1  -1  -1]
 [ -1  -1  -1  -1  -1  -1  -1  -1  -1  -1  -1  -1  -1  -1  25  58  89 122 151 184  -1  -1  -1  -1  -1  -1  -1  -1  -1  -1  -1  -1  -1  -1  -1  -1  -1  -1]
 [ -1  -1  -1  -1  -1  -1  -1  -1  -1  -1  -1  -1  -1  -1  27  57  88 123  -1  -1  -1  -1  -1  -1  -1  -1  -1  -1  -1  -1  -1  -1  -1  -1  -1  -1  -1  -1]
 [ -1  -1  -1  -1  -1  -1  -1  -1  -1  -1  -1  -1  -1  -1  -1  28  61  -1  -1  -1  -1  -1  -1  -1  -1  -1  -1  -1  -1  -1  -1  -1  -1  -1  -1  -1  -1  -1]]
[+] Success! Generated 1 individual grid matrix islands.
row: 7, col 13, length: 13
valid_mask: [1 1 1 1 1 1 1 1 1 1 1]
patch:
 [[1 0 0 1 1 0 0 1 1 1 1 0 0]
 [1 0 1 1 1 0 0 0 0 1 1 1 0]]
row: 8, col 12, length: 15
valid_mask: [1 1 1 1 1 1 1 1 1 1 1 1 1]
patch:
 [[1 1 0 1 1 1 0 0 0 0 1 1 1 0 1]
 [0 1 1 0 1 0 0 0 1 0 1 1 1 1 1]]
row: 9, col 9, length: 18
valid_mask: [1 1 1 1 1 1 1 1 1 1 1 1 1 1 1 1]
patch:
 [[-1  0  0  0  1  1  0  1  0  0  0  1  0  1  1  1  1  1]
 [ 1  1  0  1  1  1  1  1  1  1  1  0  0  1  0  0  1  0]]
row: 10, col 8, length: 20
valid_mask: [1 1 1 1 1 1 1 1 1 1 1 1 1 1 1 1 1 1]
patch:
 [[-1  1  1  0  1  1  1  1  1  1  1  1  0  0  1  0  0  1  0  1]
 [ 0  1  1  1  0  1  1  0  1  0  0  1  1  1  0  1  0  0  0  0]]
Hor:  {'origin_stream_phase': 12, 'recovered_sequence': [1, 1, 1, 1, 1, 0, 1, 1, 1, 0, 0, 0, 1, 0, 1, 0, 1, 1], 'errors_corrected': [], 'missing_gaps': array([], dtype=int64), 'status': 'Corrected bit flip at index [] via syndrome projection', 'direction_key': 'V_reverse'}
Vert:  {'origin_stream_phase': 21, 'recovered_sequence': [0, 0, 1, 0, 1, 0, 1, 1, 1, 0, 1, 1, 0, 0, 0, 1, 1, 1, 1], 'errors_corrected': [], 'missing_gaps': array([0], dtype=int64), 'status': 'Corrected bit flip at index [] via syndrome projection', 'direction_key': 'U_forward'}
{'status': 'success', 'row': 19, 'col': 30, 'b': (21, -12, -9), 'horizontal_axis': 'V', 'direction': 'reverse', 'errors_corrected': 0, 'erasures': 1}
[Info] Consistency check passed. Best result updated.
[[-1  1  1  0  1  1  1  1  1  1  1  1  0  0  1  0  0  1  0  1]
 [ 0  1  1  1  0  1  1  0  1  0  0  1  1  1  0  1  0  0  0  0]]
row: 11, col 7, length: 21
valid_mask: [1 1 1 1 1 1 1 1 1 1 1 1 1 1 1 1 1 1 1]
patch:
 [[1 0 1 1 1 0 1 1 0 1 0 0 1 1 1 0 1 0 0 0 0]
 [1 0 1 0 1 1 1 0 1 1 1 0 1 1 1 1 0 0 0 1 0]]
row: 12, col 6, length: 23
valid_mask: [1 1 1 1 1 1 1 1 1 1 1 1 1 1 1 1 1 1 1 1 1]
patch:
 [[1 1 0 1 0 1 1 1 0 1 1 1 0 1 1 1 1 0 0 0 1 0 1]
 [1 1 0 1 1 0 1 1 1 1 0 0 0 0 0 0 0 0 1 0 0 0 1]]
Hor:  {'origin_stream_phase': 9, 'recovered_sequence': [1, 0, 0, 1, 1, 1, 1, 1, 0, 1, 1, 1, 0, 0, 0, 1, 0, 1, 0, 1, 1], 'errors_corrected': [], 'missing_gaps': array([], dtype=int64), 'status': 'Corrected bit flip at index [] via syndrome projection', 'direction_key': 'V_reverse'}
Vert:  {'origin_stream_phase': 20, 'recovered_sequence': [0, 0, 0, 1, 0, 1, 0, 1, 1, 1, 0, 1, 1, 0, 0, 0, 1, 1, 1, 1, 1, 0], 'errors_corrected': [], 'missing_gaps': array([], dtype=int64), 'status': 'Corrected bit flip at index [] via syndrome projection', 'direction_key': 'U_forward'}
{'status': 'success', 'row': 22, 'col': 0, 'b': (20, -9, -11), 'horizontal_axis': 'V', 'direction': 'reverse', 'errors_corrected': 0, 'erasures': 0}
[Info] Consistency check passed. Best result updated.
[[1 1 0 1 0 1 1 1 0 1 1 1 0 1 1 1 1 0 0 0 1 0 1]
 [1 1 0 1 1 0 1 1 1 1 0 0 0 0 0 0 0 0 1 0 0 0 1]]
row: 13, col 3, length: 26
valid_mask: [1 1 1 1 1 1 1 1 1 1 1 1 1 1 1 1 1 1 1 1 1 1 1 1]
patch:
 [[-1  1  1  1  1  0  1  1  0  1  1  1  1  0  0  0  0  0  0  0  0  1  0  0  0  1]
 [ 0  1  0  0  0  0  1  1  1  1  0  1  0  1  0  1  0  0  0  0  1  0  0  0  1  1]]
row: 14, col 2, length: 28
valid_mask: [1 1 1 1 1 1 1 1 1 1 1 1 1 1 1 1 1 1 1 1 1 1 1 1 1 1]
patch:
 [[-1  0  1  0  0  0  0  1  1  1  1  0  1  0  1  0  1  0  0  0  0  1  0  0  0  1  1  0]
 [ 0  1  1  0  0  0  0  0  0  1  1  1  1  1  0  0  0  1  1  1  0  0  0  1  0  1  1  1]]
Hor:  {'origin_stream_phase': 4, 'recovered_sequence': [0, 1, 1, 0, 0, 1, 0, 0, 1, 1, 1, 1, 1, 0, 1, 1, 1, 0, 0, 0, 1, 0, 1, 0, 1, 1], 'errors_corrected': [], 'missing_gaps': array([], dtype=int64), 'status': 'Corrected bit flip at index [] via syndrome projection', 'direction_key': 'V_reverse'}
Vert:  {'origin_stream_phase': 17, 'recovered_sequence': [0, 1, 0, 0, 0, 0, 1, 0, 1, 0, 1, 1, 1, 0, 1, 1, 0, 0, 0, 1, 1, 1, 1, 1, 0, 0, 1], 'errors_corrected': [], 'missing_gaps': array([0], dtype=int64), 'status': 'Corrected bit flip at index [] via syndrome projection', 'direction_key': 'U_forward'}
{'status': 'success', 'row': 27, 'col': 30, 'b': (17, -4, -13), 'horizontal_axis': 'V', 'direction': 'reverse', 'errors_corrected': 0, 'erasures': 1}
row: 15, col 1, length: 29
valid_mask: [1 1 1 1 1 1 1 1 1 1 1 1 1 1 1 1 1 1 1 1 1 1 1 1 1 1 1]
patch:
 [[1 0 1 1 0 0 0 0 0 0 1 1 1 1 1 0 0 0 1 1 1 0 0 0 1 0 1 1 1]
 [0 1 0 0 0 1 1 1 0 0 1 0 1 0 1 1 1 0 0 1 1 0 0 1 0 0 1 0 1]]
row: 16, col 0, length: 31
valid_mask: [1 1 1 1 1 1 1 1 1 1 1 1 1 1 1 1 1 1 1 1 1 1 1 1 1 1 1 1 1]
patch:
 [[1 0 1 0 0 0 1 1 1 0 0 1 0 1 0 1 1 1 0 0 1 1 0 0 1 0 0 1 0 1 0]
 [1 0 1 1 1 1 0 0 1 0 1 0 0 0 0 1 0 1 0 0 1 0 0 1 1 1 1 0 0 0 1]]
Hor:  {'origin_stream_phase': 1, 'recovered_sequence': [0, 0, 0, 0, 1, 1, 0, 0, 1, 0, 0, 1, 1, 1, 1, 1, 0, 1, 1, 1, 0, 0, 0, 1, 0, 1, 0, 1, 1], 'errors_corrected': [], 'missing_gaps': array([], dtype=int64), 'status': 'Corrected bit flip at index [] via syndrome projection', 'direction_key': 'V_reverse'}
Vert:  {'origin_stream_phase': 16, 'recovered_sequence': [0, 0, 1, 0, 0, 0, 0, 1, 0, 1, 0, 1, 1, 1, 0, 1, 1, 0, 0, 0, 1, 1, 1, 1, 1, 0, 0, 1, 1, 0], 'errors_corrected': [], 'missing_gaps': array([], dtype=int64), 'status': 'Corrected bit flip at index [] via syndrome projection', 'direction_key': 'U_forward'}
{'status': 'success', 'row': 30, 'col': 0, 'b': (16, -1, -15), 'horizontal_axis': 'V', 'direction': 'reverse', 'errors_corrected': 0, 'erasures': 0}
row: 17, col 1, length: 30
valid_mask: [1 1 1 1 1 1 1 1 1 1 1 1 1 1 1 1 1 1 1 1 1 1 1 1 1 1 1 1]
patch:
 [[0 1 1 1 1 0 0 1 0 1 0 0 0 0 1 0 1 0 0 1 0 0 1 1 1 1 0 0 0 1]
 [0 1 1 1 1 1 0 1 0 0 1 1 0 1 1 1 1 0 1 1 1 1 0 0 1 1 1 1 0 0]]
row: 18, col 0, length: 32
valid_mask: [0 1 1 1 1 1 1 1 1 1 1 1 1 1 1 1 1 1 1 1 1 1 1 1 1 1 1 1 1 1]
patch:
 [[-1  0  1  1  1  1  1  0  1  0  0  1  1  0  1  1  1  1  0  1  1  1  1  0  0  1  1  1  1  0  0  0]
 [-1  0  0  0  0  0  0  0  1  1  1  1  0  0  1  0  1  1  0  1  0  1  0  0  1  0  0  1  0  1  0  0]]
Hor:  {'origin_stream_phase': 0, 'recovered_sequence': [1, 0, 0, 0, 0, 1, 1, 0, 0, 1, 0, 0, 1, 1, 1, 1, 1, 0, 1, 1, 1, 0, 0, 0, 1, 0, 1, 0, 1, 1], 'errors_corrected': [], 'missing_gaps': array([0], dtype=int64), 'status': 'Corrected bit flip at index [] via syndrome projection', 'direction_key': 'V_reverse'}
Vert:  {'origin_stream_phase': 17, 'recovered_sequence': [0, 1, 0, 0, 0, 0, 1, 0, 1, 0, 1, 1, 1, 0, 1, 1, 0, 0, 0, 1, 1, 1, 1, 1, 0, 0, 1, 1, 0, 1, 0], 'errors_corrected': [], 'missing_gaps': array([0], dtype=int64), 'status': 'Corrected bit flip at index [] via syndrome projection', 'direction_key': 'U_forward'}
{'status': 'success', 'row': 0, 'col': 17, 'b': (17, 0, -17), 'horizontal_axis': 'V', 'direction': 'reverse', 'errors_corrected': 0, 'erasures': 2}
row: 19, col 1, length: 31
valid_mask: [0 1 1 1 1 1 1 1 1 1 1 1 1 1 1 1 1 1 1 1 1 1 1 1 1 1 1 1 1]
patch:
 [[ 0  0  0  0  0  0  0  1  1  1  1  0  0  1  0  1  1  0  1  0  1  0  0  1  0  0  1  0  1  0  0]
 [-1  1  1  1  1  1  0  0  0  0  1  0  0  0  0  0  1  1  0  0  0  0  0  1  0  1  0  0  1  1  0]]
row: 20, col 2, length: 31
valid_mask: [1 1 1 1 1 1 1 1 1 1 1 1 1 1 1 1 1 1 1 1 1 1 1 1 1 1 1 1 1]
patch:
 [[1 1 1 1 1 0 0 0 0 1 0 0 0 0 0 1 1 0 0 0 0 0 1 0 1 0 0 1 1 0 0]
 [0 0 0 0 1 0 1 1 0 0 0 0 1 0 0 1 1 1 0 1 0 1 0 1 1 1 1 1 1 0 1]]
Hor:  {'origin_stream_phase': 1, 'recovered_sequence': [0, 0, 0, 0, 1, 1, 0, 0, 1, 0, 0, 1, 1, 1, 1, 1, 0, 1, 1, 1, 0, 0, 0, 1, 0, 1, 0, 1, 1], 'errors_corrected': [], 'missing_gaps': array([], dtype=int64), 'status': 'Corrected bit flip at index [] via syndrome projection', 'direction_key': 'V_reverse'}
Vert:  {'origin_stream_phase': 20, 'recovered_sequence': [0, 0, 0, 1, 0, 1, 0, 1, 1, 1, 0, 1, 1, 0, 0, 0, 1, 1, 1, 1, 1, 0, 0, 1, 1, 0, 1, 0, 0, 1], 'errors_corrected': [], 'missing_gaps': array([], dtype=int64), 'status': 'Corrected bit flip at index [] via syndrome projection', 'direction_key': 'U_forward'}
{'status': 'success', 'row': 30, 'col': 4, 'b': (20, -1, -19), 'horizontal_axis': 'V', 'direction': 'reverse', 'errors_corrected': 0, 'erasures': 0}
row: 21, col 3, length: 30
valid_mask: [1 1 1 1 1 1 1 1 1 1 1 1 1 1 1 1 1 1 1 1 1 1 1 1 1 1 1 1]
patch:
 [[0 0 0 1 0 1 1 0 0 0 0 1 0 0 1 1 1 0 1 0 1 0 1 1 1 1 1 1 0 1]
 [0 0 0 1 0 0 1 0 0 1 1 0 0 1 1 0 1 0 0 0 0 1 0 0 1 1 0 0 0 0]]
row: 22, col 2, length: 32
valid_mask: [0 1 1 1 1 1 1 1 1 1 1 1 1 1 1 1 1 1 1 1 1 1 1 1 1 1 1 1 1 1]
patch:
 [[-1  0  0  0  1  0  0  1  0  0  1  1  0  0  1  1  0  1  0  0  0  0  1  0  0  1  1  0  0  0  0  1]
 [-1  1  1  0  1  1  1  1  1  0  1  0  0  0  1  1  1  1  1  0  1  1  0  0  1  0  1  0  0  1  1  0]]
Hor:  {'origin_stream_phase': 0, 'recovered_sequence': [1, 0, 0, 0, 0, 1, 1, 0, 0, 1, 0, 0, 1, 1, 1, 1, 1, 0, 1, 1, 1, 0, 0, 0, 1, 0, 1, 0, 1, 1], 'errors_corrected': [], 'missing_gaps': array([0], dtype=int64), 'status': 'Corrected bit flip at index [] via syndrome projection', 'direction_key': 'V_reverse'}
Vert:  {'origin_stream_phase': 21, 'recovered_sequence': [0, 0, 1, 0, 1, 0, 1, 1, 1, 0, 1, 1, 0, 0, 0, 1, 1, 1, 1, 1, 0, 0, 1, 1, 0, 1, 0, 0, 1, 0, 0], 'errors_corrected': [], 'missing_gaps': array([0], dtype=int64), 'status': 'Corrected bit flip at index [] via syndrome projection', 'direction_key': 'U_forward'}
{'status': 'success', 'row': 0, 'col': 21, 'b': (21, 0, -21), 'horizontal_axis': 'V', 'direction': 'reverse', 'errors_corrected': 0, 'erasures': 2}
row: 23, col 3, length: 31
valid_mask: [0 1 1 1 1 1 1 1 1 1 1 1 1 1 1 1 1 1 1 1 1 1 1 1 1 1 1 1 1]
patch:
 [[ 1  1  0  1  1  1  1  1  0  1  0  0  0  1  1  1  1  1  0  1  1  0  0  1  0  1  0  0  1  1  0]
 [-1  1  0  1  1  1  0  1  0  1  1  1  1  1  0  1  0  1  0  0  1  1  1  0  1  1  0  1  0  1  1]]
row: 24, col 4, length: 31
valid_mask: [1 1 1 1 1 1 1 1 1 1 1 1 1 1 1 1 1 1 1 1 1 1 1 1 1 1 1 1 1]
patch:
 [[1 0 1 1 1 0 1 0 1 1 1 1 1 0 1 0 1 0 0 1 1 1 0 1 1 0 1 0 1 1 0]
 [0 1 1 1 0 0 0 1 1 0 0 0 0 0 0 0 0 0 0 1 0 1 1 0 0 1 1 0 1 1 0]]
row: 25, col 5, length: 30
valid_mask: [1 1 1 1 1 1 1 1 1 1 1 1 1 1 1 1 1 1 1 1 1 1 1 1 1 1 1 1]
patch:
 [[1 1 1 0 0 0 1 1 0 0 0 0 0 0 0 0 0 0 1 0 1 1 0 0 1 1 0 1 1 0]
 [1 1 1 0 0 1 1 1 0 1 1 1 0 1 0 1 0 0 0 0 0 1 1 1 1 1 1 0 1 1]]
row: 26, col 4, length: 32
valid_mask: [0 1 1 1 1 1 1 1 1 1 1 1 1 1 1 1 1 1 1 1 1 1 1 1 1 1 1 1 1 1]
patch:
 [[-1  1  1  1  0  0  1  1  1  0  1  1  1  0  1  0  1  0  0  0  0  0  1  1  1  1  1  1  0  1  1  1]
 [-1  1  1  0  0  1  0  1  0  1  0  0  1  1  1  1  1  0  0  1  0  0  0  0  0  1  1  1  0  1  0  0]]
Hor:  {'origin_stream_phase': 0, 'recovered_sequence': [1, 0, 0, 0, 0, 1, 1, 0, 0, 1, 0, 0, 1, 1, 1, 1, 1, 0, 1, 1, 1, 0, 0, 0, 1, 0, 1, 0, 1, 1], 'errors_corrected': [], 'missing_gaps': array([0], dtype=int64), 'status': 'Corrected bit flip at index [] via syndrome projection', 'direction_key': 'V_reverse'}
Vert:  {'origin_stream_phase': 25, 'recovered_sequence': [1, 0, 1, 1, 1, 0, 1, 1, 0, 0, 0, 1, 1, 1, 1, 1, 0, 0, 1, 1, 0, 1, 0, 0, 1, 0, 0, 0, 0, 1, 0], 'errors_corrected': [], 'missing_gaps': array([0], dtype=int64), 'status': 'Corrected bit flip at index [] via syndrome projection', 'direction_key': 'U_forward'}
{'status': 'success', 'row': 0, 'col': 25, 'b': (25, 0, -25), 'horizontal_axis': 'V', 'direction': 'reverse', 'errors_corrected': 0, 'erasures': 2}
row: 27, col 5, length: 31
valid_mask: [0 1 1 1 1 1 1 1 1 1 1 1 1 1 1 1 1 1 1 1 1 1 1 1 1 1 1 1 1]
patch:
 [[ 1  1  0  0  1  0  1  0  1  0  0  1  1  1  1  1  0  0  1  0  0  0  0  0  1  1  1  0  1  0  0]
 [-1  1  0  0  1  0  0  0  1  0  1  0  0  1  0  1  1  0  1  1  0  1  1  1  0  1  1  1  0  0  1]]
row: 28, col 6, length: 31
valid_mask: [1 1 1 1 1 1 1 1 1 1 1 1 1 1 1 1 1 1 1 1 1 1 1 1 1 1 1 1 1]
patch:
 [[1 0 0 1 0 0 0 1 0 1 0 0 1 0 1 1 0 1 1 0 1 1 1 0 1 1 1 0 0 1 0]
 [1 1 0 1 1 0 0 1 0 0 0 1 1 1 0 0 0 0 0 0 1 1 0 1 0 0 0 0 0 0 1]]
Hor:  {'origin_stream_phase': 1, 'recovered_sequence': [0, 0, 0, 0, 1, 1, 0, 0, 1, 0, 0, 1, 1, 1, 1, 1, 0, 1, 1, 1, 0, 0, 0, 1, 0, 1, 0, 1, 1], 'errors_corrected': [], 'missing_gaps': array([], dtype=int64), 'status': 'Corrected bit flip at index [] via syndrome projection', 'direction_key': 'V_reverse'}
Vert:  {'origin_stream_phase': 28, 'recovered_sequence': [1, 1, 0, 1, 1, 0, 0, 0, 1, 1, 1, 1, 1, 0, 0, 1, 1, 0, 1, 0, 0, 1, 0, 0, 0, 0, 1, 0, 1, 0], 'errors_corrected': [], 'missing_gaps': array([], dtype=int64), 'status': 'Corrected bit flip at index [] via syndrome projection', 'direction_key': 'U_forward'}
{'status': 'success', 'row': 30, 'col': 12, 'b': (28, -1, -27), 'horizontal_axis': 'V', 'direction': 'reverse', 'errors_corrected': 0, 'erasures': 0}
row: 29, col 7, length: 30
valid_mask: [1 1 1 1 1 1 1 1 1 1 1 1 1 1 1 1 1 1 1 1 1 1 1 1 1 1 1 1]
patch:
 [[1 0 1 1 0 0 1 0 0 0 1 1 1 0 0 0 0 0 0 1 1 0 1 0 0 0 0 0 0 1]
 [1 0 1 1 0 1 1 0 0 1 0 0 1 1 0 1 0 0 1 1 0 1 0 1 0 0 1 1 0 0]]
row: 30, col 6, length: 32
valid_mask: [0 1 1 1 1 1 1 1 1 1 1 1 1 1 1 1 1 1 1 1 1 1 1 1 1 1 1 1 1 1]
patch:
 [[-1  1  0  1  1  0  1  1  0  0  1  0  0  1  1  0  1  0  0  1  1  0  1  0  1  0  0  1  1  0  0  0]
 [-1  0  1  1  0  1  0  0  0  1  1  1  0  1  1  1  1  0  1  0  0  0  1  0  1  0  1  0  1  0  1  0]]
Hor:  {'origin_stream_phase': 0, 'recovered_sequence': [1, 0, 0, 0, 0, 1, 1, 0, 0, 1, 0, 0, 1, 1, 1, 1, 1, 0, 1, 1, 1, 0, 0, 0, 1, 0, 1, 0, 1, 1], 'errors_corrected': [], 'missing_gaps': array([0], dtype=int64), 'status': 'Corrected bit flip at index [] via syndrome projection', 'direction_key': 'V_reverse'}
Vert:  {'origin_stream_phase': 29, 'recovered_sequence': [1, 0, 1, 1, 0, 0, 0, 1, 1, 1, 1, 1, 0, 0, 1, 1, 0, 1, 0, 0, 1, 0, 0, 0, 0, 1, 0, 1, 0, 1, 1], 'errors_corrected': [], 'missing_gaps': array([0], dtype=int64), 'status': 'Corrected bit flip at index [] via syndrome projection', 'direction_key': 'U_forward'}
{'status': 'success', 'row': 0, 'col': 29, 'b': (29, 0, -29), 'horizontal_axis': 'V', 'direction': 'reverse', 'errors_corrected': 0, 'erasures': 2}
row: 31, col 7, length: 31
valid_mask: [0 1 1 1 1 1 1 1 1 1 1 1 1 1 1 1 1 1 1 1 1 1 1 1 1 1 1 1 1]
patch:
 [[ 0  1  1  0  1  0  0  0  1  1  1  0  1  1  1  1  0  1  0  0  0  1  0  1  0  1  0  1  0  1  0]
 [-1  0  0  1  0  1  0  1  0  0  1  0  1  0  1  0  0  0  1  0  1  1  0  1  0  0  1  1  0  0  0]]
row: 32, col 8, length: 28
valid_mask: [1 1 1 1 1 1 1 1 1 1 1 1 1 1 1 1 1 1 1 1 1 1 1 1 1 1]
patch:
 [[0 0 1 0 1 0 1 0 0 1 0 1 0 1 0 0 0 1 0 1 1 0 1 0 0 1 1 0]
 [1 0 1 0 1 1 1 1 0 0 1 0 0 0 1 0 0 1 1 0 0 1 0 0 0 0 0 0]]
Hor:  {'origin_stream_phase': 1, 'recovered_sequence': [0, 0, 0, 0, 1, 1, 0, 0, 1, 0, 0, 1, 1, 1, 1, 1, 0, 1, 1, 1, 0, 0, 0, 1, 0, 1], 'errors_corrected': [], 'missing_gaps': array([], dtype=int64), 'status': 'Corrected bit flip at index [] via syndrome projection', 'direction_key': 'V_reverse'}
Vert:  {'origin_stream_phase': 1, 'recovered_sequence': [1, 0, 0, 0, 1, 1, 1, 1, 1, 0, 0, 1, 1, 0, 1, 0, 0, 1, 0, 0, 0, 0, 1, 0, 1, 0, 1], 'errors_corrected': [], 'missing_gaps': array([], dtype=int64), 'status': 'Corrected bit flip at index [] via syndrome projection', 'direction_key': 'U_forward'}
{'status': 'success', 'row': 30, 'col': 16, 'b': (1, -1, 0), 'horizontal_axis': 'V', 'direction': 'reverse', 'errors_corrected': 0, 'erasures': 0}
row: 33, col 9, length: 26
valid_mask: [1 1 1 1 1 1 1 1 1 1 1 1 1 1 1 1 1 1 1 1 1 1 1 1]
patch:
 [[0 1 0 1 1 1 1 0 0 1 0 0 0 1 0 0 1 1 0 0 1 0 0 0 0 0]
 [0 1 0 1 1 0 1 0 0 0 1 1 0 0 0 1 1 1 1 0 0 1 1 1 0 0]]
row: 34, col 8, length: 25
valid_mask: [0 1 1 1 1 1 1 1 1 1 1 1 1 1 1 1 1 1 1 1 1 1 1]
patch:
 [[-1  0  1  0  1  1  0  1  0  0  0  1  1  0  0  0  1  1  1  1  0  0  1  1  1]
 [-1  1  0  1  1  0  0  0  0  0  0  0  1  0  1  1  0  1  1  1  0  0  0  0  1]]
Hor:  {'origin_stream_phase': 0, 'recovered_sequence': [1, 0, 0, 0, 0, 1, 1, 0, 0, 1, 0, 0, 1, 1, 1, 1, 1, 0, 1, 1, 1, 0, 0], 'errors_corrected': [], 'missing_gaps': array([0], dtype=int64), 'status': 'Corrected bit flip at index [] via syndrome projection', 'direction_key': 'V_reverse'}
Vert:  {'origin_stream_phase': 2, 'recovered_sequence': [0, 0, 0, 1, 1, 1, 1, 1, 0, 0, 1, 1, 0, 1, 0, 0, 1, 0, 0, 0, 0, 1, 0, 1], 'errors_corrected': [], 'missing_gaps': array([0], dtype=int64), 'status': 'Corrected bit flip at index [] via syndrome projection', 'direction_key': 'U_forward'}
{'status': 'success', 'row': 0, 'col': 2, 'b': (2, 0, -2), 'horizontal_axis': 'V', 'direction': 'reverse', 'errors_corrected': 0, 'erasures': 2}
row: 35, col 9, length: 23
valid_mask: [0 1 1 1 1 1 1 1 1 1 1 1 1 1 1 1 1 1 1 1 1]
patch:
 [[ 1  0  1  1  0  0  0  0  0  0  0  1  0  1  1  0  1  1  1  0  0  0  0]
 [-1  0  1  1  0  0  1  0  0  0  1  0  1  1  0  0  0  1  1  1  0  1  1]]
row: 36, col 10, length: 20
valid_mask: [1 1 1 1 1 1 1 1 1 1 1 1 1 1 1 1 1 1]
patch:
 [[0 1 1 0 0 1 0 0 0 1 0 1 1 0 0 0 1 1 1 0]
 [0 0 1 1 0 0 1 1 0 0 1 1 1 0 1 1 0 0 0 0]]
Hor:  {'origin_stream_phase': 1, 'recovered_sequence': [0, 0, 0, 0, 1, 1, 0, 0, 1, 0, 0, 1, 1, 1, 1, 1, 0, 1], 'errors_corrected': [], 'missing_gaps': array([], dtype=int64), 'status': 'Corrected bit flip at index [] via syndrome projection', 'direction_key': 'V_reverse'}
Vert:  {'origin_stream_phase': 5, 'recovered_sequence': [1, 1, 1, 1, 1, 0, 0, 1, 1, 0, 1, 0, 0, 1, 0, 0, 0, 0, 1], 'errors_corrected': [], 'missing_gaps': array([], dtype=int64), 'status': 'Corrected bit flip at index [] via syndrome projection', 'direction_key': 'U_forward'}
{'status': 'success', 'row': 30, 'col': 20, 'b': (5, -1, -4), 'horizontal_axis': 'V', 'direction': 'reverse', 'errors_corrected': 0, 'erasures': 0}
row: 37, col 11, length: 18
valid_mask: [1 1 1 1 1 1 1 1 1 1 1 1 1 1 1 1]
patch:
 [[0 1 1 0 0 1 1 0 0 1 1 1 0 1 1 0 0 0]
 [1 0 0 1 1 1 0 1 1 1 1 1 1 1 0 0 1 1]]
row: 38, col 10, length: 17
valid_mask: [0 1 1 1 1 1 1 1 1 1 1 1 1 1 1]
patch:
 [[-1  1  0  0  1  1  1  0  1  1  1  1  1  1  1  0  0]
 [-1  1  1  0  0  0  0  0  0  0  1  1  1  0  0  1  1]]
Hor:  {'origin_stream_phase': 0, 'recovered_sequence': [1, 0, 0, 0, 0, 1, 1, 0, 0, 1, 0, 0, 1, 1, 1], 'errors_corrected': [], 'missing_gaps': array([0], dtype=int64), 'status': 'Corrected bit flip at index [] via syndrome projection', 'direction_key': 'V_reverse'}
Vert:  {'origin_stream_phase': 6, 'recovered_sequence': [1, 1, 1, 1, 0, 0, 1, 1, 0, 1, 0, 0, 1, 0, 0, 0], 'errors_corrected': [], 'missing_gaps': array([0], dtype=int64), 'status': 'Corrected bit flip at index [] via syndrome projection', 'direction_key': 'U_forward'}
{'status': 'success', 'row': 0, 'col': 6, 'b': (6, 0, -6), 'horizontal_axis': 'V', 'direction': 'reverse', 'errors_corrected': 0, 'erasures': 2}
row: 39, col 11, length: 15
valid_mask: [0 1 1 1 1 1 1 1 1 1 1 1 1]
patch:
 [[ 1  1  0  0  0  0  0  0  0  1  1  1  0  0  1]
 [-1  0  1  1  1  1  0  1  1  0  1  1  0  1  1]]
row: 40, col 12, length: 12
valid_mask: [1 1 1 1 1 1 1 1 1 1]
patch:
 [[0 1 1 1 1 0 1 1 0 1 1 0]
 [1 1 1 1 0 0 1 0 1 0 1 1]]
Hor:  {'origin_stream_phase': 1, 'recovered_sequence': [0, 0, 0, 0, 1, 1, 0, 0, 1, 0], 'errors_corrected': [], 'missing_gaps': array([], dtype=int64), 'status': 'Corrected bit flip at index [] via syndrome projection', 'direction_key': 'V_reverse'}
Vert:  {'origin_stream_phase': 9, 'recovered_sequence': [1, 0, 0, 1, 1, 0, 1, 0, 0, 1, 0], 'errors_corrected': [10], 'missing_gaps': array([], dtype=int64), 'status': 'Corrected bit flip at index [10] via syndrome projection', 'direction_key': 'U_forward'}
[Warning] Consistency check failed. Skip
Target coords: 22 0
Processing test case compound_rotation_0_0004...
[Diag] Reference step from all edges: 30.86 px; max edge: 40.18
[DIAG] scaler:
 [[ 0.         10.80212015 10.53882942  9.93056596  9.12988102  8.38452751  0.        ]
 [10.57939753 10.46379709 10.0573615   9.42537224  8.64519894  7.69752059  6.88895855]
 [10.02111322  9.78909096  9.32338975  8.70848434  7.93057749  6.69094812  0.        ]
 [ 9.65414405  9.05384491  8.40501596  7.77845845  7.40738931  0.          0.        ]
 [ 0.          0.          7.48427727  7.1482055   0.          0.          0.        ]]
[Diag] Total Delaunay faces: 1804
[Diag] Drop by edge length:  125
[Diag] Drop by angle check: 0
[Diag] Validated geometric seeds left: 1679
Wave 0
   -> Island 783 Shape: (2, 2)
[[783 776]
 [754  -1]]
   -> Island 467 Shape: (2, 2)
[[467 498]
 [460  -1]]
   -> Island 262 Shape: (2, 2)
[[262 290]
 [257  -1]]
   -> Island 242 Shape: (2, 2)
[[242 239]
 [213  -1]]
   -> Island 677 Shape: (2, 2)
[[677 643]
 [686  -1]]
   -> Island 104 Shape: (2, 2)
[[104  86]
 [ 87  -1]]
   -> Island 482 Shape: (2, 2)
[[482 513]
 [475  -1]]
   -> Island 810 Shape: (2, 2)
[[810 807]
 [781  -1]]
   -> Island 152 Shape: (2, 2)
[[152 157]
 [180  -1]]
   -> Island 163 Shape: (2, 2)
[[163 137]
 [139  -1]]
   -> Island 742 Shape: (2, 2)
[[742 772]
 [764  -1]]
   -> Island 407 Shape: (2, 2)
[[407 419]
 [452  -1]]
   -> Island 402 Shape: (2, 2)
[[402 359]
 [365  -1]]
   -> Island 653 Shape: (2, 2)
[[653 646]
 [615  -1]]
   -> Island 136 Shape: (2, 2)
[[136 156]
 [135  -1]]
   -> Island 879 Shape: (2, 2)
[[879 883]
 [900  -1]]
   -> Island 830 Shape: (2, 2)
[[830 803]
 [811  -1]]
   -> Island 555 Shape: (2, 2)
[[555 564]
 [597  -1]]
   -> Island 715 Shape: (2, 2)
[[715 722]
 [745  -1]]
   -> Island 20 Shape: (2, 2)
[[20 21]
 [32 -1]]
   -> Island 870 Shape: (2, 2)
[[870 891]
 [884  -1]]
   -> Island 315 Shape: (2, 2)
[[315 288]
 [320  -1]]
   -> Island 907 Shape: (2, 2)
[[907 918]
 [902  -1]]
   -> Island 385 Shape: (2, 2)
[[385 343]
 [351  -1]]
   -> Island 572 Shape: (2, 2)
[[572 576]
 [603  -1]]
   -> Island 311 Shape: (2, 2)
[[311 319]
 [350  -1]]
   -> Island 545 Shape: (2, 2)
[[545 552]
 [586  -1]]
   -> Island 673 Shape: (2, 2)
[[673 665]
 [638  -1]]
   -> Island 816 Shape: (2, 2)
[[816 823]
 [840  -1]]
   -> Island 492 Shape: (2, 2)
[[492 483]
 [450  -1]]
   -> Island 647 Shape: (2, 2)
[[647 652]
 [683  -1]]
   -> Island 48 Shape: (2, 2)
[[48 35]
 [49 -1]]
   -> Island 594 Shape: (2, 2)
[[594 629]
 [622  -1]]
   -> Island 808 Shape: (2, 2)
[[808 801]
 [778  -1]]
   -> Island 344 Shape: (2, 2)
[[344 398]
 [354  -1]]
   -> Island 9 Shape: (2, 2)
[[ 9  7]
 [ 3 -1]]
   -> Island 243 Shape: (2, 2)
[[243 246]
 [274  -1]]
[Diag] Wave step complete: Added 102 structural ears.
Wave 1
   -> Island 783 Shape: (4, 3)
[[ -1  -1  -1]
 [ -1 806  -1]
 [ -1 783 776]
 [760 754 747]]
   -> Island 467 Shape: (4, 3)
[[ -1  -1  -1]
 [ -1 504  -1]
 [ -1 467 498]
 [426 460 489]]
   -> Island 262 Shape: (4, 3)
[[ -1  -1  -1]
 [ -1 297  -1]
 [ -1 262 290]
 [229 257 285]]
   -> Island 242 Shape: (4, 3)
[[ -1  -1  -1]
 [ -1 268  -1]
 [ -1 242 239]
 [216 213 211]]
   -> Island 677 Shape: (4, 3)
[[ -1  -1  -1]
 [ -1 636  -1]
 [ -1 677 643]
 [712 686 654]]
   -> Island 104 Shape: (4, 3)
[[ -1  -1  -1]
 [ -1 102  -1]
 [ -1 104  86]
 [105  87  69]]
   -> Island 482 Shape: (4, 3)
[[ -1  -1  -1]
 [ -1 522  -1]
 [ -1 482 513]
 [439 475 506]]
   -> Island 810 Shape: (4, 3)
[[ -1  -1  -1]
 [ -1 833  -1]
 [ -1 810 807]
 [789 781 774]]
   -> Island 152 Shape: (4, 3)
[[ -1  -1  -1]
 [ -1 130  -1]
 [ -1 152 157]
 [178 180 183]]
   -> Island 163 Shape: (4, 3)
[[ -1  -1  -1]
 [ -1 159  -1]
 [ -1 163 137]
 [164 139 115]]
   -> Island 742 Shape: (4, 3)
[[ -1  -1  -1]
 [ -1 746  -1]
 [ -1 742 772]
 [734 764 792]]
   -> Island 407 Shape: (4, 3)
[[ -1  -1  -1]
 [ -1 377  -1]
 [ -1 407 419]
 [445 452 464]]
   -> Island 402 Shape: (4, 3)
[[ -1  -1  -1]
 [ -1 397  -1]
 [ -1 402 359]
 [408 365 324]]
   -> Island 653 Shape: (4, 3)
[[ -1  -1  -1]
 [ -1 682  -1]
 [ -1 653 646]
 [621 615 607]]
   -> Island 136 Shape: (4, 3)
[[ -1  -1  -1]
 [ -1 158  -1]
 [ -1 136 156]
 [114 135 154]]
   -> Island 879 Shape: (4, 3)
[[ -1  -1  -1]
 [ -1 860  -1]
 [ -1 879 883]
 [895 900 905]]
   -> Island 830 Shape: (4, 3)
[[ -1  -1  -1]
 [ -1 825  -1]
 [ -1 830 803]
 [837 811 782]]
   -> Island 555 Shape: (4, 3)
[[ -1  -1  -1]
 [ -1 519  -1]
 [ -1 555 564]
 [591 597 608]]
   -> Island 715 Shape: (4, 3)
[[ -1  -1  -1]
 [ -1 689  -1]
 [ -1 715 722]
 [737 745 750]]
   -> Island 20 Shape: (2, 3)
[[-1 20 21]
 [31 32 33]]
   -> Island 870 Shape: (4, 3)
[[ -1  -1  -1]
 [ -1 876  -1]
 [ -1 870 891]
 [864 884 903]]
   -> Island 315 Shape: (4, 3)
[[ -1  -1  -1]
 [ -1 283  -1]
 [ -1 315 288]
 [355 320 292]]
   -> Island 907 Shape: (2, 3)
[[ -1 907 918]
 [888 902 915]]
   -> Island 385 Shape: (4, 2)
[[ -1  -1]
 [380  -1]
 [385 343]
 [351 308]]
   -> Island 572 Shape: (4, 3)
[[ -1  -1  -1]
 [ -1 543  -1]
 [ -1 572 576]
 [598 603 612]]
   -> Island 311 Shape: (4, 3)
[[ -1  -1  -1]
 [ -1 280  -1]
 [ -1 311 319]
 [345 350 358]]
   -> Island 545 Shape: (4, 3)
[[ -1  -1  -1]
 [ -1 510  -1]
 [ -1 545 552]
 [579 586 593]]
   -> Island 673 Shape: (4, 3)
[[ -1  -1  -1]
 [ -1 701  -1]
 [ -1 673 665]
 [645 638 628]]
   -> Island 816 Shape: (4, 3)
[[ -1  -1  -1]
 [ -1 799  -1]
 [ -1 816 823]
 [834 840 846]]
   -> Island 492 Shape: (4, 3)
[[ -1  -1  -1]
 [ -1 523  -1]
 [ -1 492 483]
 [453 450 440]]
   -> Island 647 Shape: (4, 3)
[[ -1  -1  -1]
 [ -1 610  -1]
 [ -1 647 652]
 [678 683 691]]
   -> Island 48 Shape: (2, 3)
[[-1 48 35]
 [62 49 36]]
   -> Island 594 Shape: (4, 2)
[[ -1  -1]
 [602  -1]
 [594 629]
 [622  -1]]
   -> Island 808 Shape: (4, 3)
[[ -1  -1  -1]
 [ -1 829  -1]
 [ -1 808 801]
 [784 778 773]]
   -> Island 344 Shape: (2, 2)
[[344 398]
 [354  -1]]
   -> Island 9 Shape: (4, 3)
[[-1 -1 -1]
 [-1 16 -1]
 [-1  9  7]
 [ 4  3  2]]
   -> Island 243 Shape: (4, 3)
[[ -1  -1  -1]
 [ -1 217  -1]
 [ -1 243 246]
 [270 274 277]]
[Diag] Wave step complete: Added 196 structural ears.
Wave 2
   -> Island 783 Shape: (5, 4)
[[ -1  -1  -1  -1]
 [813 806 797  -1]
 [790 783 776 769]
 [760 754 747  -1]
 [ -1 730 723  -1]]
   -> Island 467 Shape: (5, 4)
[[ -1  -1  -1  -1]
 [474 504 533  -1]
 [434 467 498 525]
 [426 460 489  -1]
 [ -1 422 451  -1]]
   -> Island 262 Shape: (5, 4)
[[ -1  -1  -1  -1]
 [269 297 327  -1]
 [233 262 290 321]
 [229 257 285  -1]
 [ -1 226 254  -1]]
   -> Island 242 Shape: (5, 4)
[[ -1  -1  -1  -1]
 [272 268 265  -1]
 [248 242 239 236]
 [216 213 211  -1]
 [ -1 191 189  -1]]
   -> Island 677 Shape: (5, 4)
[[ -1  -1  -1  -1]
 [671 636 606  -1]
 [704 677 643 611]
 [712 686 654  -1]
 [ -1 719 690  -1]]
   -> Island 104 Shape: (5, 4)
[[ -1  -1  -1  -1]
 [121 102  85  -1]
 [123 104  86  66]
 [105  87  69  -1]
 [ -1  88  70  -1]]
   -> Island 482 Shape: (5, 4)
[[ -1  -1  -1  -1]
 [490 522 551  -1]
 [449 482 513 544]
 [439 475 506  -1]
 [ -1 435 468  -1]]
   -> Island 810 Shape: (5, 4)
[[ -1  -1  -1  -1]
 [ -1 833 827  -1]
 [ -1 810 807 800]
 [789 781 774  -1]
 [ -1 755 749  -1]]
   -> Island 152 Shape: (5, 4)
[[ -1  -1  -1  -1]
 [128 130  -1  -1]
 [150 152 157 160]
 [178 180 183  -1]
 [ -1 205 209  -1]]
   -> Island 163 Shape: (5, 4)
[[ -1  -1  -1  -1]
 [185 159 134  -1]
 [188 163 137 113]
 [164 139 115  -1]
 [ -1 140 118  -1]]
   -> Island 742 Shape: (5, 4)
[[ -1  -1  -1  -1]
 [718 746 780  -1]
 [710 742 772 798]
 [734 764 792  -1]
 [ -1 756 787  -1]]
   -> Island 407 Shape: (5, 4)
[[ -1  -1  -1  -1]
 [368 377 383  -1]
 [401 407 419 424]
 [445 452 464  -1]
 [ -1 491 500  -1]]
   -> Island 402 Shape: (5, 4)
[[ -1  -1  -1  -1]
 [442 397 353  -1]
 [448 402 359 318]
 [408 365 324  -1]
 [ -1 373 332  -1]]
   -> Island 653 Shape: (5, 4)
[[ -1  -1  -1  -1]
 [693 682 674  -1]
 [659 653 646 639]
 [621 615 607  -1]
 [ -1 580 573  -1]]
   -> Island 136 Shape: (5, 4)
[[ -1  -1  -1  -1]
 [138 158 181  -1]
 [116 136 156 179]
 [114 135 154  -1]
 [ -1 112 133  -1]]
   -> Island 879 Shape: (5, 4)
[[ -1  -1  -1  -1]
 [854 860 866  -1]
 [875 879 883 889]
 [895 900 905  -1]
 [ -1 913 917  -1]]
   -> Island 830 Shape: (5, 4)
[[ -1  -1  -1  -1]
 [851 825 796  -1]
 [857 830 803 775]
 [837 811 782  -1]
 [ -1 819 788  -1]]
   -> Island 555 Shape: (5, 4)
[[ -1  -1  -1  -1]
 [514 519 527  -1]
 [550 555 564 571]
 [591 597 608  -1]
 [ -1 633 642  -1]]
   -> Island 715 Shape: (5, 4)
[[ -1  -1  -1  -1]
 [685 689 698  -1]
 [708 715 722 729]
 [737 745 750  -1]
 [ -1  -1 770  -1]]
   -> Island 20 Shape: (3, 3)
[[19 20 21]
 [31 32 33]
 [-1 42 43]]
   -> Island 870 Shape: (5, 4)
[[ -1  -1  -1  -1]
 [855 876 896  -1]
 [847 870 891 908]
 [864 884 903  -1]
 [ -1 880 898  -1]]
   -> Island 315 Shape: (5, 4)
[[ -1  -1  -1  -1]
 [312 283 258  -1]
 [348 315 288 261]
 [355 320 292  -1]
 [ -1 360 328  -1]]
   -> Island 907 Shape: (3, 3)
[[893 907 918]
 [888 902 915]
 [ -1 882 897]]
   -> Island 385 Shape: (4, 4)
[[ -1  -1  -1  -1]
 [421 380 336  -1]
 [ -1 385 343 301]
 [ -1 351 308  -1]]
   -> Island 572 Shape: (5, 4)
[[ -1  -1  -1  -1]
 [535 543 548  -1]
 [561 572 576 582]
 [598 603 612  -1]
 [ -1 632 640  -1]]
   -> Island 311 Shape: (5, 4)
[[ -1  -1  -1  -1]
 [275 280 286  -1]
 [307 311 319 322]
 [345 350 358  -1]
 [ -1 387 392  -1]]
   -> Island 545 Shape: (5, 4)
[[ -1  -1  -1  -1]
 [507 510 520  -1]
 [539 545 552 560]
 [579 586 593  -1]
 [ -1 618 625  -1]]
   -> Island 673 Shape: (5, 4)
[[ -1  -1  -1  -1]
 [709 701 692  -1]
 [681 673 665 656]
 [645 638 628  -1]
 [ -1 605 596  -1]]
   -> Island 816 Shape: (5, 4)
[[ -1  -1  -1  -1]
 [791 799 804  -1]
 [809 816 823 828]
 [834 840 846  -1]
 [ -1  -1 861  -1]]
   -> Island 492 Shape: (5, 4)
[[ -1  -1  -1  -1]
 [530 523 517  -1]
 [497 492 483 479]
 [453 450 440  -1]
 [ -1 413 406  -1]]
   -> Island 647 Shape: (5, 4)
[[ -1  -1  -1  -1]
 [601 610 619  -1]
 [634 647 652 660]
 [678 683 691  -1]
 [ -1 714 721  -1]]
   -> Island 48 Shape: (3, 4)
[[61 48 35 24]
 [62 49 36 -1]
 [-1 64 50 -1]]
   -> Island 594 Shape: (4, 3)
[[ -1  -1  -1]
 [568 602 637]
 [ -1 594 629]
 [ -1 622  -1]]
   -> Island 808 Shape: (5, 4)
[[ -1  -1  -1  -1]
 [836 829 822  -1]
 [815 808 801 795]
 [784 778 773  -1]
 [ -1 753 748  -1]]
   -> Island 344 Shape: (2, 2)
[[344 398]
 [354  -1]]
   -> Island 9 Shape: (5, 4)
[[-1 -1 -1 -1]
 [17 16 15 -1]
 [10  9  7  8]
 [ 4  3  2 -1]
 [-1  0  1 -1]]
   -> Island 243 Shape: (5, 4)
[[ -1  -1  -1  -1]
 [212 217 219  -1]
 [240 243 246 249]
 [270 274 277  -1]
 [ -1 302 306  -1]]
[Diag] Wave step complete: Added 370 structural ears.
Wave 3
   -> Island 783 Shape: (5, 5)
[[ -1  -1 832 824  -1]
 [ -1 813 806 797  -1]
 [ -1 790 783 776 769]
 [767 760 754 747 739]
 [ -1 735 730 723 716]]
   -> Island 467 Shape: (5, 5)
[[ -1  -1 511 537  -1]
 [ -1 474 504 533  -1]
 [ -1 434 467 498 525]
 [395 426 460 489 518]
 [ -1 391 422 451 485]]
   -> Island 262 Shape: (8, 12)
[[ -1  -1  -1  -1  -1  -1 192  -1  -1 202 204  -1]
 [ -1  -1  -1  -1 212 217 219  -1 226 229 233  -1]
 [ -1  -1  -1  -1 240 243 246 249 254 257 262 269]
 [253 258 261 264 270 274 277 282 285 290 297 303]
 [279 283 288 292 296 302 306 310 316 321 327 331]
 [312 315 320 328  -1  -1  -1  -1  -1  -1  -1  -1]
 [ -1 348 355 360  -1  -1  -1  -1  -1  -1  -1  -1]
 [ -1 384 390  -1  -1  -1  -1  -1  -1  -1  -1  -1]]
   -> Island 242 Shape: (5, 5)
[[ -1  -1 299 294  -1]
 [ -1 272 268 265  -1]
 [ -1 248 242 239 236]
 [222 216 213 211  -1]
 [ -1 195 191 189  -1]]
   -> Island 677 Shape: (17, 14)
[[ -1  -1  -1  -1  -1  -1  -1  -1  -1  -1  -1  -1  -1  -1]
 [ -1  -1  -1  -1  -1  -1  -1 471 476  -1  -1  -1  -1  -1]
 [ -1  -1  -1  -1  -1  -1  -1 507 510 520  -1  -1  -1  -1]
 [ -1  -1  -1  -1  -1  -1 539 545 552 560 565 574  -1  -1]
 [ -1  -1  -1  -1  -1  -1 570 579 586 593 601 610 619  -1]
 [566 573 580 590 595 606 611 618 625 634 647 652 660  -1]
 [600 607 615 621 631 636 643 654 662 667 678 683 691 697]
 [639 646 653 659 671 677 686 690  -1 707 714 721 728  -1]
 [ -1 674 682 693  -1 704 712 719  -1  -1  -1  -1  -1  -1]
 [ -1 711 717  -1  -1 740 748 753 762  -1  -1  -1  -1  -1]
 [ -1  -1  -1  -1  -1 766 773 778 784 794  -1  -1  -1  -1]
 [ -1  -1  -1  -1  -1 795 801 808 815  -1  -1  -1  -1  -1]
 [ -1  -1  -1  -1  -1  -1 822 829 836 841  -1  -1  -1  -1]
 [ -1  -1  -1  -1  -1  -1 849 854 860 866  -1  -1  -1  -1]
 [ -1  -1  -1  -1  -1  -1  -1 875 879 883 889  -1  -1  -1]
 [ -1  -1  -1  -1  -1  -1 890 895 900 905  -1  -1  -1  -1]
 [ -1  -1  -1  -1  -1  -1  -1 909 913 917  -1  -1  -1  -1]]
   -> Island 104 Shape: (5, 5)
[[ -1  -1 120 100  -1]
 [ -1 121 102  85  -1]
 [ -1 123 104  86  66]
 [125 105  87  69  53]
 [ -1 107  88  70  54]]
   -> Island 482 Shape: (5, 5)
[[ -1  -1 529 557  -1]
 [ -1 490 522 551  -1]
 [ -1 449 482 513 544]
 [405 439 475 506 538]
 [ -1 399 435 468 499]]
   -> Island 810 Shape: (5, 4)
[[ -1  -1 853  -1]
 [ -1 833 827  -1]
 [ -1 810 807 800]
 [789 781 774 768]
 [761 755 749 741]]
   -> Island 152 Shape: (5, 5)
[[ -1  -1  -1  -1  -1]
 [ -1 128 130  -1  -1]
 [ -1 150 152 157 160]
 [174 178 180 183 187]
 [ -1 200 205 209 214]]
   -> Island 163 Shape: (5, 5)
[[ -1  -1 182 155  -1]
 [ -1 185 159 134  -1]
 [ -1 188 163 137 113]
 [193 164 139 115  94]
 [ -1 167 140 118  97]]
   -> Island 742 Shape: (9, 7)
[[ -1  -1  -1  -1 820 812  -1]
 [ -1  -1  -1 798 792 787  -1]
 [ -1  -1  -1 780 772 764 756]
 [ -1  -1 757 746 742 734 727]
 [ -1  -1 731 724 718 710 702]
 [ -1 709 701 692  -1  -1  -1]
 [ -1 681 673 665 656  -1  -1]
 [651 645 638 628 620  -1  -1]
 [ -1 614 605 596 588  -1  -1]]
   -> Island 407 Shape: (5, 5)
[[ -1  -1 334 342  -1]
 [ -1 368 377 383  -1]
 [ -1 401 407 419 424]
 [441 445 452 464 472]
 [ -1 484 491 500 505]]
   -> Island 402 Shape: (8, 5)
[[ -1  -1 431 389  -1]
 [ -1 442 397 353  -1]
 [ -1 448 402 359 318]
 [454 408 365 324 284]
 [ -1 415 373 332 293]
 [421 380 336  -1  -1]
 [ -1 385 343 301  -1]
 [ -1 351 308  -1  -1]]
   -> Island 136 Shape: (5, 5)
[[ -1  -1 162 184  -1]
 [ -1 138 158 181  -1]
 [ -1 116 136 156 179]
 [ 96 114 135 154 176]
 [ -1  95 112 133 153]]
   -> Island 830 Shape: (5, 5)
[[ -1  -1 844 818  -1]
 [ -1 851 825 796  -1]
 [ -1 857 830 803 775]
 [863 837 811 782 752]
 [ -1 843 819 788 759]]
   -> Island 555 Shape: (5, 5)
[[ -1  -1 477 486  -1]
 [ -1 514 519 527  -1]
 [ -1 550 555 564 571]
 [581 591 597 608  -1]
 [ -1 626 633 642  -1]]
   -> Island 715 Shape: (5, 4)
[[ -1 658 664  -1]
 [685 689 698  -1]
 [708 715 722 729]
 [737 745 750 758]
 [ -1  -1 770 777]]
   -> Island 20 Shape: (5, 5)
[[-1 -1 -1 -1 -1]
 [-1 12 -1 -1 -1]
 [-1 19 20 21 -1]
 [30 31 32 33 -1]
 [-1 41 42 43 44]]
   -> Island 870 Shape: (5, 5)
[[ -1  -1 859 881  -1]
 [ -1 855 876 896  -1]
 [ -1 847 870 891 908]
 [842 864 884 903  -1]
 [ -1 858 880 898 914]]
   -> Island 907 Shape: (5, 5)
[[ -1  -1  -1  -1  -1]
 [ -1 911  -1  -1  -1]
 [ -1 893 907 918  -1]
 [874 888 902 915  -1]
 [ -1 867 882 897 910]]
   -> Island 572 Shape: (5, 5)
[[ -1  -1 508 512  -1]
 [ -1 535 543 548  -1]
 [ -1 561 572 576 582]
 [587 598 603 612 617]
 [ -1 623 632 640 648]]
   -> Island 311 Shape: (5, 5)
[[ -1  -1 247 252  -1]
 [ -1 275 280 286  -1]
 [ -1 307 311 319 322]
 [338 345 350 358 362]
 [ -1 379 387 392 396]]
   -> Island 816 Shape: (5, 4)
[[ -1 771 779  -1]
 [791 799 804  -1]
 [809 816 823 828]
 [834 840 846 852]
 [ -1  -1 861 868]]
   -> Island 492 Shape: (5, 5)
[[ -1  -1 563 558  -1]
 [ -1 530 523 517  -1]
 [ -1 497 492 483 479]
 [466 453 450 440 436]
 [ -1 417 413 406 400]]
   -> Island 48 Shape: (3, 5)
[[-1 61 48 35 24]
 [77 62 49 36 25]
 [-1 79 64 50 37]]
   -> Island 594 Shape: (4, 4)
[[ -1 578 609  -1]
 [568 602 637  -1]
 [ -1 594 629 663]
 [ -1 622  -1  -1]]
   -> Island 344 Shape: (2, 2)
[[344 398]
 [354  -1]]
   -> Island 9 Shape: (5, 5)
[[-1 -1 27 26 -1]
 [-1 17 16 15 -1]
 [-1 10  9  7  8]
 [ 5  4  3  2 -1]
 [-1 -1  0  1 -1]]
[Diag] Wave step complete: Added 631 structural ears.
Wave 4
   -> Island 262 Shape: (41, 24)
[[ -1  -1  -1  -1  -1  -1  -1  -1  -1  -1  -1  -1  -1  -1  -1  -1  -1  -1  -1  -1  -1  -1  -1  -1]
 [ -1  -1  -1  -1  -1  -1  -1  -1  -1  -1  -1  -1 308 351  -1  -1  -1  -1  -1  -1  -1  -1  -1  -1]
 [ -1  -1  -1  -1  -1  -1  -1  -1  -1  -1  -1  -1 301 343 385  -1  -1  -1  -1  -1  -1  -1  -1  -1]
 [ -1  -1  -1  -1  -1  -1  -1  -1  -1  -1  -1 298 336 380 421  -1  -1  -1  -1  -1  -1  -1  -1  -1]
 [ -1  -1  -1  -1  -1  -1  -1  -1  -1  -1  -1 293 332 373 415 461  -1  -1  -1  -1  -1  -1  -1  -1]
 [ -1  -1  -1  -1  -1  -1  -1  -1  -1  -1 284 324 365 408 454  -1  -1  -1  -1  -1  -1  -1  -1  -1]
 [ -1  -1  -1  -1  -1  -1  -1  -1  -1  -1 281 318 359 402 448 495 534  -1  -1  -1  -1  -1  -1  -1]
 [ -1  -1  -1  -1  -1  -1  -1  -1  -1  -1 313 353 397 442 486 527 571  -1  -1  -1  -1  -1  -1  -1]
 [ -1  -1  -1  -1  -1  -1  -1  -1  -1  -1  -1 346 389 431 477 519 564 608  -1  -1  -1  -1  -1  -1]
 [ -1  -1  -1  -1  -1  -1  -1  -1  -1  -1 342 383 424 472 514 555 597 642  -1  -1  -1  -1  -1  -1]
 [ -1  -1  98 119 143  -1  -1  -1  -1  -1 334 377 419 464 505 550 591 633 675  -1  -1  -1  -1  -1]
 [ -1  97 118 140 167  -1  -1 256 289 329 368 407 452 500 540 581 626 668  -1  -1  -1  -1  -1  -1]
 [ -1  94 115 139 164 193  -1 252 286 322 362 401 445 491 532 574 619 660 697  -1  -1  -1  -1  -1]
 [ 91 113 137 163 188 215 247 280 319 358 396 441 484 526 565 610 652 691 728 761  -1  -1  -1  -1]
 [ -1 110 134 159 185 210 244 275 311 350 392 432 476 520 560 601 647 683 721 755 789  -1  -1  -1]
 [ -1 132 155 182 207 237 273 307 345 387 423 471 510 552 593 634 678 714 749 781 810  -1  -1  -1]
 [ -1  -1  -1  -1 204 233 269 303 338 379 417 466 507 545 586 625 667 707 741 774 807 833  -1  -1]
 [ -1  -1  -1 202 229 262 297 331 372 413 453 497 539 579 618 662 699  -1 768 800 827 853  -1  -1]
 [ -1  -1  -1 197 226 257 290 327 367 406 450 492 530 570 611 654 690 726 762 794 821 848 872  -1]
 [ -1  -1 196 223 254 285 321 361 400 440 483 523 563 606 643 686 719 753 784 815 841 866 889  -1]
 [ -1  -1 192 219 249 282 316 356  -1 436 479 517 558 595 636 677 712 748 778 808 836 860 883 905]
 [ -1  -1 217 246 277 310  -1  -1  -1 469 509 549 590 631 671 704 740 773 801 829 854 879 900 917]
 [ -1  -1 212 243 274 306 341  -1  -1  -1  -1 541 580 621 659 696 732 766 795 822 849 875 895 913]
 [ -1 208 240 270 302 335  -1 412 456 496 536 573 615 653 693 725 759 788 819 843 869 890 909  -1]
 [ -1  -1 235 264 296 333  -1 405 449 490 529 566 607 646 682 717 752 782 811 837 863  -1  -1  -1]
 [ -1 231 261 292 328 364 399 439 482 522 557 600 639 674 711 744 775 803 830 857 878 899  -1  -1]
 [ -1 228 258 288 320 360 394 435 475 513 551 589 630 666 703 735 767 796 825 851 874 893 911  -1]
 [ -1 253 283 315 355 390 427 468 506 544 583  -1  -1 694 730 760 790 818 844 867 888 907  -1  -1]
 [ -1  -1 279 312 348 384  -1 462 499 538 575 614 651 687 723 754 783 813 839 862 882 902 918  -1]
 [ -1  -1 309 340 378  -1  -1  -1  -1 569 605 645 681 716 747 776 806 832  -1 877 897 915  -1  -1]
 [ -1  -1  -1  -1  -1  -1  -1  -1  -1 559 596 638 673 709 739 769 797 824  -1  -1 892 910  -1  -1]
 [ -1  -1  -1  -1  -1  -1  -1  -1  -1 588 628 665 701 731 763 793 817  -1  -1  -1  -1  -1  -1  -1]
 [ -1  -1  -1  -1  -1  -1  -1  -1  -1  -1 620 656 692 724 757 786  -1 838 859 881 901  -1  -1  -1]
 [ -1  -1  -1  -1  -1  -1  -1  -1  -1  -1 650 684 718 746 780 805 831 855 876 896 912  -1  -1  -1]
 [ -1  -1  -1  -1  -1  -1  -1  -1  -1  -1  -1 676 710 742 772 798 826 847 870 891 908  -1  -1  -1]
 [ -1  -1  -1  -1  -1  -1  -1  -1  -1  -1  -1 702 734 764 792 820 842 864 884 903  -1  -1  -1  -1]
 [ -1  -1  -1  -1  -1  -1  -1  -1  -1  -1  -1  -1 727 756 787 812 835 858 880 898 914  -1  -1  -1]
 [ -1  -1  -1  -1  -1  -1  -1  -1  -1  -1  -1  -1 751 779 804 828 852 873 894  -1  -1  -1  -1  -1]
 [ -1  -1  -1  -1  -1  -1  -1  -1  -1  -1  -1  -1  -1 771 799 823 846 868  -1  -1  -1  -1  -1  -1]
 [ -1  -1  -1  -1  -1  -1  -1  -1  -1  -1  -1  -1 765 791 816 840 861  -1  -1  -1  -1  -1  -1  -1]
 [ -1  -1  -1  -1  -1  -1  -1  -1  -1  -1  -1  -1  -1 785 809 834  -1  -1  -1  -1  -1  -1  -1  -1]]
   -> Island 242 Shape: (6, 5)
[[ -1 304 299 294 291]
 [276 272 268 265 260]
 [251 248 242 239 236]
 [222 216 213 211  -1]
 [ -1 195 191 189  -1]
 [ -1 170 168  -1  -1]]
   -> Island 104 Shape: (13, 12)
[[ -1  -1  -1  -1  -1  -1  -1  -1  -1  -1  -1  -1]
 [ -1  -1  -1 146 144 142  -1  -1  -1  -1  -1  -1]
 [ -1  -1  -1 125 123 121 120  -1  -1  -1  -1  -1]
 [ -1  -1 107 105 104 102 100  -1  -1  -1  -1  -1]
 [ -1  -1  89  88  87  86  85  83  80  79  77  75]
 [ -1  -1  71  70  69  66  67  65  64  62  61  -1]
 [ -1  57  56  55  54  53  52  51  50  49  48  -1]
 [ 44  43  42  41  -1  -1  -1  37  36  35  -1  -1]
 [ 34  33  32  31  30  28  27  26  25  24  -1  -1]
 [ -1  21  20  19  18  17  16  15  14  -1  -1  -1]
 [ -1  -1  -1  12  11  10   9   7   8  -1  -1  -1]
 [ -1  -1  -1  -1   5   4   3   2  -1  -1  -1  -1]
 [ -1  -1  -1  -1  -1  -1   0   1  -1  -1  -1  -1]]
   -> Island 152 Shape: (6, 5)
[[ -1  -1  -1  -1  -1]
 [124 128 130  -1  -1]
 [147 150 152 157 160]
 [174 178 180 183 187]
 [ -1 200 205 209 214]
 [ -1 232 238 241  -1]]
   -> Island 136 Shape: (6, 6)
[[ -1 141 162 184 206  -1]
 [117 138 158 181 203  -1]
 [ 99 116 136 156 179 201]
 [ 96 114 135 154 176  -1]
 [ -1  95 112 133 153  -1]
 [ -1  93 111 129  -1  -1]]
   -> Island 715 Shape: (14, 9)
[[ -1  -1  -1  -1 386 391 395 403  -1]
 [ -1  -1  -1 416 422 426 434 444  -1]
 [ -1  -1  -1 446 451 460 467 474 480]
 [ -1  -1  -1 485 489 498 504 511  -1]
 [ -1 502 508 512 518 525 533 537  -1]
 [528 535 543 548 553 562 567  -1  -1]
 [556 561 572 576 582 592  -1  -1  -1]
 [587 598 603 612 617  -1  -1  -1  -1]
 [ -1 623 632 640 648  -1  -1  -1  -1]
 [649 658 664 672  -1  -1  -1  -1  -1]
 [679 685 689 698 706  -1  -1  -1  -1]
 [708 715 722 729 738  -1  -1  -1  -1]
 [ -1 737 745 750 758  -1  -1  -1  -1]
 [ -1  -1 770 777  -1  -1  -1  -1  -1]]
   -> Island 594 Shape: (4, 4)
[[542 578 609 644]
 [568 602 637 669]
 [ -1 594 629 663]
 [ -1 622  -1  -1]]
   -> Island 344 Shape: (2, 2)
[[344 398]
 [354  -1]]
[Diag] Wave step complete: Added 955 structural ears.
Wave 5
   -> Island 262 Shape: (46, 34)
[[ -1  -1  -1  -1  -1  -1  -1  -1  -1  -1  -1  -1  -1  -1  -1  -1  -1  -1  -1  -1  -1  -1 308 351  -1  -1  -1  -1  -1  -1  -1  -1  -1  -1]
 [ -1  -1  -1  -1  -1  -1  -1  -1  -1  -1  -1  -1  -1  -1  -1  -1  -1  -1  -1  -1 266 301 343 385  -1  -1  -1  -1  -1  -1  -1  -1  -1  -1]
 [ -1  -1  -1  -1  -1  -1  -1  -1  -1  -1  -1  -1  -1  -1  -1  -1  -1  -1  -1  -1 259 298 336 380 421  -1  -1  -1  -1  -1  -1  -1  -1  -1]
 [ -1  -1  -1  -1  -1  -1  -1  -1  -1  -1  -1  -1  -1  -1  -1  -1  -1  -1  -1 255 293 332 373 415 461  -1  -1  -1  -1  -1  -1  -1  -1  -1]
 [ -1  -1  -1  -1  -1  -1  -1  -1  -1  -1  -1  -1  -1  -1  -1  -1 160 187 218 250 284 324 365 408 454 501  -1  -1  -1  -1  -1  -1  -1  -1]
 [ -1  -1  -1  -1  -1  -1  -1  -1  -1  -1  -1  -1  -1  -1 130 157 183 214 245 281 318 359 402 448 495 534  -1  -1  -1  -1  -1  -1  -1  -1]
 [ -1  -1  -1  -1  -1  -1  -1  -1  -1  -1  -1  -1  -1 106 128 152 180 209 241  -1 313 353 397 442 486 527 571  -1  -1  -1  -1  -1  -1  -1]
 [ -1  -1  -1  -1  -1  -1  -1  -1  -1  -1  -1  -1  -1 124 150 178 205 238  -1 305 346 389 431 477 519 564 608  -1  -1  -1  -1  -1  -1  -1]
 [ -1  -1  -1  -1  -1  -1  -1  -1  -1  -1  -1  -1  -1  -1 147 174 200 232  -1 300 342 383 424 472 514 555 597 642  -1  -1  -1  -1  -1  -1]
 [ -1  -1  -1  -1  -1  -1  -1  -1  -1  -1  78  98 119 143 169 198 230  -1 295 334 377 419 464 505 550 591 633 675  -1  -1  -1  -1  -1  -1]
 [ -1  -1  -1  -1  -1  -1  -1  34  45  -1  76  97 118 140 167 194 225 256 289 329 368 407 452 500 540 581 626 668 705  -1  -1  -1  -1  -1]
 [ -1  -1  -1  -1  -1  21  33  44  58  74  94 115 139 164 193 220 252 286 322 362 401 445 491 532 574 619 660 697 736  -1  -1  -1  -1  -1]
 [ -1  -1  -1  -1  12  20  32  43  57  -1  91 113 137 163 188 215 247 280 319 358 396 441 484 526 565 610 652 691 728 761  -1  -1  -1  -1]
 [ -1  -1   5  11  19  31  42  56  -1  -1 110 134 159 185 210 244 275 311 350 392 432 476 520 560 601 647 683 721 755 789  -1  -1  -1  -1]
 [ -1   0   4  10  18  30  41  55  71  89 108 132 155 182 207 237 273 307 345 387 423 471 510 552 593 634 678 714 749 781 810  -1  -1  -1]
 [  1   3   9  17  28  40  54  70  88 107 127 151 177 204 233 269 303 338 379 417 466 507 545 586 625 667 707 741 774 807 833  -1  -1  -1]
 [ -1   2   7  16  27  39  53  69  87 105 125 148 175 202 229 262 297 331 372 413 453 497 539 579 618 662 699 733 768 800 827 853  -1  -1]
 [ -1   8  15  26  38  52  66  86 104 123 146  -1 197 226 257 290 327 367 406 450 492 530 570 611 654 690 726 762 794 821 848 872  -1  -1]
 [ -1  -1  14  25  37  51  67  85 102 121 144 171 196 223 254 285 321 361 400 440 483 523 563 606 643 686 719 753 784 815 841 866 889  -1]
 [ -1  -1  24  36  50  65  83 100 120 142  -1 192 219 249 282 316 356 393 436 479 517 558 595 636 677 712 748 778 808 836 860 883 905  -1]
 [ -1  -1  -1  35  49  64  80  99 117 141 165  -1 217 246 277 310 349  -1 428 469 509 549 590 631 671 704 740 773 801 829 854 879 900 917]
 [ -1  -1  -1  48  62  79  96 116 138 162 186 212 243 274 306 341  -1  -1  -1  -1 541 580 621 659 696 732 766 795 822 849 875 895 913  -1]
 [ -1  -1  -1  -1  61  77  95 114 136 158 184 208 240 270 302 335 375 412 456 496 536 573 615 653 693 725 759 788 819 843 869 890 909  -1]
 [ -1  -1  -1  -1  75  93 112 135 156 181 206 235 264 296 333 370 405 449 490 529 566 607 646 682 717 752 782 811 837 863 885 904  -1  -1]
 [ -1  -1  -1  -1  -1  -1 111 133 154 179 203 231 261 292 328 364 399 439 482 522 557 600 639 674 711 744 775 803 830 857 878 899  -1  -1]
 [ -1  -1  -1  -1  -1  -1 129 153 176 201 228 258 288 320 360 394 435 475 513 551 589 630 666 703 735 767 796 825 851 874 893 911  -1  -1]
 [ -1  -1  -1  -1  -1  -1  -1 149 173 199 224 253 283 315 355 390 427 468 506 544 583 624 657 694 730 760 790 818 844 867 888 907  -1  -1]
 [ -1  -1  -1  -1  -1  -1  -1 170 195 222 251 279 312 348 384 420 462 499 538 575 614 651 687 723 754 783 813 839 862 882 902 918  -1  -1]
 [ -1  -1  -1  -1  -1  -1  -1 168 191 216 248 276 309 340 378 414  -1 494 531 569 605 645 681 716 747 776 806 832 856 877 897 915  -1  -1]
 [ -1  -1  -1  -1  -1  -1  -1 189 213 242 272 304  -1  -1  -1  -1  -1  -1 559 596 638 673 709 739 769 797 824 850  -1 892 910  -1  -1  -1]
 [ -1  -1  -1  -1  -1  -1  -1  -1 211 239 268 299 330 366 403 444 480 516 554 588 628 665 701 731 763 793 817 845 865 886 906  -1  -1  -1]
 [ -1  -1  -1  -1  -1  -1  -1  -1 236 265 294 326 363 395 434 474 511 546 585 620 656 692 724 757 786  -1 838 859 881 901  -1  -1  -1  -1]
 [ -1  -1  -1  -1  -1  -1  -1  -1  -1 260 291 323 357 391 426 467 504 537 577 613 650 684 718 746 780 805 831 855 876 896 912  -1  -1  -1]
 [ -1  -1  -1  -1  -1  -1  -1  -1  -1  -1  -1  -1 386 422 460 498 533 567  -1  -1 676 710 742 772 798 826 847 870 891 908  -1  -1  -1  -1]
 [ -1  -1  -1  -1  -1  -1  -1  -1  -1  -1  -1  -1  -1 416 451 489 525 562  -1  -1 670 702 734 764 792 820 842 864 884 903  -1  -1  -1  -1]
 [ -1  -1  -1  -1  -1  -1  -1  -1  -1  -1  -1  -1  -1 446 485 518 553 592 627  -1 695 727 756 787 812 835 858 880 898 914  -1  -1  -1  -1]
 [ -1  -1  -1  -1  -1  -1  -1  -1  -1  -1  -1  -1  -1  -1 478 512 548 582 617 655  -1 720 751 779 804 828 852 873 894  -1  -1  -1  -1  -1]
 [ -1  -1  -1  -1  -1  -1  -1  -1  -1  -1  -1  -1  -1 473 508 543 576 612 648 680  -1 743 771 799 823 846 868  -1  -1  -1  -1  -1  -1  -1]
 [ -1  -1  -1  -1  -1  -1  -1  -1  -1  -1  -1  -1  -1  -1 502 535 572 603 640 672 706 738 765 791 816 840 861  -1  -1  -1  -1  -1  -1  -1]
 [ -1  -1  -1  -1  -1  -1  -1  -1  -1  -1  -1  -1  -1  -1 528 561 598 632 664 698 729 758 785 809 834  -1  -1  -1  -1  -1  -1  -1  -1  -1]
 [ -1  -1  -1  -1  -1  -1  -1  -1  -1  -1  -1  -1  -1  -1  -1 556 587 623 658 689 722 750 777 802  -1  -1  -1  -1  -1  -1  -1  -1  -1  -1]
 [ -1  -1  -1  -1  -1  -1  -1  -1  -1  -1  -1  -1  -1  -1 547 584 616 649 685 715 745 770  -1  -1  -1  -1  -1  -1  -1  -1  -1  -1  -1  -1]
 [ -1  -1  -1  -1  -1  -1  -1  -1  -1  -1  -1  -1  -1  -1 542 578 609 644 679 708 737  -1  -1  -1  -1  -1  -1  -1  -1  -1  -1  -1  -1  -1]
 [ -1  -1  -1  -1  -1  -1  -1  -1  -1  -1  -1  -1  -1  -1 568 602 637 669 700  -1  -1  -1  -1  -1  -1  -1  -1  -1  -1  -1  -1  -1  -1  -1]
 [ -1  -1  -1  -1  -1  -1  -1  -1  -1  -1  -1  -1  -1  -1  -1 594 629 663  -1  -1  -1  -1  -1  -1  -1  -1  -1  -1  -1  -1  -1  -1  -1  -1]
 [ -1  -1  -1  -1  -1  -1  -1  -1  -1  -1  -1  -1  -1  -1  -1 622  -1  -1  -1  -1  -1  -1  -1  -1  -1  -1  -1  -1  -1  -1  -1  -1  -1  -1]]
   -> Island 344 Shape: (2, 2)
[[344 398]
 [354  -1]]
[Diag] Wave step complete: Added 1109 structural ears.
Wave 6
   -> Island 262 Shape: (46, 34)
[[ -1  -1  -1  -1  -1  -1  -1  -1  -1  -1  -1  -1  -1  -1  -1  -1  -1  -1  -1  -1  -1  -1 308 351  -1  -1  -1  -1  -1  -1  -1  -1  -1  -1]
 [ -1  -1  -1  -1  -1  -1  -1  -1  -1  -1  -1  -1  -1  -1  -1  -1  -1  -1  -1  -1 266 301 343 385  -1  -1  -1  -1  -1  -1  -1  -1  -1  -1]
 [ -1  -1  -1  -1  -1  -1  -1  -1  -1  -1  -1  -1  -1  -1  -1  -1  -1  -1  -1  -1 259 298 336 380 421  -1  -1  -1  -1  -1  -1  -1  -1  -1]
 [ -1  -1  -1  -1  -1  -1  -1  -1  -1  -1  -1  -1  -1  -1  -1  -1  -1 190  -1 255 293 332 373 415 461  -1  -1  -1  -1  -1  -1  -1  -1  -1]
 [ -1  -1  -1  -1  -1  -1  -1  -1  -1  -1  -1  -1  -1  -1  -1  -1 160 187 218 250 284 324 365 408 454 501  -1  -1  -1  -1  -1  -1  -1  -1]
 [ -1  -1  -1  -1  -1  -1  -1  -1  -1  -1  -1  -1  -1  -1 130 157 183 214 245 281 318 359 402 448 495 534  -1  -1  -1  -1  -1  -1  -1  -1]
 [ -1  -1  -1  -1  -1  -1  -1  -1  -1  -1  -1  -1  -1 106 128 152 180 209 241 278 313 353 397 442 486 527 571  -1  -1  -1  -1  -1  -1  -1]
 [ -1  -1  -1  -1  -1  -1  -1  -1  -1  -1  -1  -1 103 124 150 178 205 238 271 305 346 389 431 477 519 564 608  -1  -1  -1  -1  -1  -1  -1]
 [ -1  -1  -1  -1  -1  -1  -1  -1  -1  -1  -1  81 101 122 147 174 200 232 267 300 342 383 424 472 514 555 597 642  -1  -1  -1  -1  -1  -1]
 [ -1  -1  -1  -1  -1  -1  -1  -1  -1  -1  78  98 119 143 169 198 230 263 295 334 377 419 464 505 550 591 633 675  -1  -1  -1  -1  -1  -1]
 [ -1  -1  -1  -1  -1  -1  -1  34  45  -1  76  97 118 140 167 194 225 256 289 329 368 407 452 500 540 581 626 668 705  -1  -1  -1  -1  -1]
 [ -1  -1  -1  -1  -1  21  33  44  58  74  94 115 139 164 193 220 252 286 322 362 401 445 491 532 574 619 660 697 736  -1  -1  -1  -1  -1]
 [ -1  -1  -1  -1  12  20  32  43  57  73  91 113 137 163 188 215 247 280 319 358 396 441 484 526 565 610 652 691 728 761  -1  -1  -1  -1]
 [ -1  -1   5  11  19  31  42  56  72  90 110 134 159 185 210 244 275 311 350 392 432 476 520 560 601 647 683 721 755 789  -1  -1  -1  -1]
 [ -1   0   4  10  18  30  41  55  71  89 108 132 155 182 207 237 273 307 345 387 423 471 510 552 593 634 678 714 749 781 810  -1  -1  -1]
 [  1   3   9  17  28  40  54  70  88 107 127 151 177 204 233 269 303 338 379 417 466 507 545 586 625 667 707 741 774 807 833  -1  -1  -1]
 [ -1   2   7  16  27  39  53  69  87 105 125 148 175 202 229 262 297 331 372 413 453 497 539 579 618 662 699 733 768 800 827 853  -1  -1]
 [ -1   8  15  26  38  52  66  86 104 123 146 172 197 226 257 290 327 367 406 450 492 530 570 611 654 690 726 762 794 821 848 872  -1  -1]
 [ -1  -1  14  25  37  51  67  85 102 121 144 171 196 223 254 285 321 361 400 440 483 523 563 606 643 686 719 753 784 815 841 866 889  -1]
 [ -1  -1  24  36  50  65  83 100 120 142 166 192 219 249 282 316 356 393 436 479 517 558 595 636 677 712 748 778 808 836 860 883 905  -1]
 [ -1  -1  -1  35  49  64  80  99 117 141 165  -1 217 246 277 310 349 388 428 469 509 549 590 631 671 704 740 773 801 829 854 879 900 917]
 [ -1  -1  -1  48  62  79  96 116 138 162 186 212 243 274 306 341 382 418 463 503 541 580 621 659 696 732 766 795 822 849 875 895 913  -1]
 [ -1  -1  -1  -1  61  77  95 114 136 158 184 208 240 270 302 335 375 412 456 496 536 573 615 653 693 725 759 788 819 843 869 890 909  -1]
 [ -1  -1  -1  -1  75  93 112 135 156 181 206 235 264 296 333 370 405 449 490 529 566 607 646 682 717 752 782 811 837 863 885 904 919  -1]
 [ -1  -1  -1  -1  -1  92 111 133 154 179 203 231 261 292 328 364 399 439 482 522 557 600 639 674 711 744 775 803 830 857 878 899  -1  -1]
 [ -1  -1  -1  -1  -1 109 129 153 176 201 228 258 288 320 360 394 435 475 513 551 589 630 666 703 735 767 796 825 851 874 893 911  -1  -1]
 [ -1  -1  -1  -1  -1  -1 126 149 173 199 224 253 283 315 355 390 427 468 506 544 583 624 657 694 730 760 790 818 844 867 888 907  -1  -1]
 [ -1  -1  -1  -1  -1  -1 145 170 195 222 251 279 312 348 384 420 462 499 538 575 614 651 687 723 754 783 813 839 862 882 902 918  -1  -1]
 [ -1  -1  -1  -1  -1  -1  -1 168 191 216 248 276 309 340 378 414 455 494 531 569 605 645 681 716 747 776 806 832 856 877 897 915  -1  -1]
 [ -1  -1  -1  -1  -1  -1  -1 189 213 242 272 304 337 374 410 447 487 524 559 596 638 673 709 739 769 797 824 850 871 892 910  -1  -1  -1]
 [ -1  -1  -1  -1  -1  -1  -1  -1 211 239 268 299 330 366 403 444 480 516 554 588 628 665 701 731 763 793 817 845 865 886 906  -1  -1  -1]
 [ -1  -1  -1  -1  -1  -1  -1  -1 236 265 294 326 363 395 434 474 511 546 585 620 656 692 724 757 786 814 838 859 881 901 916  -1  -1  -1]
 [ -1  -1  -1  -1  -1  -1  -1  -1  -1 260 291 323 357 391 426 467 504 537 577 613 650 684 718 746 780 805 831 855 876 896 912  -1  -1  -1]
 [ -1  -1  -1  -1  -1  -1  -1  -1  -1 287 317 352 386 422 460 498 533 567 604 641 676 710 742 772 798 826 847 870 891 908  -1  -1  -1  -1]
 [ -1  -1  -1  -1  -1  -1  -1  -1  -1  -1  -1  -1 381 416 451 489 525 562 599  -1 670 702 734 764 792 820 842 864 884 903  -1  -1  -1  -1]
 [ -1  -1  -1  -1  -1  -1  -1  -1  -1  -1  -1  -1 409 446 485 518 553 592 627  -1 695 727 756 787 812 835 858 880 898 914  -1  -1  -1  -1]
 [ -1  -1  -1  -1  -1  -1  -1  -1  -1  -1  -1  -1  -1 443 478 512 548 582 617 655  -1 720 751 779 804 828 852 873 894  -1  -1  -1  -1  -1]
 [ -1  -1  -1  -1  -1  -1  -1  -1  -1  -1  -1  -1  -1 473 508 543 576 612 648 680 713 743 771 799 823 846 868 887  -1  -1  -1  -1  -1  -1]
 [ -1  -1  -1  -1  -1  -1  -1  -1  -1  -1  -1  -1  -1 465 502 535 572 603 640 672 706 738 765 791 816 840 861  -1  -1  -1  -1  -1  -1  -1]
 [ -1  -1  -1  -1  -1  -1  -1  -1  -1  -1  -1  -1  -1 493 528 561 598 632 664 698 729 758 785 809 834  -1  -1  -1  -1  -1  -1  -1  -1  -1]
 [ -1  -1  -1  -1  -1  -1  -1  -1  -1  -1  -1  -1  -1  -1 521 556 587 623 658 689 722 750 777 802  -1  -1  -1  -1  -1  -1  -1  -1  -1  -1]
 [ -1  -1  -1  -1  -1  -1  -1  -1  -1  -1  -1  -1  -1 515 547 584 616 649 685 715 745 770  -1  -1  -1  -1  -1  -1  -1  -1  -1  -1  -1  -1]
 [ -1  -1  -1  -1  -1  -1  -1  -1  -1  -1  -1  -1  -1  -1 542 578 609 644 679 708 737  -1  -1  -1  -1  -1  -1  -1  -1  -1  -1  -1  -1  -1]
 [ -1  -1  -1  -1  -1  -1  -1  -1  -1  -1  -1  -1  -1  -1 568 602 637 669 700  -1  -1  -1  -1  -1  -1  -1  -1  -1  -1  -1  -1  -1  -1  -1]
 [ -1  -1  -1  -1  -1  -1  -1  -1  -1  -1  -1  -1  -1  -1  -1 594 629 663  -1  -1  -1  -1  -1  -1  -1  -1  -1  -1  -1  -1  -1  -1  -1  -1]
 [ -1  -1  -1  -1  -1  -1  -1  -1  -1  -1  -1  -1  -1  -1  -1 622  -1  -1  -1  -1  -1  -1  -1  -1  -1  -1  -1  -1  -1  -1  -1  -1  -1  -1]]
   -> Island 344 Shape: (2, 2)
[[344 398]
 [354  -1]]
[Diag] Wave step complete: Added 810 structural ears.
Wave 7
   -> Island 262 Shape: (46, 34)
[[ -1  -1  -1  -1  -1  -1  -1  -1  -1  -1  -1  -1  -1  -1  -1  -1  -1  -1  -1  -1  -1  -1 308 351  -1  -1  -1  -1  -1  -1  -1  -1  -1  -1]
 [ -1  -1  -1  -1  -1  -1  -1  -1  -1  -1  -1  -1  -1  -1  -1  -1  -1  -1  -1  -1 266 301 343 385  -1  -1  -1  -1  -1  -1  -1  -1  -1  -1]
 [ -1  -1  -1  -1  -1  -1  -1  -1  -1  -1  -1  -1  -1  -1  -1  -1  -1  -1  -1 227 259 298 336 380 421  -1  -1  -1  -1  -1  -1  -1  -1  -1]
 [ -1  -1  -1  -1  -1  -1  -1  -1  -1  -1  -1  -1  -1  -1  -1  -1  -1 190 221 255 293 332 373 415 461  -1  -1  -1  -1  -1  -1  -1  -1  -1]
 [ -1  -1  -1  -1  -1  -1  -1  -1  -1  -1  -1  -1  -1  -1  -1  -1 160 187 218 250 284 324 365 408 454 501  -1  -1  -1  -1  -1  -1  -1  -1]
 [ -1  -1  -1  -1  -1  -1  -1  -1  -1  -1  -1  -1  -1  -1 130 157 183 214 245 281 318 359 402 448 495 534  -1  -1  -1  -1  -1  -1  -1  -1]
 [ -1  -1  -1  -1  -1  -1  -1  -1  -1  -1  -1  -1  -1 106 128 152 180 209 241 278 313 353 397 442 486 527 571  -1  -1  -1  -1  -1  -1  -1]
 [ -1  -1  -1  -1  -1  -1  -1  -1  -1  -1  -1  -1 103 124 150 178 205 238 271 305 346 389 431 477 519 564 608  -1  -1  -1  -1  -1  -1  -1]
 [ -1  -1  -1  -1  -1  -1  -1  -1  -1  -1  63  81 101 122 147 174 200 232 267 300 342 383 424 472 514 555 597 642  -1  -1  -1  -1  -1  -1]
 [ -1  -1  -1  -1  -1  -1  -1  -1  -1  60  78  98 119 143 169 198 230 263 295 334 377 419 464 505 550 591 633 675  -1  -1  -1  -1  -1  -1]
 [ -1  -1  -1  -1  -1  -1  -1  34  45  59  76  97 118 140 167 194 225 256 289 329 368 407 452 500 540 581 626 668 705  -1  -1  -1  -1  -1]
 [ -1  -1  -1  -1  -1  21  33  44  58  74  94 115 139 164 193 220 252 286 322 362 401 445 491 532 574 619 660 697 736  -1  -1  -1  -1  -1]
 [ -1  -1  -1  -1  12  20  32  43  57  73  91 113 137 163 188 215 247 280 319 358 396 441 484 526 565 610 652 691 728 761  -1  -1  -1  -1]
 [ -1  -1   5  11  19  31  42  56  72  90 110 134 159 185 210 244 275 311 350 392 432 476 520 560 601 647 683 721 755 789  -1  -1  -1  -1]
 [ -1   0   4  10  18  30  41  55  71  89 108 132 155 182 207 237 273 307 345 387 423 471 510 552 593 634 678 714 749 781 810  -1  -1  -1]
 [  1   3   9  17  28  40  54  70  88 107 127 151 177 204 233 269 303 338 379 417 466 507 545 586 625 667 707 741 774 807 833  -1  -1  -1]
 [ -1   2   7  16  27  39  53  69  87 105 125 148 175 202 229 262 297 331 372 413 453 497 539 579 618 662 699 733 768 800 827 853  -1  -1]
 [ -1   8  15  26  38  52  66  86 104 123 146 172 197 226 257 290 327 367 406 450 492 530 570 611 654 690 726 762 794 821 848 872  -1  -1]
 [ -1  -1  14  25  37  51  67  85 102 121 144 171 196 223 254 285 321 361 400 440 483 523 563 606 643 686 719 753 784 815 841 866 889  -1]
 [ -1  -1  24  36  50  65  83 100 120 142 166 192 219 249 282 316 356 393 436 479 517 558 595 636 677 712 748 778 808 836 860 883 905  -1]
 [ -1  -1  -1  35  49  64  80  99 117 141 165  -1 217 246 277 310 349 388 428 469 509 549 590 631 671 704 740 773 801 829 854 879 900 917]
 [ -1  -1  -1  48  62  79  96 116 138 162 186 212 243 274 306 341 382 418 463 503 541 580 621 659 696 732 766 795 822 849 875 895 913  -1]
 [ -1  -1  -1  -1  61  77  95 114 136 158 184 208 240 270 302 335 375 412 456 496 536 573 615 653 693 725 759 788 819 843 869 890 909  -1]
 [ -1  -1  -1  -1  75  93 112 135 156 181 206 235 264 296 333 370 405 449 490 529 566 607 646 682 717 752 782 811 837 863 885 904 919  -1]
 [ -1  -1  -1  -1  -1  92 111 133 154 179 203 231 261 292 328 364 399 439 482 522 557 600 639 674 711 744 775 803 830 857 878 899  -1  -1]
 [ -1  -1  -1  -1  -1 109 129 153 176 201 228 258 288 320 360 394 435 475 513 551 589 630 666 703 735 767 796 825 851 874 893 911  -1  -1]
 [ -1  -1  -1  -1  -1  -1 126 149 173 199 224 253 283 315 355 390 427 468 506 544 583 624 657 694 730 760 790 818 844 867 888 907  -1  -1]
 [ -1  -1  -1  -1  -1  -1 145 170 195 222 251 279 312 348 384 420 462 499 538 575 614 651 687 723 754 783 813 839 862 882 902 918  -1  -1]
 [ -1  -1  -1  -1  -1  -1  -1 168 191 216 248 276 309 340 378 414 455 494 531 569 605 645 681 716 747 776 806 832 856 877 897 915  -1  -1]
 [ -1  -1  -1  -1  -1  -1  -1 189 213 242 272 304 337 374 410 447 487 524 559 596 638 673 709 739 769 797 824 850 871 892 910  -1  -1  -1]
 [ -1  -1  -1  -1  -1  -1  -1  -1 211 239 268 299 330 366 403 444 480 516 554 588 628 665 701 731 763 793 817 845 865 886 906  -1  -1  -1]
 [ -1  -1  -1  -1  -1  -1  -1  -1 236 265 294 326 363 395 434 474 511 546 585 620 656 692 724 757 786 814 838 859 881 901 916  -1  -1  -1]
 [ -1  -1  -1  -1  -1  -1  -1  -1  -1 260 291 323 357 391 426 467 504 537 577 613 650 684 718 746 780 805 831 855 876 896 912  -1  -1  -1]
 [ -1  -1  -1  -1  -1  -1  -1  -1  -1 287 317 352 386 422 460 498 533 567 604 641 676 710 742 772 798 826 847 870 891 908  -1  -1  -1  -1]
 [ -1  -1  -1  -1  -1  -1  -1  -1  -1  -1  -1  -1 381 416 451 489 525 562 599 635 670 702 734 764 792 820 842 864 884 903  -1  -1  -1  -1]
 [ -1  -1  -1  -1  -1  -1  -1  -1  -1  -1  -1  -1 409 446 485 518 553 592 627 661 695 727 756 787 812 835 858 880 898 914  -1  -1  -1  -1]
 [ -1  -1  -1  -1  -1  -1  -1  -1  -1  -1  -1  -1  -1 443 478 512 548 582 617 655 688 720 751 779 804 828 852 873 894  -1  -1  -1  -1  -1]
 [ -1  -1  -1  -1  -1  -1  -1  -1  -1  -1  -1  -1 433 473 508 543 576 612 648 680 713 743 771 799 823 846 868 887  -1  -1  -1  -1  -1  -1]
 [ -1  -1  -1  -1  -1  -1  -1  -1  -1  -1  -1  -1  -1 465 502 535 572 603 640 672 706 738 765 791 816 840 861  -1  -1  -1  -1  -1  -1  -1]
 [ -1  -1  -1  -1  -1  -1  -1  -1  -1  -1  -1  -1  -1 493 528 561 598 632 664 698 729 758 785 809 834  -1  -1  -1  -1  -1  -1  -1  -1  -1]
 [ -1  -1  -1  -1  -1  -1  -1  -1  -1  -1  -1  -1  -1  -1 521 556 587 623 658 689 722 750 777 802  -1  -1  -1  -1  -1  -1  -1  -1  -1  -1]
 [ -1  -1  -1  -1  -1  -1  -1  -1  -1  -1  -1  -1  -1 515 547 584 616 649 685 715 745 770  -1  -1  -1  -1  -1  -1  -1  -1  -1  -1  -1  -1]
 [ -1  -1  -1  -1  -1  -1  -1  -1  -1  -1  -1  -1  -1  -1 542 578 609 644 679 708 737  -1  -1  -1  -1  -1  -1  -1  -1  -1  -1  -1  -1  -1]
 [ -1  -1  -1  -1  -1  -1  -1  -1  -1  -1  -1  -1  -1  -1 568 602 637 669 700  -1  -1  -1  -1  -1  -1  -1  -1  -1  -1  -1  -1  -1  -1  -1]
 [ -1  -1  -1  -1  -1  -1  -1  -1  -1  -1  -1  -1  -1  -1  -1 594 629 663  -1  -1  -1  -1  -1  -1  -1  -1  -1  -1  -1  -1  -1  -1  -1  -1]
 [ -1  -1  -1  -1  -1  -1  -1  -1  -1  -1  -1  -1  -1  -1  -1 622  -1  -1  -1  -1  -1  -1  -1  -1  -1  -1  -1  -1  -1  -1  -1  -1  -1  -1]]
   -> Island 344 Shape: (2, 2)
[[344 398]
 [354  -1]]
[Diag] Wave step complete: Added 452 structural ears.
Wave 8
   -> Island 262 Shape: (46, 34)
[[ -1  -1  -1  -1  -1  -1  -1  -1  -1  -1  -1  -1  -1  -1  -1  -1  -1  -1  -1  -1  -1  -1 308 351  -1  -1  -1  -1  -1  -1  -1  -1  -1  -1]
 [ -1  -1  -1  -1  -1  -1  -1  -1  -1  -1  -1  -1  -1  -1  -1  -1  -1  -1  -1  -1 266 301 343 385  -1  -1  -1  -1  -1  -1  -1  -1  -1  -1]
 [ -1  -1  -1  -1  -1  -1  -1  -1  -1  -1  -1  -1  -1  -1  -1  -1  -1  -1  -1 227 259 298 336 380 421  -1  -1  -1  -1  -1  -1  -1  -1  -1]
 [ -1  -1  -1  -1  -1  -1  -1  -1  -1  -1  -1  -1  -1  -1  -1  -1  -1 190 221 255 293 332 373 415 461  -1  -1  -1  -1  -1  -1  -1  -1  -1]
 [ -1  -1  -1  -1  -1  -1  -1  -1  -1  -1  -1  -1  -1  -1  -1  -1 160 187 218 250 284 324 365 408 454 501  -1  -1  -1  -1  -1  -1  -1  -1]
 [ -1  -1  -1  -1  -1  -1  -1  -1  -1  -1  -1  -1  -1  -1 130 157 183 214 245 281 318 359 402 448 495 534  -1  -1  -1  -1  -1  -1  -1  -1]
 [ -1  -1  -1  -1  -1  -1  -1  -1  -1  -1  -1  -1  -1 106 128 152 180 209 241 278 313 353 397 442 486 527 571  -1  -1  -1  -1  -1  -1  -1]
 [ -1  -1  -1  -1  -1  -1  -1  -1  -1  -1  -1  84 103 124 150 178 205 238 271 305 346 389 431 477 519 564 608  -1  -1  -1  -1  -1  -1  -1]
 [ -1  -1  -1  -1  -1  -1  -1  -1  -1  -1  63  81 101 122 147 174 200 232 267 300 342 383 424 472 514 555 597 642  -1  -1  -1  -1  -1  -1]
 [ -1  -1  -1  -1  -1  -1  -1  -1  46  60  78  98 119 143 169 198 230 263 295 334 377 419 464 505 550 591 633 675  -1  -1  -1  -1  -1  -1]
 [ -1  -1  -1  -1  -1  -1  -1  34  45  59  76  97 118 140 167 194 225 256 289 329 368 407 452 500 540 581 626 668 705  -1  -1  -1  -1  -1]
 [ -1  -1  -1  -1  -1  21  33  44  58  74  94 115 139 164 193 220 252 286 322 362 401 445 491 532 574 619 660 697 736  -1  -1  -1  -1  -1]
 [ -1  -1  -1  -1  12  20  32  43  57  73  91 113 137 163 188 215 247 280 319 358 396 441 484 526 565 610 652 691 728 761  -1  -1  -1  -1]
 [ -1  -1   5  11  19  31  42  56  72  90 110 134 159 185 210 244 275 311 350 392 432 476 520 560 601 647 683 721 755 789  -1  -1  -1  -1]
 [ -1   0   4  10  18  30  41  55  71  89 108 132 155 182 207 237 273 307 345 387 423 471 510 552 593 634 678 714 749 781 810  -1  -1  -1]
 [  1   3   9  17  28  40  54  70  88 107 127 151 177 204 233 269 303 338 379 417 466 507 545 586 625 667 707 741 774 807 833  -1  -1  -1]
 [ -1   2   7  16  27  39  53  69  87 105 125 148 175 202 229 262 297 331 372 413 453 497 539 579 618 662 699 733 768 800 827 853  -1  -1]
 [ -1   8  15  26  38  52  66  86 104 123 146 172 197 226 257 290 327 367 406 450 492 530 570 611 654 690 726 762 794 821 848 872  -1  -1]
 [ -1  -1  14  25  37  51  67  85 102 121 144 171 196 223 254 285 321 361 400 440 483 523 563 606 643 686 719 753 784 815 841 866 889  -1]
 [ -1  -1  24  36  50  65  83 100 120 142 166 192 219 249 282 316 356 393 436 479 517 558 595 636 677 712 748 778 808 836 860 883 905  -1]
 [ -1  -1  -1  35  49  64  80  99 117 141 165  -1 217 246 277 310 349 388 428 469 509 549 590 631 671 704 740 773 801 829 854 879 900 917]
 [ -1  -1  -1  48  62  79  96 116 138 162 186 212 243 274 306 341 382 418 463 503 541 580 621 659 696 732 766 795 822 849 875 895 913  -1]
 [ -1  -1  -1  -1  61  77  95 114 136 158 184 208 240 270 302 335 375 412 456 496 536 573 615 653 693 725 759 788 819 843 869 890 909  -1]
 [ -1  -1  -1  -1  75  93 112 135 156 181 206 235 264 296 333 370 405 449 490 529 566 607 646 682 717 752 782 811 837 863 885 904 919  -1]
 [ -1  -1  -1  -1  -1  92 111 133 154 179 203 231 261 292 328 364 399 439 482 522 557 600 639 674 711 744 775 803 830 857 878 899  -1  -1]
 [ -1  -1  -1  -1  -1 109 129 153 176 201 228 258 288 320 360 394 435 475 513 551 589 630 666 703 735 767 796 825 851 874 893 911  -1  -1]
 [ -1  -1  -1  -1  -1  -1 126 149 173 199 224 253 283 315 355 390 427 468 506 544 583 624 657 694 730 760 790 818 844 867 888 907  -1  -1]
 [ -1  -1  -1  -1  -1  -1 145 170 195 222 251 279 312 348 384 420 462 499 538 575 614 651 687 723 754 783 813 839 862 882 902 918  -1  -1]
 [ -1  -1  -1  -1  -1  -1  -1 168 191 216 248 276 309 340 378 414 455 494 531 569 605 645 681 716 747 776 806 832 856 877 897 915  -1  -1]
 [ -1  -1  -1  -1  -1  -1  -1 189 213 242 272 304 337 374 410 447 487 524 559 596 638 673 709 739 769 797 824 850 871 892 910  -1  -1  -1]
 [ -1  -1  -1  -1  -1  -1  -1  -1 211 239 268 299 330 366 403 444 480 516 554 588 628 665 701 731 763 793 817 845 865 886 906  -1  -1  -1]
 [ -1  -1  -1  -1  -1  -1  -1  -1 236 265 294 326 363 395 434 474 511 546 585 620 656 692 724 757 786 814 838 859 881 901 916  -1  -1  -1]
 [ -1  -1  -1  -1  -1  -1  -1  -1  -1 260 291 323 357 391 426 467 504 537 577 613 650 684 718 746 780 805 831 855 876 896 912  -1  -1  -1]
 [ -1  -1  -1  -1  -1  -1  -1  -1  -1 287 317 352 386 422 460 498 533 567 604 641 676 710 742 772 798 826 847 870 891 908  -1  -1  -1  -1]
 [ -1  -1  -1  -1  -1  -1  -1  -1  -1  -1 314 347 381 416 451 489 525 562 599 635 670 702 734 764 792 820 842 864 884 903  -1  -1  -1  -1]
 [ -1  -1  -1  -1  -1  -1  -1  -1  -1  -1  -1 376 409 446 485 518 553 592 627 661 695 727 756 787 812 835 858 880 898 914  -1  -1  -1  -1]
 [ -1  -1  -1  -1  -1  -1  -1  -1  -1  -1  -1  -1 404 443 478 512 548 582 617 655 688 720 751 779 804 828 852 873 894  -1  -1  -1  -1  -1]
 [ -1  -1  -1  -1  -1  -1  -1  -1  -1  -1  -1  -1 433 473 508 543 576 612 648 680 713 743 771 799 823 846 868 887  -1  -1  -1  -1  -1  -1]
 [ -1  -1  -1  -1  -1  -1  -1  -1  -1  -1  -1  -1 429 465 502 535 572 603 640 672 706 738 765 791 816 840 861  -1  -1  -1  -1  -1  -1  -1]
 [ -1  -1  -1  -1  -1  -1  -1  -1  -1  -1  -1  -1 457 493 528 561 598 632 664 698 729 758 785 809 834  -1  -1  -1  -1  -1  -1  -1  -1  -1]
 [ -1  -1  -1  -1  -1  -1  -1  -1  -1  -1  -1  -1  -1 488 521 556 587 623 658 689 722 750 777 802  -1  -1  -1  -1  -1  -1  -1  -1  -1  -1]
 [ -1  -1  -1  -1  -1  -1  -1  -1  -1  -1  -1  -1  -1 515 547 584 616 649 685 715 745 770  -1  -1  -1  -1  -1  -1  -1  -1  -1  -1  -1  -1]
 [ -1  -1  -1  -1  -1  -1  -1  -1  -1  -1  -1  -1  -1  -1 542 578 609 644 679 708 737  -1  -1  -1  -1  -1  -1  -1  -1  -1  -1  -1  -1  -1]
 [ -1  -1  -1  -1  -1  -1  -1  -1  -1  -1  -1  -1  -1  -1 568 602 637 669 700  -1  -1  -1  -1  -1  -1  -1  -1  -1  -1  -1  -1  -1  -1  -1]
 [ -1  -1  -1  -1  -1  -1  -1  -1  -1  -1  -1  -1  -1  -1  -1 594 629 663  -1  -1  -1  -1  -1  -1  -1  -1  -1  -1  -1  -1  -1  -1  -1  -1]
 [ -1  -1  -1  -1  -1  -1  -1  -1  -1  -1  -1  -1  -1  -1  -1 622  -1  -1  -1  -1  -1  -1  -1  -1  -1  -1  -1  -1  -1  -1  -1  -1  -1  -1]]
   -> Island 344 Shape: (2, 2)
[[344 398]
 [354  -1]]
[Diag] Wave step complete: Added 196 structural ears.
Wave 9
   -> Island 262 Shape: (46, 34)
[[ -1  -1  -1  -1  -1  -1  -1  -1  -1  -1  -1  -1  -1  -1  -1  -1  -1  -1  -1  -1  -1  -1 308 351  -1  -1  -1  -1  -1  -1  -1  -1  -1  -1]
 [ -1  -1  -1  -1  -1  -1  -1  -1  -1  -1  -1  -1  -1  -1  -1  -1  -1  -1  -1  -1 266 301 343 385  -1  -1  -1  -1  -1  -1  -1  -1  -1  -1]
 [ -1  -1  -1  -1  -1  -1  -1  -1  -1  -1  -1  -1  -1  -1  -1  -1  -1  -1  -1 227 259 298 336 380 421  -1  -1  -1  -1  -1  -1  -1  -1  -1]
 [ -1  -1  -1  -1  -1  -1  -1  -1  -1  -1  -1  -1  -1  -1  -1  -1  -1 190 221 255 293 332 373 415 461  -1  -1  -1  -1  -1  -1  -1  -1  -1]
 [ -1  -1  -1  -1  -1  -1  -1  -1  -1  -1  -1  -1  -1  -1  -1  -1 160 187 218 250 284 324 365 408 454 501  -1  -1  -1  -1  -1  -1  -1  -1]
 [ -1  -1  -1  -1  -1  -1  -1  -1  -1  -1  -1  -1  -1  -1 130 157 183 214 245 281 318 359 402 448 495 534  -1  -1  -1  -1  -1  -1  -1  -1]
 [ -1  -1  -1  -1  -1  -1  -1  -1  -1  -1  -1  -1  -1 106 128 152 180 209 241 278 313 353 397 442 486 527 571  -1  -1  -1  -1  -1  -1  -1]
 [ -1  -1  -1  -1  -1  -1  -1  -1  -1  -1  -1  84 103 124 150 178 205 238 271 305 346 389 431 477 519 564 608  -1  -1  -1  -1  -1  -1  -1]
 [ -1  -1  -1  -1  -1  -1  -1  -1  -1  -1  63  81 101 122 147 174 200 232 267 300 342 383 424 472 514 555 597 642  -1  -1  -1  -1  -1  -1]
 [ -1  -1  -1  -1  -1  -1  -1  -1  46  60  78  98 119 143 169 198 230 263 295 334 377 419 464 505 550 591 633 675  -1  -1  -1  -1  -1  -1]
 [ -1  -1  -1  -1  -1  -1  -1  34  45  59  76  97 118 140 167 194 225 256 289 329 368 407 452 500 540 581 626 668 705  -1  -1  -1  -1  -1]
 [ -1  -1  -1  -1  -1  21  33  44  58  74  94 115 139 164 193 220 252 286 322 362 401 445 491 532 574 619 660 697 736  -1  -1  -1  -1  -1]
 [ -1  -1  -1  -1  12  20  32  43  57  73  91 113 137 163 188 215 247 280 319 358 396 441 484 526 565 610 652 691 728 761  -1  -1  -1  -1]
 [ -1  -1   5  11  19  31  42  56  72  90 110 134 159 185 210 244 275 311 350 392 432 476 520 560 601 647 683 721 755 789  -1  -1  -1  -1]
 [ -1   0   4  10  18  30  41  55  71  89 108 132 155 182 207 237 273 307 345 387 423 471 510 552 593 634 678 714 749 781 810  -1  -1  -1]
 [  1   3   9  17  28  40  54  70  88 107 127 151 177 204 233 269 303 338 379 417 466 507 545 586 625 667 707 741 774 807 833  -1  -1  -1]
 [ -1   2   7  16  27  39  53  69  87 105 125 148 175 202 229 262 297 331 372 413 453 497 539 579 618 662 699 733 768 800 827 853  -1  -1]
 [ -1   8  15  26  38  52  66  86 104 123 146 172 197 226 257 290 327 367 406 450 492 530 570 611 654 690 726 762 794 821 848 872  -1  -1]
 [ -1  -1  14  25  37  51  67  85 102 121 144 171 196 223 254 285 321 361 400 440 483 523 563 606 643 686 719 753 784 815 841 866 889  -1]
 [ -1  -1  24  36  50  65  83 100 120 142 166 192 219 249 282 316 356 393 436 479 517 558 595 636 677 712 748 778 808 836 860 883 905  -1]
 [ -1  -1  -1  35  49  64  80  99 117 141 165  -1 217 246 277 310 349 388 428 469 509 549 590 631 671 704 740 773 801 829 854 879 900 917]
 [ -1  -1  -1  48  62  79  96 116 138 162 186 212 243 274 306 341 382 418 463 503 541 580 621 659 696 732 766 795 822 849 875 895 913  -1]
 [ -1  -1  -1  -1  61  77  95 114 136 158 184 208 240 270 302 335 375 412 456 496 536 573 615 653 693 725 759 788 819 843 869 890 909  -1]
 [ -1  -1  -1  -1  75  93 112 135 156 181 206 235 264 296 333 370 405 449 490 529 566 607 646 682 717 752 782 811 837 863 885 904 919  -1]
 [ -1  -1  -1  -1  -1  92 111 133 154 179 203 231 261 292 328 364 399 439 482 522 557 600 639 674 711 744 775 803 830 857 878 899  -1  -1]
 [ -1  -1  -1  -1  -1 109 129 153 176 201 228 258 288 320 360 394 435 475 513 551 589 630 666 703 735 767 796 825 851 874 893 911  -1  -1]
 [ -1  -1  -1  -1  -1  -1 126 149 173 199 224 253 283 315 355 390 427 468 506 544 583 624 657 694 730 760 790 818 844 867 888 907  -1  -1]
 [ -1  -1  -1  -1  -1  -1 145 170 195 222 251 279 312 348 384 420 462 499 538 575 614 651 687 723 754 783 813 839 862 882 902 918  -1  -1]
 [ -1  -1  -1  -1  -1  -1  -1 168 191 216 248 276 309 340 378 414 455 494 531 569 605 645 681 716 747 776 806 832 856 877 897 915  -1  -1]
 [ -1  -1  -1  -1  -1  -1  -1 189 213 242 272 304 337 374 410 447 487 524 559 596 638 673 709 739 769 797 824 850 871 892 910  -1  -1  -1]
 [ -1  -1  -1  -1  -1  -1  -1  -1 211 239 268 299 330 366 403 444 480 516 554 588 628 665 701 731 763 793 817 845 865 886 906  -1  -1  -1]
 [ -1  -1  -1  -1  -1  -1  -1  -1 236 265 294 326 363 395 434 474 511 546 585 620 656 692 724 757 786 814 838 859 881 901 916  -1  -1  -1]
 [ -1  -1  -1  -1  -1  -1  -1  -1  -1 260 291 323 357 391 426 467 504 537 577 613 650 684 718 746 780 805 831 855 876 896 912  -1  -1  -1]
 [ -1  -1  -1  -1  -1  -1  -1  -1  -1 287 317 352 386 422 460 498 533 567 604 641 676 710 742 772 798 826 847 870 891 908  -1  -1  -1  -1]
 [ -1  -1  -1  -1  -1  -1  -1  -1  -1  -1 314 347 381 416 451 489 525 562 599 635 670 702 734 764 792 820 842 864 884 903  -1  -1  -1  -1]
 [ -1  -1  -1  -1  -1  -1  -1  -1  -1  -1  -1 376 409 446 485 518 553 592 627 661 695 727 756 787 812 835 858 880 898 914  -1  -1  -1  -1]
 [ -1  -1  -1  -1  -1  -1  -1  -1  -1  -1  -1  -1 404 443 478 512 548 582 617 655 688 720 751 779 804 828 852 873 894  -1  -1  -1  -1  -1]
 [ -1  -1  -1  -1  -1  -1  -1  -1  -1  -1 344 398 433 473 508 543 576 612 648 680 713 743 771 799 823 846 868 887  -1  -1  -1  -1  -1  -1]
 [ -1  -1  -1  -1  -1  -1  -1  -1  -1  -1  -1 354 429 465 502 535 572 603 640 672 706 738 765 791 816 840 861  -1  -1  -1  -1  -1  -1  -1]
 [ -1  -1  -1  -1  -1  -1  -1  -1  -1  -1  -1  -1 457 493 528 561 598 632 664 698 729 758 785 809 834  -1  -1  -1  -1  -1  -1  -1  -1  -1]
 [ -1  -1  -1  -1  -1  -1  -1  -1  -1  -1  -1  -1  -1 488 521 556 587 623 658 689 722 750 777 802  -1  -1  -1  -1  -1  -1  -1  -1  -1  -1]
 [ -1  -1  -1  -1  -1  -1  -1  -1  -1  -1  -1  -1  -1 515 547 584 616 649 685 715 745 770  -1  -1  -1  -1  -1  -1  -1  -1  -1  -1  -1  -1]
 [ -1  -1  -1  -1  -1  -1  -1  -1  -1  -1  -1  -1  -1  -1 542 578 609 644 679 708 737  -1  -1  -1  -1  -1  -1  -1  -1  -1  -1  -1  -1  -1]
 [ -1  -1  -1  -1  -1  -1  -1  -1  -1  -1  -1  -1  -1  -1 568 602 637 669 700  -1  -1  -1  -1  -1  -1  -1  -1  -1  -1  -1  -1  -1  -1  -1]
 [ -1  -1  -1  -1  -1  -1  -1  -1  -1  -1  -1  -1  -1  -1  -1 594 629 663  -1  -1  -1  -1  -1  -1  -1  -1  -1  -1  -1  -1  -1  -1  -1  -1]
 [ -1  -1  -1  -1  -1  -1  -1  -1  -1  -1  -1  -1  -1  -1  -1 622  -1  -1  -1  -1  -1  -1  -1  -1  -1  -1  -1  -1  -1  -1  -1  -1  -1  -1]]
[Diag] Wave step complete: Added 45 structural ears.
Wave 10
   -> Island 262 Shape: (46, 34)
[[ -1  -1  -1  -1  -1  -1  -1  -1  -1  -1  -1  -1  -1  -1  -1  -1  -1  -1  -1  -1  -1  -1 308 351  -1  -1  -1  -1  -1  -1  -1  -1  -1  -1]
 [ -1  -1  -1  -1  -1  -1  -1  -1  -1  -1  -1  -1  -1  -1  -1  -1  -1  -1  -1  -1 266 301 343 385  -1  -1  -1  -1  -1  -1  -1  -1  -1  -1]
 [ -1  -1  -1  -1  -1  -1  -1  -1  -1  -1  -1  -1  -1  -1  -1  -1  -1  -1  -1 227 259 298 336 380 421  -1  -1  -1  -1  -1  -1  -1  -1  -1]
 [ -1  -1  -1  -1  -1  -1  -1  -1  -1  -1  -1  -1  -1  -1  -1  -1  -1 190 221 255 293 332 373 415 461  -1  -1  -1  -1  -1  -1  -1  -1  -1]
 [ -1  -1  -1  -1  -1  -1  -1  -1  -1  -1  -1  -1  -1  -1  -1  -1 160 187 218 250 284 324 365 408 454 501  -1  -1  -1  -1  -1  -1  -1  -1]
 [ -1  -1  -1  -1  -1  -1  -1  -1  -1  -1  -1  -1  -1  -1 130 157 183 214 245 281 318 359 402 448 495 534  -1  -1  -1  -1  -1  -1  -1  -1]
 [ -1  -1  -1  -1  -1  -1  -1  -1  -1  -1  -1  -1  -1 106 128 152 180 209 241 278 313 353 397 442 486 527 571  -1  -1  -1  -1  -1  -1  -1]
 [ -1  -1  -1  -1  -1  -1  -1  -1  -1  -1  -1  84 103 124 150 178 205 238 271 305 346 389 431 477 519 564 608  -1  -1  -1  -1  -1  -1  -1]
 [ -1  -1  -1  -1  -1  -1  -1  -1  -1  -1  63  81 101 122 147 174 200 232 267 300 342 383 424 472 514 555 597 642  -1  -1  -1  -1  -1  -1]
 [ -1  -1  -1  -1  -1  -1  -1  -1  46  60  78  98 119 143 169 198 230 263 295 334 377 419 464 505 550 591 633 675  -1  -1  -1  -1  -1  -1]
 [ -1  -1  -1  -1  -1  -1  -1  34  45  59  76  97 118 140 167 194 225 256 289 329 368 407 452 500 540 581 626 668 705  -1  -1  -1  -1  -1]
 [ -1  -1  -1  -1  -1  21  33  44  58  74  94 115 139 164 193 220 252 286 322 362 401 445 491 532 574 619 660 697 736  -1  -1  -1  -1  -1]
 [ -1  -1  -1  -1  12  20  32  43  57  73  91 113 137 163 188 215 247 280 319 358 396 441 484 526 565 610 652 691 728 761  -1  -1  -1  -1]
 [ -1  -1   5  11  19  31  42  56  72  90 110 134 159 185 210 244 275 311 350 392 432 476 520 560 601 647 683 721 755 789  -1  -1  -1  -1]
 [ -1   0   4  10  18  30  41  55  71  89 108 132 155 182 207 237 273 307 345 387 423 471 510 552 593 634 678 714 749 781 810  -1  -1  -1]
 [  1   3   9  17  28  40  54  70  88 107 127 151 177 204 233 269 303 338 379 417 466 507 545 586 625 667 707 741 774 807 833  -1  -1  -1]
 [ -1   2   7  16  27  39  53  69  87 105 125 148 175 202 229 262 297 331 372 413 453 497 539 579 618 662 699 733 768 800 827 853  -1  -1]
 [ -1   8  15  26  38  52  66  86 104 123 146 172 197 226 257 290 327 367 406 450 492 530 570 611 654 690 726 762 794 821 848 872  -1  -1]
 [ -1  -1  14  25  37  51  67  85 102 121 144 171 196 223 254 285 321 361 400 440 483 523 563 606 643 686 719 753 784 815 841 866 889  -1]
 [ -1  -1  24  36  50  65  83 100 120 142 166 192 219 249 282 316 356 393 436 479 517 558 595 636 677 712 748 778 808 836 860 883 905  -1]
 [ -1  -1  -1  35  49  64  80  99 117 141 165  -1 217 246 277 310 349 388 428 469 509 549 590 631 671 704 740 773 801 829 854 879 900 917]
 [ -1  -1  -1  48  62  79  96 116 138 162 186 212 243 274 306 341 382 418 463 503 541 580 621 659 696 732 766 795 822 849 875 895 913  -1]
 [ -1  -1  -1  -1  61  77  95 114 136 158 184 208 240 270 302 335 375 412 456 496 536 573 615 653 693 725 759 788 819 843 869 890 909  -1]
 [ -1  -1  -1  -1  75  93 112 135 156 181 206 235 264 296 333 370 405 449 490 529 566 607 646 682 717 752 782 811 837 863 885 904 919  -1]
 [ -1  -1  -1  -1  -1  92 111 133 154 179 203 231 261 292 328 364 399 439 482 522 557 600 639 674 711 744 775 803 830 857 878 899  -1  -1]
 [ -1  -1  -1  -1  -1 109 129 153 176 201 228 258 288 320 360 394 435 475 513 551 589 630 666 703 735 767 796 825 851 874 893 911  -1  -1]
 [ -1  -1  -1  -1  -1  -1 126 149 173 199 224 253 283 315 355 390 427 468 506 544 583 624 657 694 730 760 790 818 844 867 888 907  -1  -1]
 [ -1  -1  -1  -1  -1  -1 145 170 195 222 251 279 312 348 384 420 462 499 538 575 614 651 687 723 754 783 813 839 862 882 902 918  -1  -1]
 [ -1  -1  -1  -1  -1  -1  -1 168 191 216 248 276 309 340 378 414 455 494 531 569 605 645 681 716 747 776 806 832 856 877 897 915  -1  -1]
 [ -1  -1  -1  -1  -1  -1  -1 189 213 242 272 304 337 374 410 447 487 524 559 596 638 673 709 739 769 797 824 850 871 892 910  -1  -1  -1]
 [ -1  -1  -1  -1  -1  -1  -1  -1 211 239 268 299 330 366 403 444 480 516 554 588 628 665 701 731 763 793 817 845 865 886 906  -1  -1  -1]
 [ -1  -1  -1  -1  -1  -1  -1  -1 236 265 294 326 363 395 434 474 511 546 585 620 656 692 724 757 786 814 838 859 881 901 916  -1  -1  -1]
 [ -1  -1  -1  -1  -1  -1  -1  -1  -1 260 291 323 357 391 426 467 504 537 577 613 650 684 718 746 780 805 831 855 876 896 912  -1  -1  -1]
 [ -1  -1  -1  -1  -1  -1  -1  -1  -1 287 317 352 386 422 460 498 533 567 604 641 676 710 742 772 798 826 847 870 891 908  -1  -1  -1  -1]
 [ -1  -1  -1  -1  -1  -1  -1  -1  -1  -1 314 347 381 416 451 489 525 562 599 635 670 702 734 764 792 820 842 864 884 903  -1  -1  -1  -1]
 [ -1  -1  -1  -1  -1  -1  -1  -1  -1  -1 339 376 409 446 485 518 553 592 627 661 695 727 756 787 812 835 858 880 898 914  -1  -1  -1  -1]
 [ -1  -1  -1  -1  -1  -1  -1  -1  -1  -1  -1 369 404 443 478 512 548 582 617 655 688 720 751 779 804 828 852 873 894  -1  -1  -1  -1  -1]
 [ -1  -1  -1  -1  -1  -1  -1  -1  -1  -1 344 398 433 473 508 543 576 612 648 680 713 743 771 799 823 846 868 887  -1  -1  -1  -1  -1  -1]
 [ -1  -1  -1  -1  -1  -1  -1  -1  -1  -1  -1 354 429 465 502 535 572 603 640 672 706 738 765 791 816 840 861  -1  -1  -1  -1  -1  -1  -1]
 [ -1  -1  -1  -1  -1  -1  -1  -1  -1  -1  -1  -1 457 493 528 561 598 632 664 698 729 758 785 809 834  -1  -1  -1  -1  -1  -1  -1  -1  -1]
 [ -1  -1  -1  -1  -1  -1  -1  -1  -1  -1  -1  -1  -1 488 521 556 587 623 658 689 722 750 777 802  -1  -1  -1  -1  -1  -1  -1  -1  -1  -1]
 [ -1  -1  -1  -1  -1  -1  -1  -1  -1  -1  -1  -1  -1 515 547 584 616 649 685 715 745 770  -1  -1  -1  -1  -1  -1  -1  -1  -1  -1  -1  -1]
 [ -1  -1  -1  -1  -1  -1  -1  -1  -1  -1  -1  -1  -1  -1 542 578 609 644 679 708 737  -1  -1  -1  -1  -1  -1  -1  -1  -1  -1  -1  -1  -1]
 [ -1  -1  -1  -1  -1  -1  -1  -1  -1  -1  -1  -1  -1  -1 568 602 637 669 700  -1  -1  -1  -1  -1  -1  -1  -1  -1  -1  -1  -1  -1  -1  -1]
 [ -1  -1  -1  -1  -1  -1  -1  -1  -1  -1  -1  -1  -1  -1  -1 594 629 663  -1  -1  -1  -1  -1  -1  -1  -1  -1  -1  -1  -1  -1  -1  -1  -1]
 [ -1  -1  -1  -1  -1  -1  -1  -1  -1  -1  -1  -1  -1  -1  -1 622  -1  -1  -1  -1  -1  -1  -1  -1  -1  -1  -1  -1  -1  -1  -1  -1  -1  -1]]
[Diag] Wave step complete: Added 16 structural ears.
Wave 11
   -> Island 262 Shape: (46, 34)
[[ -1  -1  -1  -1  -1  -1  -1  -1  -1  -1  -1  -1  -1  -1  -1  -1  -1  -1  -1  -1  -1  -1 308 351  -1  -1  -1  -1  -1  -1  -1  -1  -1  -1]
 [ -1  -1  -1  -1  -1  -1  -1  -1  -1  -1  -1  -1  -1  -1  -1  -1  -1  -1  -1  -1 266 301 343 385  -1  -1  -1  -1  -1  -1  -1  -1  -1  -1]
 [ -1  -1  -1  -1  -1  -1  -1  -1  -1  -1  -1  -1  -1  -1  -1  -1  -1  -1  -1 227 259 298 336 380 421  -1  -1  -1  -1  -1  -1  -1  -1  -1]
 [ -1  -1  -1  -1  -1  -1  -1  -1  -1  -1  -1  -1  -1  -1  -1  -1  -1 190 221 255 293 332 373 415 461  -1  -1  -1  -1  -1  -1  -1  -1  -1]
 [ -1  -1  -1  -1  -1  -1  -1  -1  -1  -1  -1  -1  -1  -1  -1  -1 160 187 218 250 284 324 365 408 454 501  -1  -1  -1  -1  -1  -1  -1  -1]
 [ -1  -1  -1  -1  -1  -1  -1  -1  -1  -1  -1  -1  -1  -1 130 157 183 214 245 281 318 359 402 448 495 534  -1  -1  -1  -1  -1  -1  -1  -1]
 [ -1  -1  -1  -1  -1  -1  -1  -1  -1  -1  -1  -1  -1 106 128 152 180 209 241 278 313 353 397 442 486 527 571  -1  -1  -1  -1  -1  -1  -1]
 [ -1  -1  -1  -1  -1  -1  -1  -1  -1  -1  -1  84 103 124 150 178 205 238 271 305 346 389 431 477 519 564 608  -1  -1  -1  -1  -1  -1  -1]
 [ -1  -1  -1  -1  -1  -1  -1  -1  -1  -1  63  81 101 122 147 174 200 232 267 300 342 383 424 472 514 555 597 642  -1  -1  -1  -1  -1  -1]
 [ -1  -1  -1  -1  -1  -1  -1  -1  46  60  78  98 119 143 169 198 230 263 295 334 377 419 464 505 550 591 633 675  -1  -1  -1  -1  -1  -1]
 [ -1  -1  -1  -1  -1  -1  -1  34  45  59  76  97 118 140 167 194 225 256 289 329 368 407 452 500 540 581 626 668 705  -1  -1  -1  -1  -1]
 [ -1  -1  -1  -1  -1  21  33  44  58  74  94 115 139 164 193 220 252 286 322 362 401 445 491 532 574 619 660 697 736  -1  -1  -1  -1  -1]
 [ -1  -1  -1  -1  12  20  32  43  57  73  91 113 137 163 188 215 247 280 319 358 396 441 484 526 565 610 652 691 728 761  -1  -1  -1  -1]
 [ -1  -1   5  11  19  31  42  56  72  90 110 134 159 185 210 244 275 311 350 392 432 476 520 560 601 647 683 721 755 789  -1  -1  -1  -1]
 [ -1   0   4  10  18  30  41  55  71  89 108 132 155 182 207 237 273 307 345 387 423 471 510 552 593 634 678 714 749 781 810  -1  -1  -1]
 [  1   3   9  17  28  40  54  70  88 107 127 151 177 204 233 269 303 338 379 417 466 507 545 586 625 667 707 741 774 807 833  -1  -1  -1]
 [ -1   2   7  16  27  39  53  69  87 105 125 148 175 202 229 262 297 331 372 413 453 497 539 579 618 662 699 733 768 800 827 853  -1  -1]
 [ -1   8  15  26  38  52  66  86 104 123 146 172 197 226 257 290 327 367 406 450 492 530 570 611 654 690 726 762 794 821 848 872  -1  -1]
 [ -1  -1  14  25  37  51  67  85 102 121 144 171 196 223 254 285 321 361 400 440 483 523 563 606 643 686 719 753 784 815 841 866 889  -1]
 [ -1  -1  24  36  50  65  83 100 120 142 166 192 219 249 282 316 356 393 436 479 517 558 595 636 677 712 748 778 808 836 860 883 905  -1]
 [ -1  -1  -1  35  49  64  80  99 117 141 165  -1 217 246 277 310 349 388 428 469 509 549 590 631 671 704 740 773 801 829 854 879 900 917]
 [ -1  -1  -1  48  62  79  96 116 138 162 186 212 243 274 306 341 382 418 463 503 541 580 621 659 696 732 766 795 822 849 875 895 913  -1]
 [ -1  -1  -1  -1  61  77  95 114 136 158 184 208 240 270 302 335 375 412 456 496 536 573 615 653 693 725 759 788 819 843 869 890 909  -1]
 [ -1  -1  -1  -1  75  93 112 135 156 181 206 235 264 296 333 370 405 449 490 529 566 607 646 682 717 752 782 811 837 863 885 904 919  -1]
 [ -1  -1  -1  -1  -1  92 111 133 154 179 203 231 261 292 328 364 399 439 482 522 557 600 639 674 711 744 775 803 830 857 878 899  -1  -1]
 [ -1  -1  -1  -1  -1 109 129 153 176 201 228 258 288 320 360 394 435 475 513 551 589 630 666 703 735 767 796 825 851 874 893 911  -1  -1]
 [ -1  -1  -1  -1  -1  -1 126 149 173 199 224 253 283 315 355 390 427 468 506 544 583 624 657 694 730 760 790 818 844 867 888 907  -1  -1]
 [ -1  -1  -1  -1  -1  -1 145 170 195 222 251 279 312 348 384 420 462 499 538 575 614 651 687 723 754 783 813 839 862 882 902 918  -1  -1]
 [ -1  -1  -1  -1  -1  -1  -1 168 191 216 248 276 309 340 378 414 455 494 531 569 605 645 681 716 747 776 806 832 856 877 897 915  -1  -1]
 [ -1  -1  -1  -1  -1  -1  -1 189 213 242 272 304 337 374 410 447 487 524 559 596 638 673 709 739 769 797 824 850 871 892 910  -1  -1  -1]
 [ -1  -1  -1  -1  -1  -1  -1  -1 211 239 268 299 330 366 403 444 480 516 554 588 628 665 701 731 763 793 817 845 865 886 906  -1  -1  -1]
 [ -1  -1  -1  -1  -1  -1  -1  -1 236 265 294 326 363 395 434 474 511 546 585 620 656 692 724 757 786 814 838 859 881 901 916  -1  -1  -1]
 [ -1  -1  -1  -1  -1  -1  -1  -1  -1 260 291 323 357 391 426 467 504 537 577 613 650 684 718 746 780 805 831 855 876 896 912  -1  -1  -1]
 [ -1  -1  -1  -1  -1  -1  -1  -1  -1 287 317 352 386 422 460 498 533 567 604 641 676 710 742 772 798 826 847 870 891 908  -1  -1  -1  -1]
 [ -1  -1  -1  -1  -1  -1  -1  -1  -1  -1 314 347 381 416 451 489 525 562 599 635 670 702 734 764 792 820 842 864 884 903  -1  -1  -1  -1]
 [ -1  -1  -1  -1  -1  -1  -1  -1  -1  -1 339 376 409 446 485 518 553 592 627 661 695 727 756 787 812 835 858 880 898 914  -1  -1  -1  -1]
 [ -1  -1  -1  -1  -1  -1  -1  -1  -1  -1  -1 369 404 443 478 512 548 582 617 655 688 720 751 779 804 828 852 873 894  -1  -1  -1  -1  -1]
 [ -1  -1  -1  -1  -1  -1  -1  -1  -1  -1 344 398 433 473 508 543 576 612 648 680 713 743 771 799 823 846 868 887  -1  -1  -1  -1  -1  -1]
 [ -1  -1  -1  -1  -1  -1  -1  -1  -1  -1  -1 354 429 465 502 535 572 603 640 672 706 738 765 791 816 840 861  -1  -1  -1  -1  -1  -1  -1]
 [ -1  -1  -1  -1  -1  -1  -1  -1  -1  -1  -1  -1 457 493 528 561 598 632 664 698 729 758 785 809 834  -1  -1  -1  -1  -1  -1  -1  -1  -1]
 [ -1  -1  -1  -1  -1  -1  -1  -1  -1  -1  -1  -1  -1 488 521 556 587 623 658 689 722 750 777 802  -1  -1  -1  -1  -1  -1  -1  -1  -1  -1]
 [ -1  -1  -1  -1  -1  -1  -1  -1  -1  -1  -1  -1  -1 515 547 584 616 649 685 715 745 770  -1  -1  -1  -1  -1  -1  -1  -1  -1  -1  -1  -1]
 [ -1  -1  -1  -1  -1  -1  -1  -1  -1  -1  -1  -1  -1  -1 542 578 609 644 679 708 737  -1  -1  -1  -1  -1  -1  -1  -1  -1  -1  -1  -1  -1]
 [ -1  -1  -1  -1  -1  -1  -1  -1  -1  -1  -1  -1  -1  -1 568 602 637 669 700  -1  -1  -1  -1  -1  -1  -1  -1  -1  -1  -1  -1  -1  -1  -1]
 [ -1  -1  -1  -1  -1  -1  -1  -1  -1  -1  -1  -1  -1  -1  -1 594 629 663  -1  -1  -1  -1  -1  -1  -1  -1  -1  -1  -1  -1  -1  -1  -1  -1]
 [ -1  -1  -1  -1  -1  -1  -1  -1  -1  -1  -1  -1  -1  -1  -1 622  -1  -1  -1  -1  -1  -1  -1  -1  -1  -1  -1  -1  -1  -1  -1  -1  -1  -1]]
[Diag] Wave step complete: Added 7 structural ears.
Wave 12
   -> Island 262 Shape: (46, 34)
[[ -1  -1  -1  -1  -1  -1  -1  -1  -1  -1  -1  -1  -1  -1  -1  -1  -1  -1  -1  -1  -1  -1 308 351  -1  -1  -1  -1  -1  -1  -1  -1  -1  -1]
 [ -1  -1  -1  -1  -1  -1  -1  -1  -1  -1  -1  -1  -1  -1  -1  -1  -1  -1  -1  -1 266 301 343 385  -1  -1  -1  -1  -1  -1  -1  -1  -1  -1]
 [ -1  -1  -1  -1  -1  -1  -1  -1  -1  -1  -1  -1  -1  -1  -1  -1  -1  -1  -1 227 259 298 336 380 421  -1  -1  -1  -1  -1  -1  -1  -1  -1]
 [ -1  -1  -1  -1  -1  -1  -1  -1  -1  -1  -1  -1  -1  -1  -1  -1  -1 190 221 255 293 332 373 415 461  -1  -1  -1  -1  -1  -1  -1  -1  -1]
 [ -1  -1  -1  -1  -1  -1  -1  -1  -1  -1  -1  -1  -1  -1  -1  -1 160 187 218 250 284 324 365 408 454 501  -1  -1  -1  -1  -1  -1  -1  -1]
 [ -1  -1  -1  -1  -1  -1  -1  -1  -1  -1  -1  -1  -1  -1 130 157 183 214 245 281 318 359 402 448 495 534  -1  -1  -1  -1  -1  -1  -1  -1]
 [ -1  -1  -1  -1  -1  -1  -1  -1  -1  -1  -1  -1  -1 106 128 152 180 209 241 278 313 353 397 442 486 527 571  -1  -1  -1  -1  -1  -1  -1]
 [ -1  -1  -1  -1  -1  -1  -1  -1  -1  -1  -1  84 103 124 150 178 205 238 271 305 346 389 431 477 519 564 608  -1  -1  -1  -1  -1  -1  -1]
 [ -1  -1  -1  -1  -1  -1  -1  -1  -1  -1  63  81 101 122 147 174 200 232 267 300 342 383 424 472 514 555 597 642  -1  -1  -1  -1  -1  -1]
 [ -1  -1  -1  -1  -1  -1  -1  -1  46  60  78  98 119 143 169 198 230 263 295 334 377 419 464 505 550 591 633 675  -1  -1  -1  -1  -1  -1]
 [ -1  -1  -1  -1  -1  -1  -1  34  45  59  76  97 118 140 167 194 225 256 289 329 368 407 452 500 540 581 626 668 705  -1  -1  -1  -1  -1]
 [ -1  -1  -1  -1  -1  21  33  44  58  74  94 115 139 164 193 220 252 286 322 362 401 445 491 532 574 619 660 697 736  -1  -1  -1  -1  -1]
 [ -1  -1  -1  -1  12  20  32  43  57  73  91 113 137 163 188 215 247 280 319 358 396 441 484 526 565 610 652 691 728 761  -1  -1  -1  -1]
 [ -1  -1   5  11  19  31  42  56  72  90 110 134 159 185 210 244 275 311 350 392 432 476 520 560 601 647 683 721 755 789  -1  -1  -1  -1]
 [ -1   0   4  10  18  30  41  55  71  89 108 132 155 182 207 237 273 307 345 387 423 471 510 552 593 634 678 714 749 781 810  -1  -1  -1]
 [  1   3   9  17  28  40  54  70  88 107 127 151 177 204 233 269 303 338 379 417 466 507 545 586 625 667 707 741 774 807 833  -1  -1  -1]
 [ -1   2   7  16  27  39  53  69  87 105 125 148 175 202 229 262 297 331 372 413 453 497 539 579 618 662 699 733 768 800 827 853  -1  -1]
 [ -1   8  15  26  38  52  66  86 104 123 146 172 197 226 257 290 327 367 406 450 492 530 570 611 654 690 726 762 794 821 848 872  -1  -1]
 [ -1  -1  14  25  37  51  67  85 102 121 144 171 196 223 254 285 321 361 400 440 483 523 563 606 643 686 719 753 784 815 841 866 889  -1]
 [ -1  -1  24  36  50  65  83 100 120 142 166 192 219 249 282 316 356 393 436 479 517 558 595 636 677 712 748 778 808 836 860 883 905  -1]
 [ -1  -1  -1  35  49  64  80  99 117 141 165  -1 217 246 277 310 349 388 428 469 509 549 590 631 671 704 740 773 801 829 854 879 900 917]
 [ -1  -1  -1  48  62  79  96 116 138 162 186 212 243 274 306 341 382 418 463 503 541 580 621 659 696 732 766 795 822 849 875 895 913  -1]
 [ -1  -1  -1  -1  61  77  95 114 136 158 184 208 240 270 302 335 375 412 456 496 536 573 615 653 693 725 759 788 819 843 869 890 909  -1]
 [ -1  -1  -1  -1  75  93 112 135 156 181 206 235 264 296 333 370 405 449 490 529 566 607 646 682 717 752 782 811 837 863 885 904 919  -1]
 [ -1  -1  -1  -1  -1  92 111 133 154 179 203 231 261 292 328 364 399 439 482 522 557 600 639 674 711 744 775 803 830 857 878 899  -1  -1]
 [ -1  -1  -1  -1  -1 109 129 153 176 201 228 258 288 320 360 394 435 475 513 551 589 630 666 703 735 767 796 825 851 874 893 911  -1  -1]
 [ -1  -1  -1  -1  -1  -1 126 149 173 199 224 253 283 315 355 390 427 468 506 544 583 624 657 694 730 760 790 818 844 867 888 907  -1  -1]
 [ -1  -1  -1  -1  -1  -1 145 170 195 222 251 279 312 348 384 420 462 499 538 575 614 651 687 723 754 783 813 839 862 882 902 918  -1  -1]
 [ -1  -1  -1  -1  -1  -1  -1 168 191 216 248 276 309 340 378 414 455 494 531 569 605 645 681 716 747 776 806 832 856 877 897 915  -1  -1]
 [ -1  -1  -1  -1  -1  -1  -1 189 213 242 272 304 337 374 410 447 487 524 559 596 638 673 709 739 769 797 824 850 871 892 910  -1  -1  -1]
 [ -1  -1  -1  -1  -1  -1  -1  -1 211 239 268 299 330 366 403 444 480 516 554 588 628 665 701 731 763 793 817 845 865 886 906  -1  -1  -1]
 [ -1  -1  -1  -1  -1  -1  -1  -1 236 265 294 326 363 395 434 474 511 546 585 620 656 692 724 757 786 814 838 859 881 901 916  -1  -1  -1]
 [ -1  -1  -1  -1  -1  -1  -1  -1  -1 260 291 323 357 391 426 467 504 537 577 613 650 684 718 746 780 805 831 855 876 896 912  -1  -1  -1]
 [ -1  -1  -1  -1  -1  -1  -1  -1  -1 287 317 352 386 422 460 498 533 567 604 641 676 710 742 772 798 826 847 870 891 908  -1  -1  -1  -1]
 [ -1  -1  -1  -1  -1  -1  -1  -1  -1  -1 314 347 381 416 451 489 525 562 599 635 670 702 734 764 792 820 842 864 884 903  -1  -1  -1  -1]
 [ -1  -1  -1  -1  -1  -1  -1  -1  -1  -1 339 376 409 446 485 518 553 592 627 661 695 727 756 787 812 835 858 880 898 914  -1  -1  -1  -1]
 [ -1  -1  -1  -1  -1  -1  -1  -1  -1  -1  -1 369 404 443 478 512 548 582 617 655 688 720 751 779 804 828 852 873 894  -1  -1  -1  -1  -1]
 [ -1  -1  -1  -1  -1  -1  -1  -1  -1  -1 344 398 433 473 508 543 576 612 648 680 713 743 771 799 823 846 868 887  -1  -1  -1  -1  -1  -1]
 [ -1  -1  -1  -1  -1  -1  -1  -1  -1  -1  -1 354 429 465 502 535 572 603 640 672 706 738 765 791 816 840 861  -1  -1  -1  -1  -1  -1  -1]
 [ -1  -1  -1  -1  -1  -1  -1  -1  -1  -1  -1  -1 457 493 528 561 598 632 664 698 729 758 785 809 834  -1  -1  -1  -1  -1  -1  -1  -1  -1]
 [ -1  -1  -1  -1  -1  -1  -1  -1  -1  -1  -1  -1  -1 488 521 556 587 623 658 689 722 750 777 802  -1  -1  -1  -1  -1  -1  -1  -1  -1  -1]
 [ -1  -1  -1  -1  -1  -1  -1  -1  -1  -1  -1  -1  -1 515 547 584 616 649 685 715 745 770  -1  -1  -1  -1  -1  -1  -1  -1  -1  -1  -1  -1]
 [ -1  -1  -1  -1  -1  -1  -1  -1  -1  -1  -1  -1  -1  -1 542 578 609 644 679 708 737  -1  -1  -1  -1  -1  -1  -1  -1  -1  -1  -1  -1  -1]
 [ -1  -1  -1  -1  -1  -1  -1  -1  -1  -1  -1  -1  -1  -1 568 602 637 669 700  -1  -1  -1  -1  -1  -1  -1  -1  -1  -1  -1  -1  -1  -1  -1]
 [ -1  -1  -1  -1  -1  -1  -1  -1  -1  -1  -1  -1  -1  -1  -1 594 629 663  -1  -1  -1  -1  -1  -1  -1  -1  -1  -1  -1  -1  -1  -1  -1  -1]
 [ -1  -1  -1  -1  -1  -1  -1  -1  -1  -1  -1  -1  -1  -1  -1 622  -1  -1  -1  -1  -1  -1  -1  -1  -1  -1  -1  -1  -1  -1  -1  -1  -1  -1]]
[Diag] Wave step complete: Added 1 structural ears.
   -> Island 262 Shape: (46, 34)
[[ -1  -1  -1  -1  -1  -1  -1  -1  -1  -1  -1  -1  -1  -1  -1  -1  -1  -1  -1  -1  -1  -1 308 351  -1  -1  -1  -1  -1  -1  -1  -1  -1  -1]
 [ -1  -1  -1  -1  -1  -1  -1  -1  -1  -1  -1  -1  -1  -1  -1  -1  -1  -1  -1  -1 266 301 343 385  -1  -1  -1  -1  -1  -1  -1  -1  -1  -1]
 [ -1  -1  -1  -1  -1  -1  -1  -1  -1  -1  -1  -1  -1  -1  -1  -1  -1  -1  -1 227 259 298 336 380 421  -1  -1  -1  -1  -1  -1  -1  -1  -1]
 [ -1  -1  -1  -1  -1  -1  -1  -1  -1  -1  -1  -1  -1  -1  -1  -1  -1 190 221 255 293 332 373 415 461  -1  -1  -1  -1  -1  -1  -1  -1  -1]
 [ -1  -1  -1  -1  -1  -1  -1  -1  -1  -1  -1  -1  -1  -1  -1  -1 160 187 218 250 284 324 365 408 454 501  -1  -1  -1  -1  -1  -1  -1  -1]
 [ -1  -1  -1  -1  -1  -1  -1  -1  -1  -1  -1  -1  -1  -1 130 157 183 214 245 281 318 359 402 448 495 534  -1  -1  -1  -1  -1  -1  -1  -1]
 [ -1  -1  -1  -1  -1  -1  -1  -1  -1  -1  -1  -1  -1 106 128 152 180 209 241 278 313 353 397 442 486 527 571  -1  -1  -1  -1  -1  -1  -1]
 [ -1  -1  -1  -1  -1  -1  -1  -1  -1  -1  -1  84 103 124 150 178 205 238 271 305 346 389 431 477 519 564 608  -1  -1  -1  -1  -1  -1  -1]
 [ -1  -1  -1  -1  -1  -1  -1  -1  -1  -1  63  81 101 122 147 174 200 232 267 300 342 383 424 472 514 555 597 642  -1  -1  -1  -1  -1  -1]
 [ -1  -1  -1  -1  -1  -1  -1  -1  46  60  78  98 119 143 169 198 230 263 295 334 377 419 464 505 550 591 633 675  -1  -1  -1  -1  -1  -1]
 [ -1  -1  -1  -1  -1  -1  -1  34  45  59  76  97 118 140 167 194 225 256 289 329 368 407 452 500 540 581 626 668 705  -1  -1  -1  -1  -1]
 [ -1  -1  -1  -1  -1  21  33  44  58  74  94 115 139 164 193 220 252 286 322 362 401 445 491 532 574 619 660 697 736  -1  -1  -1  -1  -1]
 [ -1  -1  -1  -1  12  20  32  43  57  73  91 113 137 163 188 215 247 280 319 358 396 441 484 526 565 610 652 691 728 761  -1  -1  -1  -1]
 [ -1  -1   5  11  19  31  42  56  72  90 110 134 159 185 210 244 275 311 350 392 432 476 520 560 601 647 683 721 755 789  -1  -1  -1  -1]
 [ -1   0   4  10  18  30  41  55  71  89 108 132 155 182 207 237 273 307 345 387 423 471 510 552 593 634 678 714 749 781 810  -1  -1  -1]
 [  1   3   9  17  28  40  54  70  88 107 127 151 177 204 233 269 303 338 379 417 466 507 545 586 625 667 707 741 774 807 833  -1  -1  -1]
 [ -1   2   7  16  27  39  53  69  87 105 125 148 175 202 229 262 297 331 372 413 453 497 539 579 618 662 699 733 768 800 827 853  -1  -1]
 [ -1   8  15  26  38  52  66  86 104 123 146 172 197 226 257 290 327 367 406 450 492 530 570 611 654 690 726 762 794 821 848 872  -1  -1]
 [ -1  -1  14  25  37  51  67  85 102 121 144 171 196 223 254 285 321 361 400 440 483 523 563 606 643 686 719 753 784 815 841 866 889  -1]
 [ -1  -1  24  36  50  65  83 100 120 142 166 192 219 249 282 316 356 393 436 479 517 558 595 636 677 712 748 778 808 836 860 883 905  -1]
 [ -1  -1  -1  35  49  64  80  99 117 141 165  -1 217 246 277 310 349 388 428 469 509 549 590 631 671 704 740 773 801 829 854 879 900 917]
 [ -1  -1  -1  48  62  79  96 116 138 162 186 212 243 274 306 341 382 418 463 503 541 580 621 659 696 732 766 795 822 849 875 895 913  -1]
 [ -1  -1  -1  -1  61  77  95 114 136 158 184 208 240 270 302 335 375 412 456 496 536 573 615 653 693 725 759 788 819 843 869 890 909  -1]
 [ -1  -1  -1  -1  75  93 112 135 156 181 206 235 264 296 333 370 405 449 490 529 566 607 646 682 717 752 782 811 837 863 885 904 919  -1]
 [ -1  -1  -1  -1  -1  92 111 133 154 179 203 231 261 292 328 364 399 439 482 522 557 600 639 674 711 744 775 803 830 857 878 899  -1  -1]
 [ -1  -1  -1  -1  -1 109 129 153 176 201 228 258 288 320 360 394 435 475 513 551 589 630 666 703 735 767 796 825 851 874 893 911  -1  -1]
 [ -1  -1  -1  -1  -1  -1 126 149 173 199 224 253 283 315 355 390 427 468 506 544 583 624 657 694 730 760 790 818 844 867 888 907  -1  -1]
 [ -1  -1  -1  -1  -1  -1 145 170 195 222 251 279 312 348 384 420 462 499 538 575 614 651 687 723 754 783 813 839 862 882 902 918  -1  -1]
 [ -1  -1  -1  -1  -1  -1  -1 168 191 216 248 276 309 340 378 414 455 494 531 569 605 645 681 716 747 776 806 832 856 877 897 915  -1  -1]
 [ -1  -1  -1  -1  -1  -1  -1 189 213 242 272 304 337 374 410 447 487 524 559 596 638 673 709 739 769 797 824 850 871 892 910  -1  -1  -1]
 [ -1  -1  -1  -1  -1  -1  -1  -1 211 239 268 299 330 366 403 444 480 516 554 588 628 665 701 731 763 793 817 845 865 886 906  -1  -1  -1]
 [ -1  -1  -1  -1  -1  -1  -1  -1 236 265 294 326 363 395 434 474 511 546 585 620 656 692 724 757 786 814 838 859 881 901 916  -1  -1  -1]
 [ -1  -1  -1  -1  -1  -1  -1  -1  -1 260 291 323 357 391 426 467 504 537 577 613 650 684 718 746 780 805 831 855 876 896 912  -1  -1  -1]
 [ -1  -1  -1  -1  -1  -1  -1  -1  -1 287 317 352 386 422 460 498 533 567 604 641 676 710 742 772 798 826 847 870 891 908  -1  -1  -1  -1]
 [ -1  -1  -1  -1  -1  -1  -1  -1  -1  -1 314 347 381 416 451 489 525 562 599 635 670 702 734 764 792 820 842 864 884 903  -1  -1  -1  -1]
 [ -1  -1  -1  -1  -1  -1  -1  -1  -1  -1 339 376 409 446 485 518 553 592 627 661 695 727 756 787 812 835 858 880 898 914  -1  -1  -1  -1]
 [ -1  -1  -1  -1  -1  -1  -1  -1  -1  -1  -1 369 404 443 478 512 548 582 617 655 688 720 751 779 804 828 852 873 894  -1  -1  -1  -1  -1]
 [ -1  -1  -1  -1  -1  -1  -1  -1  -1  -1 344 398 433 473 508 543 576 612 648 680 713 743 771 799 823 846 868 887  -1  -1  -1  -1  -1  -1]
 [ -1  -1  -1  -1  -1  -1  -1  -1  -1  -1  -1 354 429 465 502 535 572 603 640 672 706 738 765 791 816 840 861  -1  -1  -1  -1  -1  -1  -1]
 [ -1  -1  -1  -1  -1  -1  -1  -1  -1  -1  -1  -1 457 493 528 561 598 632 664 698 729 758 785 809 834  -1  -1  -1  -1  -1  -1  -1  -1  -1]
 [ -1  -1  -1  -1  -1  -1  -1  -1  -1  -1  -1  -1  -1 488 521 556 587 623 658 689 722 750 777 802  -1  -1  -1  -1  -1  -1  -1  -1  -1  -1]
 [ -1  -1  -1  -1  -1  -1  -1  -1  -1  -1  -1  -1  -1 515 547 584 616 649 685 715 745 770  -1  -1  -1  -1  -1  -1  -1  -1  -1  -1  -1  -1]
 [ -1  -1  -1  -1  -1  -1  -1  -1  -1  -1  -1  -1  -1  -1 542 578 609 644 679 708 737  -1  -1  -1  -1  -1  -1  -1  -1  -1  -1  -1  -1  -1]
 [ -1  -1  -1  -1  -1  -1  -1  -1  -1  -1  -1  -1  -1  -1 568 602 637 669 700  -1  -1  -1  -1  -1  -1  -1  -1  -1  -1  -1  -1  -1  -1  -1]
 [ -1  -1  -1  -1  -1  -1  -1  -1  -1  -1  -1  -1  -1  -1  -1 594 629 663  -1  -1  -1  -1  -1  -1  -1  -1  -1  -1  -1  -1  -1  -1  -1  -1]
 [ -1  -1  -1  -1  -1  -1  -1  -1  -1  -1  -1  -1  -1  -1  -1 622  -1  -1  -1  -1  -1  -1  -1  -1  -1  -1  -1  -1  -1  -1  -1  -1  -1  -1]]
[+] Success! Generated 1 individual grid matrix islands.
row: 5, col 13, length: 13
valid_mask: [1 1 1 1 1 1 1 1 1 1 1]
patch:
 [[-1  0  1  0  1  0  1  0  0  1  1  1  1]
 [ 1  1  0  1  1  0  1  1  0  1  1  1  1]]
row: 6, col 12, length: 15
valid_mask: [1 1 1 1 1 1 1 1 1 1 1 1 1]
patch:
 [[-1  1  1  0  1  1  0  1  1  0  1  1  1  1  0]
 [ 1  0  1  1  1  1  0  0  0  0  0  0  0  1  1]]
Hor:  {'origin_stream_phase': 16, 'recovered_sequence': [1, 1, 0, 0, 1, 0, 0, 1, 1, 0, 0, 0, 0], 'errors_corrected': [1, 2], 'missing_gaps': array([], dtype=int64), 'status': 'Corrected bit flip at index [1, 2] via syndrome projection', 'direction_key': 'V_forward'}
Vert:  {'origin_stream_phase': 8, 'recovered_sequence': [0, 0, 0, 1, 0, 0, 1, 0, 1, 1, 0, 0, 1, 1], 'errors_corrected': [1, 2], 'missing_gaps': array([0], dtype=int64), 'status': 'Corrected bit flip at index [1, 2] via syndrome projection', 'direction_key': 'U_reverse'}
{'status': 'success', 'row': 16, 'col': 0, 'b': (-8, 16, -8), 'horizontal_axis': 'V', 'direction': 'forward', 'errors_corrected': 4, 'erasures': 1}
[Info] Consistency check passed. Best result updated.
[[-1  1  1  0  1  1  0  1  1  0  1  1  1  1  0]
 [ 1  0  1  1  1  1  0  0  0  0  0  0  0  1  1]]
row: 7, col 11, length: 16
valid_mask: [1 1 1 1 1 1 1 1 1 1 1 1 1 1]
patch:
 [[1 1 0 1 1 1 1 0 0 0 0 0 0 0 1 1]
 [1 1 0 1 1 1 1 1 1 1 0 1 1 1 0 0]]
row: 8, col 10, length: 18
valid_mask: [1 1 1 1 1 1 1 1 1 1 1 1 1 1 1 1]
patch:
 [[1 1 1 0 1 1 1 1 1 1 1 0 1 1 1 0 0 1]
 [0 0 1 1 0 1 1 1 0 0 1 1 0 0 1 1 0 0]]
row: 9, col 7, length: 21
valid_mask: [1 1 1 1 1 1 1 1 1 1 1 1 1 1 1 1 1 1 1]
patch:
 [[-1  1  0  0  0  1  1  0  1  1  1  0  0  1  1  0  0  1  1  0  0]
 [ 1  1  0  1  1  1  0  0  0  1  1  0  1  0  0  0  1  0  0  1  1]]
row: 10, col 6, length: 23
valid_mask: [1 1 1 1 1 1 1 1 1 1 1 1 1 1 1 1 1 1 1 1 1]
patch:
 [[-1  1  1  0  1  1  1  0  0  0  1  1  0  1  0  0  0  1  0  0  1  1  0]
 [ 0  0  0  0  1  1  1  0  1  1  1  1  0  0  0  0  0  0  0  1  1  0  1]]
Hor:  {'origin_stream_phase': 8, 'recovered_sequence': [0, 1, 1, 1, 0, 1, 1, 1, 1, 1, 0, 0, 1, 0, 0, 1, 1, 0, 0, 0, 0], 'errors_corrected': [9, 10], 'missing_gaps': array([], dtype=int64), 'status': 'Corrected bit flip at index [9, 10] via syndrome projection', 'direction_key': 'V_forward'}
Vert:  {'origin_stream_phase': 4, 'recovered_sequence': [1, 0, 1, 0, 0, 0, 0, 1, 0, 0, 1, 0, 1, 1, 0, 0, 1, 1, 1, 1, 1, 0], 'errors_corrected': [9, 10], 'missing_gaps': array([0], dtype=int64), 'status': 'Corrected bit flip at index [9, 10] via syndrome projection', 'direction_key': 'U_reverse'}
{'status': 'success', 'row': 8, 'col': 0, 'b': (-4, 8, -4), 'horizontal_axis': 'V', 'direction': 'forward', 'errors_corrected': 4, 'erasures': 1}
row: 11, col 5, length: 24
valid_mask: [1 1 1 1 1 1 1 1 1 1 1 1 1 1 1 1 1 1 1 1 1 1]
patch:
 [[1 0 0 0 0 1 1 1 0 1 1 1 1 0 0 0 0 0 0 0 1 1 0 1]
 [0 1 1 1 0 1 1 1 1 1 0 0 0 1 1 0 0 0 1 0 1 1 0 1]]
row: 12, col 4, length: 26
valid_mask: [1 1 1 1 1 1 1 1 1 1 1 1 1 1 1 1 1 1 1 1 1 1 1 1]
patch:
 [[1 0 1 1 1 0 1 1 1 1 1 0 0 0 1 1 0 0 0 1 0 1 1 0 1 0]
 [0 0 1 1 1 0 0 1 1 0 0 1 0 0 0 1 0 0 1 1 1 1 0 1 0 1]]
row: 13, col 1, length: 29
valid_mask: [1 1 1 1 1 1 1 1 1 1 1 1 1 1 1 1 1 1 1 1 1 1 1 1 1 1 1]
patch:
 [[-1  0  1  0  0  1  1  1  0  0  1  1  0  0  1  0  0  0  1  0  0  1  1  1  1  0  1  0  1]
 [ 0  1  0  1  1  0  0  1  0  1  1  0  1  0  0  0  1  0  1  0  1  0  1  1  0  1  0  1  0]]
row: 14, col 0, length: 31
valid_mask: [1 1 1 1 1 1 1 1 1 1 1 1 1 1 1 1 1 1 1 1 1 1 1 1 1 1 1 1 1]
patch:
 [[-1  0  1  0  1  1  0  0  1  0  1  1  0  1  0  0  0  1  0  1  0  1  0  1  1  0  1  0  1  0  0]
 [ 1  1  0  1  0  1  0  1  0  1  0  0  0  1  0  1  1  1  1  0  1  1  1  0  0  0  1  0  1  1  0]]
row: 15, col 1, length: 30
valid_mask: [1 1 1 1 1 1 1 1 1 1 1 1 1 1 1 1 1 1 1 1 1 1 1 1 1 1 1 1]
patch:
 [[1 0 1 0 1 0 1 0 1 0 0 0 1 0 1 1 1 1 0 1 1 1 0 0 0 1 0 1 1 0]
 [0 1 1 1 1 0 0 1 0 1 0 1 1 0 1 1 0 1 1 0 0 1 0 0 1 1 0 1 1 0]]
row: 16, col 0, length: 32
valid_mask: [0 1 1 1 1 1 1 1 1 1 1 1 1 1 1 1 1 1 1 1 1 1 1 1 1 1 1 1 1 1]
patch:
 [[-1  0  1  1  1  1  0  0  1  0  1  0  1  1  0  1  1  0  1  1  0  0  1  0  0  1  1  0  1  1  0  1]
 [-1  1  1  0  0  1  0  0  1  0  1  1  0  0  0  0  0  0  1  1  1  0  0  0  1  0  0  1  1  0  1  1]]
row: 17, col 1, length: 31
valid_mask: [0 1 1 1 1 1 1 1 1 1 1 1 1 1 1 1 1 1 1 1 1 1 1 1 1 1 1 1 1]
patch:
 [[ 1  1  0  0  1  0  0  1  0  1  1  0  0  0  0  0  0  1  1  1  0  0  0  1  0  0  1  1  0  1  1]
 [-1  0  1  0  0  1  1  1  0  1  1  1  0  1  1  0  1  1  0  1  0  0  1  0  1  0  0  0  1  0  0]]
row: 18, col 2, length: 31
valid_mask: [1 1 1 1 1 1 1 1 1 1 1 1 1 1 1 1 1 1 1 1 1 1 1 1 1 1 1 1 1]
patch:
 [[0 1 0 0 1 1 1 0 1 1 1 0 1 1 0 1 1 0 1 0 0 1 0 1 0 0 0 1 0 0 1]
 [0 0 1 0 1 1 1 1 0 0 0 0 1 0 0 1 1 1 1 1 0 0 1 0 1 0 1 0 0 1 1]]
Hor:  {'origin_stream_phase': 0, 'recovered_sequence': [1, 1, 0, 1, 0, 1, 0, 0, 0, 1, 1, 1, 0, 1, 1, 1, 1, 1, 0, 0, 1, 0, 0, 1, 1, 0, 0, 0, 0], 'errors_corrected': [6, 7], 'missing_gaps': array([], dtype=int64), 'status': 'Corrected bit flip at index [6, 7] via syndrome projection', 'direction_key': 'V_forward'}
Vert:  {'origin_stream_phase': 4, 'recovered_sequence': [1, 0, 1, 0, 0, 0, 0, 1, 0, 0, 1, 0, 1, 1, 0, 0, 1, 1, 1, 1, 1, 0, 0, 0, 1, 1, 0, 1, 1, 1], 'errors_corrected': [6, 7], 'missing_gaps': array([], dtype=int64), 'status': 'Corrected bit flip at index [6, 7] via syndrome projection', 'direction_key': 'U_reverse'}
{'status': 'success', 'row': 0, 'col': 27, 'b': (-4, 0, 4), 'horizontal_axis': 'V', 'direction': 'forward', 'errors_corrected': 4, 'erasures': 0}
[Info] Consistency check passed. Best result updated.
[[0 1 0 0 1 1 1 0 1 1 1 0 1 1 0 1 1 0 1 0 0 1 0 1 0 0 0 1 0 0 1]
 [0 0 1 0 1 1 1 1 0 0 0 0 1 0 0 1 1 1 1 1 0 0 1 0 1 0 1 0 0 1 1]]
row: 19, col 3, length: 30
valid_mask: [1 1 1 1 1 1 1 0 0 1 1 1 1 1 1 1 1 1 1 1 1 1 1 1 1 1 1 1]
patch:
 [[ 0  1  0  1  1  1  1  0  0  0  0  1  0  0  1  1  1  1  1  0  0  1  0  1  0  1  0  0  1  1]
 [ 1  1  1  1  1  1  1  1 -1  1  0  0  0  0  0  1  0  1  0  1  1  1  0  1  1  1  0  0  1  1]]
row: 20, col 2, length: 31
valid_mask: [0 1 1 1 1 1 1 0 0 1 1 1 1 1 1 1 1 1 1 1 1 1 1 1 1 1 1 1 1]
patch:
 [[-1  1  1  1  1  1  1  1  1 -1  1  0  0  0  0  0  1  0  1  0  1  1  1  0  1  1  1  0  0  1  1]
 [-1  0  1  1  0  1  1  1  0  0  1  0  1  0  0  0  0  0  0  1  0  0  0  1  1  0  0  0  1  1  1]]
row: 21, col 3, length: 30
valid_mask: [0 1 1 1 1 1 1 1 1 1 1 1 1 1 1 1 1 1 1 1 1 1 1 1 1 1 1 1]
patch:
 [[ 0  1  1  0  1  1  1  0  0  1  0  1  0  0  0  0  0  0  1  0  0  0  1  1  0  0  0  1  1  1]
 [-1  0  1  1  0  1  0  1  1  0  1  1  1  0  0  1  0  1  0  1  1  1  1  1  0  1  0  1  1  1]]
row: 22, col 4, length: 29
valid_mask: [1 1 1 1 1 1 1 1 1 1 1 1 1 1 1 1 1 1 1 1 1 1 1 1 1 1 1]
patch:
 [[0 1 1 0 1 0 1 1 0 1 1 1 0 0 1 0 1 0 1 1 1 1 1 0 1 0 1 1 1]
 [1 1 1 0 1 1 0 1 0 0 1 1 0 1 1 1 1 1 0 0 0 1 0 1 1 1 1 1 0]]
row: 23, col 5, length: 27
valid_mask: [1 1 1 1 1 1 1 1 1 1 1 1 1 1 1 1 1 1 1 1 1 1 1 1 1]
patch:
 [[1 1 0 1 1 0 1 0 0 1 1 0 1 1 1 1 1 0 0 0 1 0 1 1 1 1 1]
 [1 1 0 0 0 1 1 0 0 1 0 0 0 0 1 0 1 1 0 0 1 1 0 0 1 0 0]]
row: 24, col 4, length: 28
valid_mask: [0 1 1 1 1 1 1 1 1 1 1 1 1 1 1 1 1 1 1 1 1 1 1 1 1 1]
patch:
 [[-1  1  1  0  0  0  1  1  0  0  1  0  0  0  0  1  0  1  1  0  0  1  1  0  0  1  0  0]
 [-1  1  0  1  1  1  1  1  1  0  1  0  1  1  1  1  1  0  0  1  0  0  0  0  1  1  0  1]]
row: 25, col 5, length: 27
valid_mask: [0 1 1 1 1 1 1 1 1 1 1 1 1 1 1 1 1 1 1 1 1 1 1 1 1]
patch:
 [[ 1  0  1  1  1  1  1  1  0  1  0  1  1  1  1  1  0  0  1  0  0  0  0  1  1  0  1]
 [-1  0  0  1  1  0  0  1  0  1  0  0  0  0  0  1  1  0  0  0  0  0  1  0  0  0  1]]
row: 26, col 6, length: 26
valid_mask: [1 1 1 1 1 1 1 1 1 1 1 1 1 1 1 1 1 1 1 1 1 1 1 1]
patch:
 [[0 0 1 1 0 0 1 0 1 0 0 0 0 0 1 1 0 0 0 0 0 1 0 0 0 1]
 [1 0 1 0 1 0 0 1 0 0 1 0 1 0 1 1 0 1 0 0 1 1 1 1 0 1]]
row: 27, col 7, length: 25
valid_mask: [1 1 1 1 1 1 1 1 1 1 1 1 1 1 1 1 1 1 1 1 1 1 1]
patch:
 [[0 1 0 1 0 0 1 0 0 1 0 1 0 1 1 0 1 0 0 1 1 1 1 0 1]
 [0 0 1 1 1 1 1 0 0 1 1 1 1 0 1 1 1 1 0 1 1 0 0 1 0]]
row: 28, col 6, length: 25
valid_mask: [0 1 1 1 1 1 1 1 1 1 1 1 1 1 1 1 1 1 1 1 1 1 1]
patch:
 [[-1  0  0  1  1  1  1  1  0  0  1  1  1  1  0  1  1  1  1  0  1  1  0  0  1]
 [-1  1  0  0  0  1  1  1  1  0  0  1  0  0  1  0  1  0  0  0  0  1  0  1  0]]
Hor:  {'origin_stream_phase': 30, 'recovered_sequence': [0, 1, 1, 0, 1, 0, 1, 0, 0, 0, 1, 1, 1, 0, 1, 1, 1, 1, 1, 0, 0, 1, 0], 'errors_corrected': [1, 2], 'missing_gaps': array([0], dtype=int64), 'status': 'Corrected bit flip at index [1, 2] via syndrome projection', 'direction_key': 'V_forward'}
Vert:  {'origin_stream_phase': 13, 'recovered_sequence': [0, 1, 0, 1, 1, 0, 0, 1, 1, 1, 1, 1, 0, 0, 0, 1, 1, 0, 1, 1, 1, 0, 1, 0], 'errors_corrected': [2, 3], 'missing_gaps': array([0], dtype=int64), 'status': 'Corrected bit flip at index [2, 3] via syndrome projection', 'direction_key': 'U_reverse'}
{'status': 'success', 'row': 30, 'col': 2, 'b': (-13, 30, -17), 'horizontal_axis': 'V', 'direction': 'forward', 'errors_corrected': 4, 'erasures': 2}
row: 29, col 7, length: 24
valid_mask: [0 1 1 1 1 1 1 1 1 1 1 1 1 1 1 1 1 1 1 1 1 1]
patch:
 [[ 1  0  0  0  1  1  1  1  0  0  1  0  0  1  0  1  0  0  0  0  1  0  1  0]
 [-1  0  1  0  1  0  0  1  0  0  1  1  0  0  1  1  1  0  1  0  1  0  0  1]]
row: 30, col 8, length: 23
valid_mask: [1 1 1 1 1 1 1 1 1 1 1 1 1 1 1 1 1 1 1 1 1]
patch:
 [[0 1 0 1 0 0 1 0 0 1 1 0 0 1 1 1 0 1 0 1 0 0 1]
 [1 1 1 0 1 0 1 0 1 1 1 0 1 0 1 1 1 1 1 0 0 0 0]]
row: 31, col 9, length: 22
valid_mask: [1 1 1 1 1 1 1 1 1 1 1 1 1 1 1 1 1 1 1 1]
patch:
 [[1 1 0 1 0 1 0 1 1 1 0 1 0 1 1 1 1 1 0 0 0 0]
 [0 1 1 1 0 0 1 0 0 0 0 1 0 1 0 1 0 1 1 1 1 0]]
row: 32, col 8, length: 22
valid_mask: [0 1 1 1 1 1 1 1 1 1 1 1 1 1 1 1 1 1 1 1]
patch:
 [[-1  0  1  1  1  0  0  1  0  0  0  0  1  0  1  0  1  0  1  1  1  1]
 [-1  1  0  0  0  1  0  0  0  0  0  0  0  0  1  1  1  1  0  1  1  0]]
Hor:  {'origin_stream_phase': 30, 'recovered_sequence': [0, 1, 1, 0, 1, 0, 1, 0, 0, 0, 1, 1, 1, 0, 1, 1, 1, 1, 1, 0], 'errors_corrected': [2, 3], 'missing_gaps': array([0], dtype=int64), 'status': 'Corrected bit flip at index [2, 3] via syndrome projection', 'direction_key': 'V_forward'}
Vert:  {'origin_stream_phase': 17, 'recovered_sequence': [1, 0, 0, 1, 1, 1, 1, 1, 0, 0, 0, 1, 1, 0, 1, 1, 1, 0, 1, 0, 1], 'errors_corrected': [3, 4], 'missing_gaps': array([0], dtype=int64), 'status': 'Corrected bit flip at index [3, 4] via syndrome projection', 'direction_key': 'U_reverse'}
{'status': 'success', 'row': 30, 'col': 29, 'b': (-17, 30, -13), 'horizontal_axis': 'V', 'direction': 'forward', 'errors_corrected': 4, 'erasures': 2}
row: 33, col 9, length: 21
valid_mask: [0 1 1 1 1 1 1 1 1 1 1 1 1 1 1 1 1 1 1]
patch:
 [[ 1  0  0  0  1  0  0  0  0  0  0  0  0  1  1  1  1  0  1  1  0]
 [-1  1  0  1  0  1  0  0  1  1  1  0  1  1  1  0  1  1  1  0  1]]
row: 34, col 10, length: 20
valid_mask: [1 1 1 1 1 1 1 1 1 1 1 1 1 1 1 1 1 1]
patch:
 [[1 0 1 0 1 0 0 1 1 1 0 1 1 1 0 1 1 1 0 1]
 [1 0 0 0 1 1 1 1 1 0 0 1 0 1 1 0 1 1 1 0]]
row: 35, col 11, length: 18
valid_mask: [1 1 1 1 1 1 1 1 1 1 1 1 1 1 1 1]
patch:
 [[0 0 0 1 1 1 1 1 0 0 1 0 1 1 0 1 1 1]
 [1 0 1 0 0 1 0 0 1 1 1 1 1 1 1 1 0 1]]
row: 36, col 10, length: 18
valid_mask: [1 1 1 1 1 1 1 1 1 1 1 1 1 1 1 1]
patch:
 [[-1  1  0  1  0  0  1  0  0  1  1  1  1  1  1  1  1  0]
 [ 1  1  1  1  1  1  0  1  0  0  0  1  0  1  1  0  0  0]]
row: 37, col 11, length: 16
valid_mask: [1 1 1 1 1 1 1 1 1 1 1 1 1 1]
patch:
 [[1 1 1 1 1 0 1 0 0 0 1 0 1 1 0 0]
 [1 1 0 1 1 1 0 0 0 0 1 1 1 0 1 0]]
Hor:  {'origin_stream_phase': 30, 'recovered_sequence': [0, 1, 0, 0, 1, 0, 0, 0, 1, 0, 1, 1, 1, 1], 'errors_corrected': [2, 3, 11, 12], 'missing_gaps': array([], dtype=int64), 'status': 'Corrected bit flip at index [2, 3, 11, 12] via syndrome projection', 'direction_key': 'W_reverse'}
Vert:  {'origin_stream_phase': 30, 'recovered_sequence': [0, 1, 1, 0, 1, 0, 1, 0, 0, 0, 1, 1, 1, 0, 1], 'errors_corrected': [], 'missing_gaps': array([], dtype=int64), 'status': 'Corrected bit flip at index [] via syndrome projection', 'direction_key': 'V_forward'}
[Warning] Consistency check failed. Skip
row: 38, col 12, length: 13
valid_mask: [1 1 1 1 1 1 1 1 1 1 1]
patch:
 [[1 0 1 1 1 0 0 0 0 1 1 1 0]
 [0 0 0 1 1 1 0 0 1 1 0 0 0]]
Hor:  {'origin_stream_phase': 0, 'recovered_sequence': [1, 1, 0, 1, 0, 1, 0, 0, 0, 1, 1], 'errors_corrected': [1, 2], 'missing_gaps': array([], dtype=int64), 'status': 'Corrected bit flip at index [1, 2] via syndrome projection', 'direction_key': 'V_forward'}
Vert:  {'origin_stream_phase': 24, 'recovered_sequence': [1, 0, 0, 0, 1, 1, 0, 1, 1, 1, 0, 1], 'errors_corrected': [1, 2], 'missing_gaps': array([], dtype=int64), 'status': 'Corrected bit flip at index [1, 2] via syndrome projection', 'direction_key': 'U_reverse'}
{'status': 'success', 'row': 0, 'col': 7, 'b': (-24, 0, 24), 'horizontal_axis': 'V', 'direction': 'forward', 'errors_corrected': 4, 'erasures': 0}
Target coords: 0 27
Processing test case compound_rotation_1_0007...
[Diag] Reference step from all edges: 35.57 px; max edge: 40.22
[DIAG] scaler:
 [[ 9.2008603   9.46043789  9.52816534  9.45197122  9.24738337  9.06687806  0.        ]
 [ 9.77432242 10.05779435 10.12166121 10.06186452  9.86250387  9.63773028  0.        ]
 [10.28898565 10.50822604 10.57924017 10.50748024 10.30433725 10.02626964  9.72016442]
 [10.46479461 10.68156175 10.79019728 10.71826222 10.52872973 10.23376944  9.97771061]
 [10.3040007  10.62268354 10.76105175 10.73596584 10.57141436 10.27029041  0.        ]]
[Diag] Total Delaunay faces: 1515
[Diag] Drop by edge length:  110
[Diag] Drop by angle check: 0
[Diag] Validated geometric seeds left: 1405
Wave 0
   -> Island 256 Shape: (2, 2)
[[256 234]
 [229  -1]]
   -> Island 358 Shape: (2, 2)
[[358 385]
 [359  -1]]
   -> Island 251 Shape: (2, 2)
[[251 228]
 [223  -1]]
   -> Island 111 Shape: (2, 2)
[[111  85]
 [108  -1]]
   -> Island 72 Shape: (2, 2)
[[72 69]
 [95 -1]]
   -> Island 556 Shape: (2, 2)
[[556 529]
 [553  -1]]
   -> Island 390 Shape: (2, 2)
[[390 367]
 [364  -1]]
   -> Island 165 Shape: (2, 2)
[[165 185]
 [191  -1]]
   -> Island 245 Shape: (2, 2)
[[245 222]
 [218  -1]]
   -> Island 284 Shape: (2, 2)
[[284 259]
 [255  -1]]
   -> Island 562 Shape: (2, 2)
[[562 566]
 [539  -1]]
   -> Island 82 Shape: (2, 2)
[[82 86]
 [60 -1]]
   -> Island 488 Shape: (2, 2)
[[488 514]
 [518  -1]]
   -> Island 201 Shape: (2, 2)
[[201 225]
 [227  -1]]
   -> Island 665 Shape: (2, 2)
[[665 661]
 [691  -1]]
   -> Island 139 Shape: (2, 2)
[[139 109]
 [132  -1]]
   -> Island 362 Shape: (2, 2)
[[362 387]
 [365  -1]]
   -> Island 23 Shape: (2, 2)
[[23 20]
 [43 -1]]
   -> Island 633 Shape: (2, 2)
[[633 639]
 [610  -1]]
   -> Island 709 Shape: (2, 2)
[[709 711]
 [684  -1]]
   -> Island 690 Shape: (2, 2)
[[690 664]
 [662  -1]]
   -> Island 344 Shape: (2, 2)
[[344 341]
 [368  -1]]
   -> Island 319 Shape: (2, 2)
[[319 347]
 [322  -1]]
   -> Island 537 Shape: (2, 2)
[[537 565]
 [540  -1]]
   -> Island 302 Shape: (2, 2)
[[302 325]
 [329  -1]]
   -> Island 701 Shape: (2, 2)
[[701 677]
 [675  -1]]
   -> Island 497 Shape: (2, 2)
[[497 468]
 [493  -1]]
   -> Island 131 Shape: (2, 2)
[[131 126]
 [152  -1]]
   -> Island 10 Shape: (2, 2)
[[10 30]
 [11 -1]]
   -> Island 187 Shape: (2, 2)
[[187 190]
 [162  -1]]
   -> Island 668 Shape: (2, 2)
[[668 694]
 [693  -1]]
   -> Island 478 Shape: (2, 2)
[[478 454]
 [449  -1]]
   -> Island 447 Shape: (2, 2)
[[447 471]
 [474  -1]]
   -> Island 442 Shape: (2, 2)
[[442 466]
 [469  -1]]
   -> Island 453 Shape: (2, 2)
[[453 456]
 [428  -1]]
   -> Island 700 Shape: (2, 2)
[[700 724]
 [729  -1]]
   -> Island 727 Shape: (2, 2)
[[727 750]
 [728  -1]]
   -> Island 577 Shape: (2, 2)
[[577 605]
 [581  -1]]
[Diag] Wave step complete: Added 106 structural ears.
Wave 1
   -> Island 256 Shape: (2, 3)
[[ -1 256 234]
 [252 229 206]]
   -> Island 358 Shape: (4, 3)
[[ -1  -1  -1]
 [ -1 381  -1]
 [ -1 358 385]
 [334 359 388]]
   -> Island 251 Shape: (4, 3)
[[ -1  -1  -1]
 [ -1 257  -1]
 [ -1 251 228]
 [248 223 202]]
   -> Island 111 Shape: (4, 3)
[[ -1  -1  -1]
 [ -1  91  -1]
 [ -1 111  85]
 [134 108  79]]
   -> Island 72 Shape: (4, 3)
[[ -1  -1  -1]
 [ -1  45  -1]
 [ -1  72  69]
 [101  95  92]]
   -> Island 556 Shape: (4, 3)
[[ -1  -1  -1]
 [ -1 535  -1]
 [ -1 556 529]
 [580 553 528]]
   -> Island 390 Shape: (4, 3)
[[ -1  -1  -1]
 [ -1 396  -1]
 [ -1 390 367]
 [386 364 340]]
   -> Island 165 Shape: (4, 3)
[[ -1  -1  -1]
 [ -1 158  -1]
 [ -1 165 185]
 [168 191 211]]
   -> Island 245 Shape: (4, 3)
[[ -1  -1  -1]
 [ -1 249  -1]
 [ -1 245 222]
 [241 218 195]]
   -> Island 284 Shape: (4, 2)
[[ -1  -1]
 [286  -1]
 [284 259]
 [255 230]]
   -> Island 562 Shape: (4, 3)
[[ -1  -1  -1]
 [ -1 592  -1]
 [ -1 562 566]
 [533 539 542]]
   -> Island 82 Shape: (4, 3)
[[ -1  -1  -1]
 [ -1 110  -1]
 [ -1  82  86]
 [ 56  60  61]]
   -> Island 488 Shape: (4, 3)
[[ -1  -1  -1]
 [ -1 485  -1]
 [ -1 488 514]
 [492 518 543]]
   -> Island 201 Shape: (4, 3)
[[ -1  -1  -1]
 [ -1 199  -1]
 [ -1 201 225]
 [205 227 250]]
   -> Island 665 Shape: (4, 3)
[[ -1  -1  -1]
 [ -1 638  -1]
 [ -1 665 661]
 [696 691 685]]
   -> Island 139 Shape: (4, 3)
[[ -1  -1  -1]
 [ -1 114  -1]
 [ -1 139 109]
 [160 132 107]]
   -> Island 362 Shape: (4, 3)
[[ -1  -1  -1]
 [ -1 384  -1]
 [ -1 362 387]
 [339 365 391]]
   -> Island 23 Shape: (2, 3)
[[-1 23 20]
 [46 43 38]]
   -> Island 633 Shape: (2, 2)
[[633 639]
 [610 615]]
   -> Island 709 Shape: (4, 3)
[[ -1  -1  -1]
 [ -1 735  -1]
 [ -1 709 711]
 [682 684 687]]
   -> Island 690 Shape: (4, 3)
[[ -1  -1  -1]
 [ -1 692  -1]
 [ -1 690 664]
 [686 662 637]]
   -> Island 344 Shape: (4, 3)
[[ -1  -1  -1]
 [ -1 316  -1]
 [ -1 344 341]
 [372 368 366]]
   -> Island 319 Shape: (4, 3)
[[ -1  -1  -1]
 [ -1 342  -1]
 [ -1 319 347]
 [297 322 350]]
   -> Island 537 Shape: (4, 3)
[[ -1  -1  -1]
 [ -1 560  -1]
 [ -1 537 565]
 [512 540 567]]
   -> Island 302 Shape: (4, 3)
[[ -1  -1  -1]
 [ -1 298  -1]
 [ -1 302 325]
 [306 329 352]]
   -> Island 701 Shape: (4, 3)
[[ -1  -1  -1]
 [ -1 703  -1]
 [ -1 701 677]
 [698 675 650]]
   -> Island 497 Shape: (4, 3)
[[ -1  -1  -1]
 [ -1 472  -1]
 [ -1 497 468]
 [521 493 465]]
   -> Island 131 Shape: (4, 3)
[[ -1  -1  -1]
 [ -1 104  -1]
 [ -1 131 126]
 [157 152 147]]
   -> Island 10 Shape: (4, 3)
[[-1 -1 -1]
 [-1 27 -1]
 [-1 10 30]
 [ 0 11 34]]
   -> Island 187 Shape: (4, 2)
[[ -1  -1]
 [213  -1]
 [187 190]
 [162 166]]
   -> Island 668 Shape: (4, 3)
[[ -1  -1  -1]
 [ -1 666  -1]
 [ -1 668 694]
 [670 693 719]]
   -> Island 478 Shape: (4, 3)
[[ -1  -1  -1]
 [ -1 482  -1]
 [ -1 478 454]
 [473 449 427]]
   -> Island 447 Shape: (4, 2)
[[ -1  -1]
 [443  -1]
 [447 471]
 [474 496]]
   -> Island 442 Shape: (4, 3)
[[ -1  -1  -1]
 [ -1 436  -1]
 [ -1 442 466]
 [446 469 494]]
   -> Island 453 Shape: (4, 3)
[[ -1  -1  -1]
 [ -1 480  -1]
 [ -1 453 456]
 [425 428 432]]
   -> Island 700 Shape: (4, 3)
[[ -1  -1  -1]
 [ -1 697  -1]
 [ -1 700 724]
 [704 729  -1]]
   -> Island 727 Shape: (4, 3)
[[ -1  -1  -1]
 [ -1 747  -1]
 [ -1 727 750]
 [702 728 752]]
   -> Island 577 Shape: (4, 3)
[[ -1  -1  -1]
 [ -1 602  -1]
 [ -1 577 605]
 [555 581 607]]
[Diag] Wave step complete: Added 202 structural ears.
Wave 2
   -> Island 256 Shape: (3, 3)
[[277 256 234]
 [252 229 206]
 [ -1 226 204]]
   -> Island 358 Shape: (5, 4)
[[ -1  -1  -1  -1]
 [354 381 405  -1]
 [330 358 385 410]
 [334 359 388  -1]
 [ -1 338 363  -1]]
   -> Island 251 Shape: (5, 4)
[[ -1  -1  -1  -1]
 [278 257 232  -1]
 [274 251 228 207]
 [248 223 202  -1]
 [ -1 220 197  -1]]
   -> Island 111 Shape: (5, 4)
[[ -1  -1  -1  -1]
 [117  91  63  -1]
 [138 111  85  57]
 [134 108  79  -1]
 [ -1 128 103  -1]]
   -> Island 72 Shape: (5, 4)
[[ -1  -1  -1  -1]
 [ 51  45  41  -1]
 [ 76  72  69  64]
 [101  95  92  -1]
 [ -1 124 120  -1]]
   -> Island 556 Shape: (5, 4)
[[ -1  -1  -1  -1]
 [561 535 506  -1]
 [585 556 529 504]
 [580 553 528  -1]
 [ -1 578 550  -1]]
   -> Island 390 Shape: (5, 4)
[[ -1  -1  -1  -1]
 [416 396 373  -1]
 [412 390 367 345]
 [386 364 340  -1]
 [ -1 361 336  -1]]
   -> Island 165 Shape: (5, 4)
[[ -1  -1  -1  -1]
 [136 158 179  -1]
 [140 165 185 208]
 [168 191 211  -1]
 [ -1 194 215  -1]]
   -> Island 245 Shape: (5, 4)
[[ -1  -1  -1  -1]
 [272 249 224  -1]
 [268 245 222 198]
 [241 218 195  -1]
 [ -1 214 192  -1]]
   -> Island 284 Shape: (4, 4)
[[ -1  -1  -1  -1]
 [308 286 262  -1]
 [ -1 284 259 237]
 [ -1 255 230  -1]]
   -> Island 562 Shape: (5, 4)
[[ -1  -1  -1  -1]
 [586 592 596  -1]
 [557 562 566 572]
 [533 539 542  -1]
 [ -1 511 515  -1]]
   -> Island 82 Shape: (5, 4)
[[ -1  -1  -1  -1]
 [106 110  -1  -1]
 [ 80  82  86  90]
 [ 56  60  61  -1]
 [ -1  35  -1  -1]]
   -> Island 488 Shape: (5, 4)
[[ -1  -1  -1  -1]
 [459 485 508  -1]
 [464 488 514 536]
 [492 518 543  -1]
 [ -1 522 546  -1]]
   -> Island 201 Shape: (5, 4)
[[ -1  -1  -1  -1]
 [174 199 219  -1]
 [178 201 225 247]
 [205 227 250  -1]
 [ -1 233 254  -1]]
   -> Island 665 Shape: (5, 4)
[[ -1  -1  -1  -1]
 [643 638 632  -1]
 [671 665 661 655]
 [696 691 685  -1]
 [ -1 721 713  -1]]
   -> Island 139 Shape: (5, 4)
[[ -1  -1  -1  -1]
 [141 114  87  -1]
 [163 139 109  83]
 [160 132 107  -1]
 [ -1 156 129  -1]]
   -> Island 362 Shape: (5, 4)
[[ -1  -1  -1  -1]
 [357 384 408  -1]
 [335 362 387 413]
 [339 365 391  -1]
 [ -1 343 369  -1]]
   -> Island 23 Shape: (3, 4)
[[28 23 20 17]
 [46 43 38 -1]
 [-1 70 65 -1]]
   -> Island 633 Shape: (3, 3)
[[633 639 645]
 [610 615  -1]
 [ -1 587  -1]]
   -> Island 709 Shape: (5, 4)
[[ -1  -1  -1  -1]
 [734 735 737  -1]
 [706 709 711 715]
 [682 684 687  -1]
 [ -1 659 660  -1]]
   -> Island 690 Shape: (5, 4)
[[ -1  -1  -1  -1]
 [716 692 669  -1]
 [714 690 664 642]
 [686 662 637  -1]
 [ -1 658 635  -1]]
   -> Island 344 Shape: (5, 4)
[[ -1  -1  -1  -1]
 [323 316 313  -1]
 [348 344 341 337]
 [372 368 366  -1]
 [ -1 395 393  -1]]
   -> Island 319 Shape: (5, 4)
[[ -1  -1  -1  -1]
 [315 342 370  -1]
 [293 319 347 371]
 [297 322 350  -1]
 [ -1 301 326  -1]]
   -> Island 537 Shape: (5, 4)
[[ -1  -1  -1  -1]
 [534 560 588  -1]
 [510 537 565 590]
 [512 540 567  -1]
 [ -1 516 544  -1]]
   -> Island 302 Shape: (5, 4)
[[ -1  -1  -1  -1]
 [275 298 320  -1]
 [279 302 325 349]
 [306 329 352  -1]
 [ -1 333 356  -1]]
   -> Island 701 Shape: (5, 4)
[[ -1  -1  -1  -1]
 [730 703 680  -1]
 [726 701 677 653]
 [698 675 650  -1]
 [ -1 672 647  -1]]
   -> Island 497 Shape: (5, 4)
[[ -1  -1  -1  -1]
 [500 472 444  -1]
 [525 497 468 439]
 [521 493 465  -1]
 [ -1 517 489  -1]]
   -> Island 131 Shape: (5, 4)
[[ -1  -1  -1  -1]
 [113 104 100  -1]
 [137 131 126 122]
 [157 152 147  -1]
 [ -1 177 172  -1]]
   -> Island 10 Shape: (5, 4)
[[-1 -1 -1 -1]
 [ 7 27 49 -1]
 [-1 10 30 53]
 [ 0 11 34 -1]
 [-1  1 16 -1]]
   -> Island 187 Shape: (4, 4)
[[ -1  -1  -1  -1]
 [210 213 216  -1]
 [ -1 187 190 193]
 [ -1 162 166  -1]]
   -> Island 668 Shape: (5, 4)
[[ -1  -1  -1  -1]
 [641 666 689  -1]
 [646 668 694 717]
 [670 693 719  -1]
 [ -1  -1 722  -1]]
   -> Island 478 Shape: (5, 4)
[[ -1  -1  -1  -1]
 [505 482 458  -1]
 [501 478 454 430]
 [473 449 427  -1]
 [ -1 445 422  -1]]
   -> Island 447 Shape: (4, 4)
[[ -1  -1  -1  -1]
 [420 443 467  -1]
 [ -1 447 471 495]
 [ -1 474 496  -1]]
   -> Island 442 Shape: (5, 4)
[[ -1  -1  -1  -1]
 [415 436 461  -1]
 [419 442 466 490]
 [446 469 494  -1]
 [ -1 475 498  -1]]
   -> Island 453 Shape: (5, 4)
[[ -1  -1  -1  -1]
 [476 480 483  -1]
 [450 453 456 460]
 [425 428 432  -1]
 [ -1 402 407  -1]]
   -> Island 700 Shape: (5, 3)
[[ -1  -1  -1]
 [673 697 718]
 [676 700 724]
 [704 729  -1]
 [ -1 731  -1]]
   -> Island 727 Shape: (5, 3)
[[ -1  -1  -1]
 [723 747  -1]
 [699 727 750]
 [702 728 752]
 [ -1 705 733]]
   -> Island 577 Shape: (5, 4)
[[ -1  -1  -1  -1]
 [576 602 629  -1]
 [552 577 605 631]
 [555 581 607  -1]
 [ -1 558 584  -1]]
[Diag] Wave step complete: Added 391 structural ears.
Wave 3
   -> Island 358 Shape: (16, 7)
[[ -1  -1 360 389  -1  -1  -1]
 [ -1 337 366 393  -1  -1  -1]
 [ -1 313 341 368 395  -1  -1]
 [290 316 344 372 399  -1  -1]
 [ -1 294 323 348 376 403  -1]
 [ -1  -1  -1 354 381 405  -1]
 [ -1  -1  -1 330 358 385 410]
 [ -1  -1 307 334 359 388 414]
 [ -1  -1  -1 311 338 363 392]
 [ -1  -1  -1 315 342 370  -1]
 [ -1  -1  -1 293 319 347 371]
 [ -1 243 271 297 322 350 378]
 [ -1 220 248 274 301 326 353]
 [197 223 251 278  -1  -1  -1]
 [176 202 228 257 282  -1  -1]
 [180 207 232 260  -1  -1  -1]]
   -> Island 111 Shape: (6, 8)
[[ -1  -1  -1  -1  28  23  20  17]
 [ 68  63  57  52  46  43  38  36]
 [ 97  91  85  79  75  70  65  58]
 [117 111 108 103  -1  -1  -1  -1]
 [ -1 138 134 128  -1  -1  -1  -1]
 [ -1 159 154  -1  -1  -1  -1  -1]]
   -> Island 390 Shape: (29, 28)
[[ -1  -1  -1  -1  -1  -1  -1  -1  -1  -1  -1  -1  -1  -1  -1  -1  -1  -1  -1  -1  -1  -1  -1  -1  -1  -1  -1  -1]
 [ -1  -1  -1  -1  -1  -1  -1  -1  -1  -1  -1  -1  -1  -1 633  -1 688 718  -1  -1  -1  -1  -1  -1  -1  -1  -1  -1]
 [ -1  -1  -1  -1  -1  -1  -1  -1  -1  -1  -1  -1  -1 583 610 639 667 697 724  -1  -1  -1  -1  -1  -1  -1  -1  -1]
 [ -1  -1  -1  -1  -1  -1  -1  -1  -1  -1  -1  -1  -1 587 615 645 673 700 729  -1  -1  -1  -1  -1  -1  -1  -1  -1]
 [ -1  -1  -1  -1  -1  -1  -1  -1  -1  -1 479 508 536 564 593 621  -1 676 704 731  -1  -1  -1  -1  -1  -1  -1  -1]
 [ -1  -1  -1  -1  -1  -1  -1  -1  -1 455 485 514 543 570  -1  -1  -1 681 708  -1  -1  -1  -1  -1  -1  -1  -1  -1]
 [ -1  -1  -1  -1  -1  -1  -1  -1  -1  -1 459 488 518 546  -1  -1  -1 655 685 713  -1  -1  -1  -1  -1  -1  -1  -1]
 [ -1  -1  -1  -1  -1  -1  -1 382 409  -1 464 492 522  -1  -1  -1 632 661 691 721 745  -1  -1  -1  -1  -1  -1  -1]
 [ -1  -1  -1  -1  -1  -1  -1 361 386 412  -1 470 499  -1  -1  -1 608 638 665 696 723 747  -1  -1  -1  -1  -1  -1]
 [ -1  -1  -1 255 284 308 336 364 390 416 445 473 501 530 557 586 614 643 671 699 727 750  -1  -1  -1  -1  -1  -1]
 [ -1  -1  -1 230 259 286 312 340 367 396 422 449 478 505 533 562 592 618  -1 674 702 728 752  -1  -1  -1  -1  -1]
 [ -1 181 210 237 262 291 317 345 373 400 427 454 482 511 539 566 596  -1  -1 678 705 733 755  -1  -1  -1  -1  -1]
 [ -1  -1 187 213 239  -1 295 320 349 375 404 430 458 487 515 542 572  -1  -1  -1 679 710  -1  -1  -1  -1  -1  -1]
 [ -1 162 190 216  -1 270 298 325 352 380  -1 434 461 490 519 548  -1  -1  -1 658 686 714  -1  -1  -1  -1  -1  -1]
 [ -1  -1 166 193 219 247 275 302 329 356  -1 411 436 466 494 524 550 578 606 635 662 690 716  -1  -1  -1  -1  -1]
 [ -1  -1 170 199 225 250 279 306 333  -1  -1 415 442 469 498 528 553 580 609 637 664 692 720  -1  -1  -1  -1  -1]
 [ -1  -1  -1 174 201 227 254 283 310  -1  -1  -1 419 446 475 504 529 556 585 613 642 669 695 725  -1  -1  -1  -1]
 [ -1  -1  -1 178 205 233  -1  -1  -1  -1  -1  -1 423 448  -1 506 535 561  -1  -1  -1 672 698 726  -1  -1  -1  -1]
 [ -1 102 129 156 183 209  -1  -1  -1  -1  -1  -1  -1  -1  -1  -1 509 538  -1  -1  -1 647 675 701 730  -1  -1  -1]
 [ 77 107 132 160 186  -1  -1  -1  -1  -1  -1  -1  -1  -1  -1  -1  -1  -1  -1  -1 624 650 677 703 732  -1  -1  -1]
 [ -1  83 109 139 163  -1  -1  -1  -1  -1  -1  -1  -1  -1  -1  -1  -1  -1  -1  -1 600 627 653 680 706 734 753  -1]
 [ -1  87 114 141  -1  -1  -1  -1  -1  -1  -1  -1  -1  -1  -1  -1  -1  -1  -1 576 602 629 657 682 709 735 756  -1]
 [ -1  64  92 120  -1  -1  -1  -1  -1  -1  -1  -1  -1  -1  -1  -1  -1  -1  -1 552 577 605 631 659 684 711 737  -1]
 [ 41  69  95 124  -1  -1  -1  -1  -1  -1  -1  -1  -1  -1  -1  -1  -1  -1 527 555 581 607 634 660 687 715  -1  -1]
 [ 22  45  72 101 127  -1  -1  -1  -1  -1  -1  -1  -1  -1  -1  -1  -1  -1  -1 531 558 584 611  -1 663 689 717 742]
 [ 24  51  76 105  -1  -1  -1  -1  -1  -1  -1  -1  -1  -1  -1  -1  -1  -1  -1 534 560 588  -1 640 666 694 719 744]
 [ -1  -1  -1  -1  -1  -1  -1  -1  -1  -1  -1  -1  -1  -1  -1  -1  -1  -1  -1 510 537 565 590  -1 641 668 693 722]
 [ -1  -1  -1  -1  -1  -1  -1  -1  -1  -1  -1  -1  -1  -1  -1  -1  -1  -1 486 512 540 567 594  -1 646 670  -1  -1]
 [ -1  -1  -1  -1  -1  -1  -1  -1  -1  -1  -1  -1  -1  -1  -1  -1  -1  -1  -1 491 516 544 568  -1  -1  -1  -1  -1]]
   -> Island 165 Shape: (5, 5)
[[ -1  -1 130 153  -1]
 [ -1 136 158 179  -1]
 [ -1 140 165 185 208]
 [146 168 191 211 235]
 [ -1 171 194 215 240]]
   -> Island 245 Shape: (5, 5)
[[ -1  -1 276 253  -1]
 [ -1 272 249 224  -1]
 [ -1 268 245 222 198]
 [264 241 218 195 173]
 [ -1 236 214 192 169]]
   -> Island 82 Shape: (5, 4)
[[ -1 133  -1  -1]
 [106 110  -1  -1]
 [ 80  82  86  90]
 [ 56  60  61  67]
 [ 32  35  -1  -1]]
   -> Island 362 Shape: (12, 12)
[[ -1  -1  -1  -1  -1  -1  -1  -1  -1  -1  -1  -1]
 [ -1  -1  -1  -1  -1  -1  -1  -1 438 462  -1  -1]
 [ -1  -1  -1  -1  -1  -1  -1  -1 439 465 489  -1]
 [ -1  -1  -1  -1  -1 398 421 444 468 493 517  -1]
 [ -1 314 335 357 379 402 425 450 472 497 521 545]
 [318 339 362 384 407 428 453 476 500 525 549  -1]
 [ -1 343 365 387 408 432 456 480 503  -1  -1  -1]
 [ -1 369 391 413 435 460 483 507  -1  -1  -1  -1]
 [ -1  -1 394 417 441  -1  -1  -1  -1  -1  -1  -1]
 [ -1  -1 420 443 467  -1  -1  -1  -1  -1  -1  -1]
 [ -1  -1 424 447 471 495  -1  -1  -1  -1  -1  -1]
 [ -1  -1  -1 474 496 520  -1  -1  -1  -1  -1  -1]]
   -> Island 131 Shape: (9, 5)
[[ -1  -1  84  78  -1]
 [ -1 113 104 100  -1]
 [ -1 137 131 126 122]
 [161 157 152 147 143]
 [ -1 182 177 172 167]
 [206 204  -1  -1  -1]
 [234 229 226  -1  -1]
 [256 252 246  -1  -1]
 [280 277 273  -1  -1]]
   -> Island 10 Shape: (5, 4)
[[-1 -1 48 -1]
 [ 7 27 49 -1]
 [-1 10 30 53]
 [ 0 11 34 59]
 [-1  1 16 39]]
[Diag] Wave step complete: Added 674 structural ears.
Wave 4
   -> Island 390 Shape: (35, 28)
[[ -1  -1  -1  -1  -1  -1  -1  -1  -1  -1  -1  -1  -1  -1  -1  -1  -1  -1  -1  -1  -1  -1  -1  -1  -1  -1  -1  -1]
 [ -1  -1  -1  -1  -1  -1  -1  -1  -1  -1  -1  -1  -1 744 722  -1  -1  -1  -1  -1  -1  -1  -1  -1  -1  -1  -1  -1]
 [ -1  -1  -1  -1  -1  -1  -1  -1  -1  -1  -1  -1  -1 742 719 693 670  -1  -1  -1  -1  -1  -1  -1  -1  -1  -1  -1]
 [ -1  -1  -1  -1  -1  -1  -1  -1  -1  -1  -1 757 740 717 694 668 646  -1  -1  -1  -1  -1  -1  -1  -1  -1  -1  -1]
 [ -1  -1  -1  -1  -1  -1  -1  -1  -1  -1  -1 756 737 715 689 666 641 619  -1  -1  -1  -1  -1  -1  -1  -1  -1  -1]
 [ -1  -1  -1  -1  -1  -1  -1  -1  -1  -1 753 735 711 687 663 640 616 594 568 547 523  -1  -1  -1  -1  -1  -1  -1]
 [ -1  -1  -1  -1  -1  -1  -1  -1  -1  -1 754 734 709 684 660 636 612 590 567 544 520 496 474  -1  -1  -1  -1  -1]
 [ -1  -1  -1  -1  -1  -1  -1  -1  -1 751 732 706 682 659 634 611 588 565 540 516 495 471 447 424  -1  -1  -1  -1]
 [ -1  -1  -1  -1  -1  -1  -1  -1  -1 749 730 703 680 657 631 607 584 560 537 512 491 467 443 420 401  -1  -1  -1]
 [ -1  -1  -1  -1  -1  -1  -1  -1 748 726 701 677 653 629 605 581 558 534 510 486 463 441 417 394 374  -1  -1  -1]
 [ -1  -1  -1  -1  -1  -1  -1  -1  -1 725 698 675 650 627 602 577 555 531 507 483 460 435 413 391 369 346  -1  -1]
 [ -1  -1  -1  -1  -1  -1  -1 743 720 695 672 647 624 600 576 552 527 503 480 456 432 408 387 365 343 321  -1  -1]
 [ -1  -1  -1  -1  -1  -1  -1 739 716 692 669 644 620  -1 571 549 525 500 476 453 428 407 384 362 339 318  -1  -1]
 [ -1  -1  -1  -1  -1 755 736 714 690 664 642 617  -1  -1 545 521 497 472 450 425 402 379 357 335 314  -1  -1  -1]
 [ -1  -1  -1  -1  -1 752 733 710 686 662 637 613 589 563 541 517 493 468 444 421 398 378 353 331 309  -1  -1  -1]
 [ -1  -1  -1  -1 750 728 705 679 658 635 609 585 561 538 513 489 465 439 418 397 371 350 326 305 282 260 238  -1]
 [ -1  -1  -1  -1 747 727 702 678 654 628 606 580 556 535 509 484 462 438 414 392 370 347 322 301 278 257 232 212]
 [ -1  -1  -1 745 723 699 674  -1  -1 603 578 553 529 506 481  -1 433 410 388 363 342 319 297 274 251 228 207 184]
 [ -1  -1  -1 741 721 696 671 648 623 599 575 550 528 504 477  -1 429 405 385 359 338 315 293 271 248 223 202 180]
 [ -1  -1 738 713 691 665 643 618 596 572 548 524 498 475 448  -1 403 381 358 334 311 289 266 243 220 197 176  -1]
 [ -1  -1 731 708 685 661 638 614 592 566 542 519 494 469 446 423 399 376 354 330 307  -1  -1 240 215 194 171  -1]
 [ -1 729 704 681 655 632 608 586 562 539 515 490 466 442 419 395 372 348 327 303  -1  -1 235 211 191 168 146  -1]
 [ -1 724 700 676 652 630 604 582 557 533 511 487 461 436 415 393 368 344 323 300 276 253 231 208 185 165 140 119]
 [718 697 673 649  -1  -1  -1 554 530 505 482 458 434 411 389 366 341 316 294 272 249 224 203 179 158 136 115  -1]
 [712 688 667 645 621  -1 573 551 526 501 478 454 430 406 383 360 337 313 290 268 245 222 198 175 153 130 112  -1]
 [ -1  -1 639 615 593 570 546 522 499 473 449 427 404 380 356 333 310 288 264 241 218 195 173 150 127 105  81  -1]
 [ -1  -1 633 610 587 564 543 518 492 470 445 422 400 375 352 329 306 283 261 236 214 192 169 145 124 101  76  54]
 [ -1  -1  -1 583 559 536 514 488 464 440 416 396 373 349 325 302 279 254 233 209 186 163 141 120  95  72  51  29]
 [ -1  -1  -1  -1  -1 532 508 485 459 437 412 390 367 345 320 298 275 250 227 205 183 160 139 114  92  69  45  24]
 [ -1  -1  -1  -1  -1 502 479 455 431 409 386 364 340 317 295 270 247 225 201 178 156 132 109  87  64  41  22  -1]
 [ -1  -1  -1  -1  -1  -1  -1  -1  -1  -1 382 361 336 312 291 267 244 219 199 174 151 129 107  83  59  39  19  -1]
 [ -1  -1  -1  -1  -1  -1  -1  -1  -1  -1 355 332 308 286 262 239 216 193 170 148 125 102  77  53  34  16   2  -1]
 [ -1  -1  -1  -1  -1  -1  -1  -1  -1  -1  -1  -1  -1 284 259 237 213 190 166 144  -1  -1  74  49  30  11   1  -1]
 [ -1  -1  -1  -1  -1  -1  -1  -1  -1  -1  -1  -1  -1 255 230 210 187 162  -1  -1  -1  -1  48  27  10   0  -1  -1]
 [ -1  -1  -1  -1  -1  -1  -1  -1  -1  -1  -1  -1  -1  -1  -1  -1 181  -1  -1  -1  -1  -1  -1  -1   7  -1  -1  -1]]
   -> Island 82 Shape: (6, 5)
[[ -1 133 135  -1  -1]
 [106 110  -1  -1  -1]
 [ 80  82  86  90  96]
 [ 56  60  61  67  -1]
 [ 32  35  -1  40  -1]
 [ 14  -1  -1  -1  -1]]
   -> Island 131 Shape: (11, 14)
[[ -1  -1  -1  -1  -1  -1  42  37  33  28  23  20  17  12]
 [ -1  89  84  78  73  68  63  57  52  46  43  38  36  -1]
 [ -1 116 113 104 100  97  91  85  79  75  70  65  58  -1]
 [142 137 131 126 122 117 111 108 103  98  93  88  -1  -1]
 [ -1 161 157 152 147 143 138 134 128 123  -1  -1  -1  -1]
 [188 182 177 172 167 164 159 154 149  -1  -1  -1  -1  -1]
 [ -1 206 204 200 196  -1  -1  -1  -1  -1  -1  -1  -1  -1]
 [234 229 226 221  -1  -1  -1  -1  -1  -1  -1  -1  -1  -1]
 [ -1 256 252 246  -1  -1  -1  -1  -1  -1  -1  -1  -1  -1]
 [280 277 273  -1  -1  -1  -1  -1  -1  -1  -1  -1  -1  -1]
 [ -1 304 299  -1  -1  -1  -1  -1  -1  -1  -1  -1  -1  -1]]
[Diag] Wave step complete: Added 988 structural ears.
Wave 5
   -> Island 390 Shape: (39, 35)
[[ -1  -1  -1  -1  -1  -1  -1  -1  -1  -1  -1  -1  -1  -1  -1  -1  -1  -1  -1  -1  -1  -1  -1  -1  -1  -1  -1  -1  -1  -1  -1  -1  -1  -1  -1]
 [ -1  -1  -1  -1  -1  -1  -1  -1  -1  -1  -1  -1 761 744 722  -1  -1  -1  -1  -1  -1  -1  -1  -1  -1  -1  -1  -1  -1  -1  -1  -1  -1  -1  -1]
 [ -1  -1  -1  -1  -1  -1  -1  -1  -1  -1  -1  -1 759 742 719 693 670  -1  -1  -1  -1  -1  -1  -1  -1  -1  -1  -1  -1  -1  -1  -1  -1  -1  -1]
 [ -1  -1  -1  -1  -1  -1  -1  -1  -1  -1 770 757 740 717 694 668 646 622  -1  -1  -1  -1  -1  -1  -1  -1  -1  -1  -1  -1  -1  -1  -1  -1  -1]
 [ -1  -1  -1  -1  -1  -1  -1  -1  -1  -1 769 756 737 715 689 666 641 619 595 574  -1  -1  -1  -1  -1  -1  -1  -1  -1  -1  -1  -1  -1  -1  -1]
 [ -1  -1  -1  -1  -1  -1  -1  -1  -1 768 753 735 711 687 663 640 616 594 568 547 523  -1  -1  -1  -1  -1  -1  -1  -1  -1  -1  -1  -1  -1  -1]
 [ -1  -1  -1  -1  -1  -1  -1  -1  -1  -1 754 734 709 684 660 636 612 590 567 544 520 496 474  -1  -1  -1  -1  -1  -1  -1  -1  -1  -1  -1  -1]
 [ -1  -1  -1  -1  -1  -1  -1  -1  -1 751 732 706 682 659 634 611 588 565 540 516 495 471 447 424  -1  -1  -1  -1  -1  -1  -1  -1  -1  -1  -1]
 [ -1  -1  -1  -1  -1  -1  -1  -1  -1 749 730 703 680 657 631 607 584 560 537 512 491 467 443 420 401  -1  -1  -1  -1  -1  -1  -1  -1  -1  -1]
 [ -1  -1  -1  -1  -1  -1  -1  -1 748 726 701 677 653 629 605 581 558 534 510 486 463 441 417 394 374  -1  -1  -1  -1  -1  -1  -1  -1  -1  -1]
 [ -1  -1  -1  -1  -1  -1  -1  -1 746 725 698 675 650 627 602 577 555 531 507 483 460 435 413 391 369 346  -1 304 280  -1  -1  -1  -1  -1  -1]
 [ -1  -1  -1  -1  -1  -1  -1 743 720 695 672 647 624 600 576 552 527 503 480 456 432 408 387 365 343 321 299 277 256 234  -1  -1  -1  -1  -1]
 [ -1  -1  -1  -1  -1  -1 758 739 716 692 669 644 620 597 571 549 525 500 476 453 428 407 384 362 339 318 296 273 252 229 206 188  -1  -1  -1]
 [ -1  -1  -1  -1  -1 755 736 714 690 664 642 617  -1 569 545 521 497 472 450 425 402 379 357 335 314 292 269 246 226 204 182 161 142  -1  -1]
 [ -1  -1  -1  -1  -1 752 733 710 686 662 637 613 589 563 541 517 493 468 444 421 398 378 353 331 309 287 265 242 221 200 177 157 137 116  -1]
 [ -1  -1  -1  -1 750 728 705 679 658 635 609 585 561 538 513 489 465 439 418 397 371 350 326 305 282 260 238  -1 196 172 152 131 113  89  -1]
 [ -1  -1  -1  -1 747 727 702 678 654 628 606 580 556 535 509 484 462 438 414 392 370 347 322 301 278 257 232 212 189 167 147 126 104  84  62]
 [ -1  -1  -1 745 723 699 674 651  -1 603 578 553 529 506 481 457 433 410 388 363 342 319 297 274 251 228 207 184 164 143 122 100  78  55  -1]
 [ -1  -1  -1 741 721 696 671 648 623 599 575 550 528 504 477 452 429 405 385 359 338 315 293 271 248 223 202 180 159 138 117  97  73  50  -1]
 [ -1  -1 738 713 691 665 643 618 596 572 548 524 498 475 448 426 403 381 358 334 311 289 266 243 220 197 176 154 134 111  91  68  47  -1  -1]
 [ -1  -1 731 708 685 661 638 614 592 566 542 519 494 469 446 423 399 376 354 330 307 285 263 240 215 194 171 149 128 108  85  63  42  -1  -1]
 [ -1 729 704 681 655 632 608 586 562 539 515 490 466 442 419 395 372 348 327 303 281 258 235 211 191 168 146 123 103  79  57  37  -1  -1  -1]
 [ -1 724 700 676 652 630 604 582 557 533 511 487 461 436 415 393 368 344 323 300 276 253 231 208 185 165 140 119  98  75  52  33  -1  -1  -1]
 [718 697 673 649 625  -1  -1 554 530 505 482 458 434 411 389 366 341 316 294 272 249 224 203 179 158 136 115  93  70  46  28  -1  -1  -1  -1]
 [712 688 667 645 621 598 573 551 526 501 478 454 430 406 383 360 337 313 290 268 245 222 198 175 153 130 112  88  65  43  23  -1  -1  -1  -1]
 [683  -1 639 615 593 570 546 522 499 473 449 427 404 380 356 333 310 288 264 241 218 195 173 150 127 105  81  58  38  20  -1  -1  -1  -1  -1]
 [ -1  -1 633 610 587 564 543 518 492 470 445 422 400 375 352 329 306 283 261 236 214 192 169 145 124 101  76  54  36  17  -1  -1  -1  -1  -1]
 [ -1  -1  -1 583 559 536 514 488 464 440 416 396 373 349 325 302 279 254 233 209 186 163 141 120  95  72  51  29  12  -1  -1  -1  -1  -1  -1]
 [ -1  -1  -1  -1  -1 532 508 485 459 437 412 390 367 345 320 298 275 250 227 205 183 160 139 114  92  69  45  24   9  -1  -1  -1  -1  -1  -1]
 [ -1  -1  -1  -1  -1 502 479 455 431 409 386 364 340 317 295 270 247 225 201 178 156 132 109  87  64  41  22   6  -1  -1  -1  -1  -1  -1  -1]
 [ -1  -1  -1  -1  -1  -1  -1 451  -1  -1 382 361 336 312 291 267 244 219 199 174 151 129 107  83  59  39  19   4  -1  -1  -1  -1  -1  -1  -1]
 [ -1  -1  -1  -1  -1  -1  -1  -1  -1  -1 355 332 308 286 262 239 216 193 170 148 125 102  77  53  34  16   2  -1  -1  -1  -1  -1  -1  -1  -1]
 [ -1  -1  -1  -1  -1  -1  -1  -1  -1  -1  -1  -1  -1 284 259 237 213 190 166 144  -1  99  74  49  30  11   1  -1  -1  -1  -1  -1  -1  -1  -1]
 [ -1  -1  -1  -1  -1  -1  -1  -1  -1  -1  -1  -1  -1 255 230 210 187 162  -1 118  96  71  48  27  10   0  -1  -1  -1  -1  -1  -1  -1  -1  -1]
 [ -1  -1  -1  -1  -1  -1  -1  -1  -1  -1  -1  -1  -1  -1  -1  -1 181  -1 135  -1  90  67  44  -1   7  -1  -1  -1  -1  -1  -1  -1  -1  -1  -1]
 [ -1  -1  -1  -1  -1  -1  -1  -1  -1  -1  -1  -1  -1  -1  -1  -1  -1 133 110  86  61  40  -1  -1  -1  -1  -1  -1  -1  -1  -1  -1  -1  -1  -1]
 [ -1  -1  -1  -1  -1  -1  -1  -1  -1  -1  -1  -1  -1  -1  -1  -1  -1  -1 106  82  60  -1  -1  -1  -1  -1  -1  -1  -1  -1  -1  -1  -1  -1  -1]
 [ -1  -1  -1  -1  -1  -1  -1  -1  -1  -1  -1  -1  -1  -1  -1  -1  -1  -1  80  56  35  15  -1  -1  -1  -1  -1  -1  -1  -1  -1  -1  -1  -1  -1]
 [ -1  -1  -1  -1  -1  -1  -1  -1  -1  -1  -1  -1  -1  -1  -1  -1  -1  -1  -1  -1  32  14  -1  -1  -1  -1  -1  -1  -1  -1  -1  -1  -1  -1  -1]]
[Diag] Wave step complete: Added 990 structural ears.
Wave 6
   -> Island 390 Shape: (39, 36)
[[ -1  -1  -1  -1  -1  -1  -1  -1  -1  -1  -1  -1  -1  -1 762  -1  -1  -1  -1  -1  -1  -1  -1  -1  -1  -1  -1  -1  -1  -1  -1  -1  -1  -1  -1  -1]
 [ -1  -1  -1  -1  -1  -1  -1  -1  -1  -1  -1  -1  -1 761 744 722  -1  -1  -1  -1  -1  -1  -1  -1  -1  -1  -1  -1  -1  -1  -1  -1  -1  -1  -1  -1]
 [ -1  -1  -1  -1  -1  -1  -1  -1  -1  -1  -1  -1 772 759 742 719 693 670  -1  -1  -1  -1  -1  -1  -1  -1  -1  -1  -1  -1  -1  -1  -1  -1  -1  -1]
 [ -1  -1  -1  -1  -1  -1  -1  -1  -1  -1  -1 770 757 740 717 694 668 646 622  -1  -1  -1  -1  -1  -1  -1  -1  -1  -1  -1  -1  -1  -1  -1  -1  -1]
 [ -1  -1  -1  -1  -1  -1  -1  -1  -1  -1  -1 769 756 737 715 689 666 641 619 595 574  -1  -1  -1  -1  -1  -1  -1  -1  -1  -1  -1  -1  -1  -1  -1]
 [ -1  -1  -1  -1  -1  -1  -1  -1  -1  -1 768 753 735 711 687 663 640 616 594 568 547 523  -1  -1  -1  -1  -1  -1  -1  -1  -1  -1  -1  -1  -1  -1]
 [ -1  -1  -1  -1  -1  -1  -1  -1  -1  -1 767 754 734 709 684 660 636 612 590 567 544 520 496 474  -1  -1  -1  -1  -1  -1  -1  -1  -1  -1  -1  -1]
 [ -1  -1  -1  -1  -1  -1  -1  -1  -1 766 751 732 706 682 659 634 611 588 565 540 516 495 471 447 424  -1  -1  -1  -1  -1  -1  -1  -1  -1  -1  -1]
 [ -1  -1  -1  -1  -1  -1  -1  -1  -1 765 749 730 703 680 657 631 607 584 560 537 512 491 467 443 420 401 377  -1  -1  -1  -1  -1  -1  -1  -1  -1]
 [ -1  -1  -1  -1  -1  -1  -1  -1 764 748 726 701 677 653 629 605 581 558 534 510 486 463 441 417 394 374 351  -1  -1  -1  -1  -1  -1  -1  -1  -1]
 [ -1  -1  -1  -1  -1  -1  -1  -1 763 746 725 698 675 650 627 602 577 555 531 507 483 460 435 413 391 369 346 324 304 280  -1  -1  -1  -1  -1  -1]
 [ -1  -1  -1  -1  -1  -1  -1 760 743 720 695 672 647 624 600 576 552 527 503 480 456 432 408 387 365 343 321 299 277 256 234  -1  -1  -1  -1  -1]
 [ -1  -1  -1  -1  -1  -1  -1 758 739 716 692 669 644 620 597 571 549 525 500 476 453 428 407 384 362 339 318 296 273 252 229 206 188  -1  -1  -1]
 [ -1  -1  -1  -1  -1  -1 755 736 714 690 664 642 617 591 569 545 521 497 472 450 425 402 379 357 335 314 292 269 246 226 204 182 161 142  -1  -1]
 [ -1  -1  -1  -1  -1  -1 752 733 710 686 662 637 613 589 563 541 517 493 468 444 421 398 378 353 331 309 287 265 242 221 200 177 157 137 116  94]
 [ -1  -1  -1  -1  -1 750 728 705 679 658 635 609 585 561 538 513 489 465 439 418 397 371 350 326 305 282 260 238 217 196 172 152 131 113  89  66]
 [ -1  -1  -1  -1  -1 747 727 702 678 654 628 606 580 556 535 509 484 462 438 414 392 370 347 322 301 278 257 232 212 189 167 147 126 104  84  62]
 [ -1  -1  -1  -1 745 723 699 674 651 626 603 578 553 529 506 481 457 433 410 388 363 342 319 297 274 251 228 207 184 164 143 122 100  78  55  -1]
 [ -1  -1  -1  -1 741 721 696 671 648 623 599 575 550 528 504 477 452 429 405 385 359 338 315 293 271 248 223 202 180 159 138 117  97  73  50  -1]
 [ -1  -1  -1 738 713 691 665 643 618 596 572 548 524 498 475 448 426 403 381 358 334 311 289 266 243 220 197 176 154 134 111  91  68  47  -1  -1]
 [ -1  -1  -1 731 708 685 661 638 614 592 566 542 519 494 469 446 423 399 376 354 330 307 285 263 240 215 194 171 149 128 108  85  63  42  -1  -1]
 [ -1  -1 729 704 681 655 632 608 586 562 539 515 490 466 442 419 395 372 348 327 303 281 258 235 211 191 168 146 123 103  79  57  37  -1  -1  -1]
 [ -1  -1 724 700 676 652 630 604 582 557 533 511 487 461 436 415 393 368 344 323 300 276 253 231 208 185 165 140 119  98  75  52  33  -1  -1  -1]
 [ -1 718 697 673 649 625 601 579 554 530 505 482 458 434 411 389 366 341 316 294 272 249 224 203 179 158 136 115  93  70  46  28  -1  -1  -1  -1]
 [ -1 712 688 667 645 621 598 573 551 526 501 478 454 430 406 383 360 337 313 290 268 245 222 198 175 153 130 112  88  65  43  23  -1  -1  -1  -1]
 [707 683  -1 639 615 593 570 546 522 499 473 449 427 404 380 356 333 310 288 264 241 218 195 173 150 127 105  81  58  38  20  -1  -1  -1  -1  -1]
 [ -1  -1  -1 633 610 587 564 543 518 492 470 445 422 400 375 352 329 306 283 261 236 214 192 169 145 124 101  76  54  36  17  -1  -1  -1  -1  -1]
 [ -1  -1  -1  -1 583 559 536 514 488 464 440 416 396 373 349 325 302 279 254 233 209 186 163 141 120  95  72  51  29  12  -1  -1  -1  -1  -1  -1]
 [ -1  -1  -1  -1  -1  -1 532 508 485 459 437 412 390 367 345 320 298 275 250 227 205 183 160 139 114  92  69  45  24   9  -1  -1  -1  -1  -1  -1]
 [ -1  -1  -1  -1  -1  -1 502 479 455 431 409 386 364 340 317 295 270 247 225 201 178 156 132 109  87  64  41  22   6  -1  -1  -1  -1  -1  -1  -1]
 [ -1  -1  -1  -1  -1  -1  -1  -1 451  -1  -1 382 361 336 312 291 267 244 219 199 174 151 129 107  83  59  39  19   4  -1  -1  -1  -1  -1  -1  -1]
 [ -1  -1  -1  -1  -1  -1  -1  -1  -1  -1  -1 355 332 308 286 262 239 216 193 170 148 125 102  77  53  34  16   2  -1  -1  -1  -1  -1  -1  -1  -1]
 [ -1  -1  -1  -1  -1  -1  -1  -1  -1  -1  -1  -1  -1  -1 284 259 237 213 190 166 144 121  99  74  49  30  11   1  -1  -1  -1  -1  -1  -1  -1  -1]
 [ -1  -1  -1  -1  -1  -1  -1  -1  -1  -1  -1  -1  -1  -1 255 230 210 187 162  -1 118  96  71  48  27  10   0  -1  -1  -1  -1  -1  -1  -1  -1  -1]
 [ -1  -1  -1  -1  -1  -1  -1  -1  -1  -1  -1  -1  -1  -1  -1  -1  -1 181  -1 135  -1  90  67  44  -1   7  -1  -1  -1  -1  -1  -1  -1  -1  -1  -1]
 [ -1  -1  -1  -1  -1  -1  -1  -1  -1  -1  -1  -1  -1  -1  -1  -1  -1  -1 133 110  86  61  40  21  -1  -1  -1  -1  -1  -1  -1  -1  -1  -1  -1  -1]
 [ -1  -1  -1  -1  -1  -1  -1  -1  -1  -1  -1  -1  -1  -1  -1  -1  -1  -1  -1 106  82  60  -1  -1  -1  -1  -1  -1  -1  -1  -1  -1  -1  -1  -1  -1]
 [ -1  -1  -1  -1  -1  -1  -1  -1  -1  -1  -1  -1  -1  -1  -1  -1  -1  -1  -1  80  56  35  15  -1  -1  -1  -1  -1  -1  -1  -1  -1  -1  -1  -1  -1]
 [ -1  -1  -1  -1  -1  -1  -1  -1  -1  -1  -1  -1  -1  -1  -1  -1  -1  -1  -1  -1  -1  32  14  -1  -1  -1  -1  -1  -1  -1  -1  -1  -1  -1  -1  -1]]
[Diag] Wave step complete: Added 486 structural ears.
Wave 7
   -> Island 390 Shape: (39, 36)
[[ -1  -1  -1  -1  -1  -1  -1  -1  -1  -1  -1  -1  -1 773 762  -1  -1  -1  -1  -1  -1  -1  -1  -1  -1  -1  -1  -1  -1  -1  -1  -1  -1  -1  -1  -1]
 [ -1  -1  -1  -1  -1  -1  -1  -1  -1  -1  -1  -1 771 761 744 722  -1  -1  -1  -1  -1  -1  -1  -1  -1  -1  -1  -1  -1  -1  -1  -1  -1  -1  -1  -1]
 [ -1  -1  -1  -1  -1  -1  -1  -1  -1  -1  -1  -1 772 759 742 719 693 670  -1  -1  -1  -1  -1  -1  -1  -1  -1  -1  -1  -1  -1  -1  -1  -1  -1  -1]
 [ -1  -1  -1  -1  -1  -1  -1  -1  -1  -1  -1 770 757 740 717 694 668 646 622  -1  -1  -1  -1  -1  -1  -1  -1  -1  -1  -1  -1  -1  -1  -1  -1  -1]
 [ -1  -1  -1  -1  -1  -1  -1  -1  -1  -1  -1 769 756 737 715 689 666 641 619 595 574  -1  -1  -1  -1  -1  -1  -1  -1  -1  -1  -1  -1  -1  -1  -1]
 [ -1  -1  -1  -1  -1  -1  -1  -1  -1  -1 768 753 735 711 687 663 640 616 594 568 547 523  -1  -1  -1  -1  -1  -1  -1  -1  -1  -1  -1  -1  -1  -1]
 [ -1  -1  -1  -1  -1  -1  -1  -1  -1  -1 767 754 734 709 684 660 636 612 590 567 544 520 496 474  -1  -1  -1  -1  -1  -1  -1  -1  -1  -1  -1  -1]
 [ -1  -1  -1  -1  -1  -1  -1  -1  -1 766 751 732 706 682 659 634 611 588 565 540 516 495 471 447 424  -1  -1  -1  -1  -1  -1  -1  -1  -1  -1  -1]
 [ -1  -1  -1  -1  -1  -1  -1  -1  -1 765 749 730 703 680 657 631 607 584 560 537 512 491 467 443 420 401 377  -1  -1  -1  -1  -1  -1  -1  -1  -1]
 [ -1  -1  -1  -1  -1  -1  -1  -1 764 748 726 701 677 653 629 605 581 558 534 510 486 463 441 417 394 374 351 328  -1  -1  -1  -1  -1  -1  -1  -1]
 [ -1  -1  -1  -1  -1  -1  -1  -1 763 746 725 698 675 650 627 602 577 555 531 507 483 460 435 413 391 369 346 324 304 280  -1  -1  -1  -1  -1  -1]
 [ -1  -1  -1  -1  -1  -1  -1 760 743 720 695 672 647 624 600 576 552 527 503 480 456 432 408 387 365 343 321 299 277 256 234  -1  -1  -1  -1  -1]
 [ -1  -1  -1  -1  -1  -1  -1 758 739 716 692 669 644 620 597 571 549 525 500 476 453 428 407 384 362 339 318 296 273 252 229 206 188  -1  -1  -1]
 [ -1  -1  -1  -1  -1  -1 755 736 714 690 664 642 617 591 569 545 521 497 472 450 425 402 379 357 335 314 292 269 246 226 204 182 161 142  -1  -1]
 [ -1  -1  -1  -1  -1  -1 752 733 710 686 662 637 613 589 563 541 517 493 468 444 421 398 378 353 331 309 287 265 242 221 200 177 157 137 116  94]
 [ -1  -1  -1  -1  -1 750 728 705 679 658 635 609 585 561 538 513 489 465 439 418 397 371 350 326 305 282 260 238 217 196 172 152 131 113  89  66]
 [ -1  -1  -1  -1  -1 747 727 702 678 654 628 606 580 556 535 509 484 462 438 414 392 370 347 322 301 278 257 232 212 189 167 147 126 104  84  62]
 [ -1  -1  -1  -1 745 723 699 674 651 626 603 578 553 529 506 481 457 433 410 388 363 342 319 297 274 251 228 207 184 164 143 122 100  78  55  -1]
 [ -1  -1  -1  -1 741 721 696 671 648 623 599 575 550 528 504 477 452 429 405 385 359 338 315 293 271 248 223 202 180 159 138 117  97  73  50  -1]
 [ -1  -1  -1 738 713 691 665 643 618 596 572 548 524 498 475 448 426 403 381 358 334 311 289 266 243 220 197 176 154 134 111  91  68  47  -1  -1]
 [ -1  -1  -1 731 708 685 661 638 614 592 566 542 519 494 469 446 423 399 376 354 330 307 285 263 240 215 194 171 149 128 108  85  63  42  -1  -1]
 [ -1  -1 729 704 681 655 632 608 586 562 539 515 490 466 442 419 395 372 348 327 303 281 258 235 211 191 168 146 123 103  79  57  37  -1  -1  -1]
 [ -1  -1 724 700 676 652 630 604 582 557 533 511 487 461 436 415 393 368 344 323 300 276 253 231 208 185 165 140 119  98  75  52  33  -1  -1  -1]
 [ -1 718 697 673 649 625 601 579 554 530 505 482 458 434 411 389 366 341 316 294 272 249 224 203 179 158 136 115  93  70  46  28  -1  -1  -1  -1]
 [ -1 712 688 667 645 621 598 573 551 526 501 478 454 430 406 383 360 337 313 290 268 245 222 198 175 153 130 112  88  65  43  23  -1  -1  -1  -1]
 [707 683  -1 639 615 593 570 546 522 499 473 449 427 404 380 356 333 310 288 264 241 218 195 173 150 127 105  81  58  38  20  -1  -1  -1  -1  -1]
 [ -1  -1  -1 633 610 587 564 543 518 492 470 445 422 400 375 352 329 306 283 261 236 214 192 169 145 124 101  76  54  36  17  -1  -1  -1  -1  -1]
 [ -1  -1  -1  -1 583 559 536 514 488 464 440 416 396 373 349 325 302 279 254 233 209 186 163 141 120  95  72  51  29  12  -1  -1  -1  -1  -1  -1]
 [ -1  -1  -1  -1  -1  -1 532 508 485 459 437 412 390 367 345 320 298 275 250 227 205 183 160 139 114  92  69  45  24   9  -1  -1  -1  -1  -1  -1]
 [ -1  -1  -1  -1  -1  -1 502 479 455 431 409 386 364 340 317 295 270 247 225 201 178 156 132 109  87  64  41  22   6  -1  -1  -1  -1  -1  -1  -1]
 [ -1  -1  -1  -1  -1  -1  -1  -1 451  -1  -1 382 361 336 312 291 267 244 219 199 174 151 129 107  83  59  39  19   4  -1  -1  -1  -1  -1  -1  -1]
 [ -1  -1  -1  -1  -1  -1  -1  -1  -1  -1  -1 355 332 308 286 262 239 216 193 170 148 125 102  77  53  34  16   2  -1  -1  -1  -1  -1  -1  -1  -1]
 [ -1  -1  -1  -1  -1  -1  -1  -1  -1  -1  -1  -1  -1  -1 284 259 237 213 190 166 144 121  99  74  49  30  11   1  -1  -1  -1  -1  -1  -1  -1  -1]
 [ -1  -1  -1  -1  -1  -1  -1  -1  -1  -1  -1  -1  -1  -1 255 230 210 187 162  -1 118  96  71  48  27  10   0  -1  -1  -1  -1  -1  -1  -1  -1  -1]
 [ -1  -1  -1  -1  -1  -1  -1  -1  -1  -1  -1  -1  -1  -1  -1  -1  -1 181  -1 135  -1  90  67  44  -1   7  -1  -1  -1  -1  -1  -1  -1  -1  -1  -1]
 [ -1  -1  -1  -1  -1  -1  -1  -1  -1  -1  -1  -1  -1  -1  -1  -1  -1  -1 133 110  86  61  40  21  -1  -1  -1  -1  -1  -1  -1  -1  -1  -1  -1  -1]
 [ -1  -1  -1  -1  -1  -1  -1  -1  -1  -1  -1  -1  -1  -1  -1  -1  -1  -1  -1 106  82  60  -1  18  -1  -1  -1  -1  -1  -1  -1  -1  -1  -1  -1  -1]
 [ -1  -1  -1  -1  -1  -1  -1  -1  -1  -1  -1  -1  -1  -1  -1  -1  -1  -1  -1  80  56  35  15  -1  -1  -1  -1  -1  -1  -1  -1  -1  -1  -1  -1  -1]
 [ -1  -1  -1  -1  -1  -1  -1  -1  -1  -1  -1  -1  -1  -1  -1  -1  -1  -1  -1  -1  -1  32  14  -1  -1  -1  -1  -1  -1  -1  -1  -1  -1  -1  -1  -1]]
[Diag] Wave step complete: Added 187 structural ears.
Wave 8
   -> Island 390 Shape: (39, 36)
[[ -1  -1  -1  -1  -1  -1  -1  -1  -1  -1  -1  -1  -1 773 762  -1  -1  -1  -1  -1  -1  -1  -1  -1  -1  -1  -1  -1  -1  -1  -1  -1  -1  -1  -1  -1]
 [ -1  -1  -1  -1  -1  -1  -1  -1  -1  -1  -1  -1 771 761 744 722  -1  -1  -1  -1  -1  -1  -1  -1  -1  -1  -1  -1  -1  -1  -1  -1  -1  -1  -1  -1]
 [ -1  -1  -1  -1  -1  -1  -1  -1  -1  -1  -1  -1 772 759 742 719 693 670  -1  -1  -1  -1  -1  -1  -1  -1  -1  -1  -1  -1  -1  -1  -1  -1  -1  -1]
 [ -1  -1  -1  -1  -1  -1  -1  -1  -1  -1  -1 770 757 740 717 694 668 646 622  -1  -1  -1  -1  -1  -1  -1  -1  -1  -1  -1  -1  -1  -1  -1  -1  -1]
 [ -1  -1  -1  -1  -1  -1  -1  -1  -1  -1  -1 769 756 737 715 689 666 641 619 595 574  -1  -1  -1  -1  -1  -1  -1  -1  -1  -1  -1  -1  -1  -1  -1]
 [ -1  -1  -1  -1  -1  -1  -1  -1  -1  -1 768 753 735 711 687 663 640 616 594 568 547 523  -1  -1  -1  -1  -1  -1  -1  -1  -1  -1  -1  -1  -1  -1]
 [ -1  -1  -1  -1  -1  -1  -1  -1  -1  -1 767 754 734 709 684 660 636 612 590 567 544 520 496 474  -1  -1  -1  -1  -1  -1  -1  -1  -1  -1  -1  -1]
 [ -1  -1  -1  -1  -1  -1  -1  -1  -1 766 751 732 706 682 659 634 611 588 565 540 516 495 471 447 424  -1  -1  -1  -1  -1  -1  -1  -1  -1  -1  -1]
 [ -1  -1  -1  -1  -1  -1  -1  -1  -1 765 749 730 703 680 657 631 607 584 560 537 512 491 467 443 420 401 377  -1  -1  -1  -1  -1  -1  -1  -1  -1]
 [ -1  -1  -1  -1  -1  -1  -1  -1 764 748 726 701 677 653 629 605 581 558 534 510 486 463 441 417 394 374 351 328  -1  -1  -1  -1  -1  -1  -1  -1]
 [ -1  -1  -1  -1  -1  -1  -1  -1 763 746 725 698 675 650 627 602 577 555 531 507 483 460 435 413 391 369 346 324 304 280  -1  -1  -1  -1  -1  -1]
 [ -1  -1  -1  -1  -1  -1  -1 760 743 720 695 672 647 624 600 576 552 527 503 480 456 432 408 387 365 343 321 299 277 256 234  -1  -1  -1  -1  -1]
 [ -1  -1  -1  -1  -1  -1  -1 758 739 716 692 669 644 620 597 571 549 525 500 476 453 428 407 384 362 339 318 296 273 252 229 206 188  -1  -1  -1]
 [ -1  -1  -1  -1  -1  -1 755 736 714 690 664 642 617 591 569 545 521 497 472 450 425 402 379 357 335 314 292 269 246 226 204 182 161 142  -1  -1]
 [ -1  -1  -1  -1  -1  -1 752 733 710 686 662 637 613 589 563 541 517 493 468 444 421 398 378 353 331 309 287 265 242 221 200 177 157 137 116  94]
 [ -1  -1  -1  -1  -1 750 728 705 679 658 635 609 585 561 538 513 489 465 439 418 397 371 350 326 305 282 260 238 217 196 172 152 131 113  89  66]
 [ -1  -1  -1  -1  -1 747 727 702 678 654 628 606 580 556 535 509 484 462 438 414 392 370 347 322 301 278 257 232 212 189 167 147 126 104  84  62]
 [ -1  -1  -1  -1 745 723 699 674 651 626 603 578 553 529 506 481 457 433 410 388 363 342 319 297 274 251 228 207 184 164 143 122 100  78  55  -1]
 [ -1  -1  -1  -1 741 721 696 671 648 623 599 575 550 528 504 477 452 429 405 385 359 338 315 293 271 248 223 202 180 159 138 117  97  73  50  -1]
 [ -1  -1  -1 738 713 691 665 643 618 596 572 548 524 498 475 448 426 403 381 358 334 311 289 266 243 220 197 176 154 134 111  91  68  47  -1  -1]
 [ -1  -1  -1 731 708 685 661 638 614 592 566 542 519 494 469 446 423 399 376 354 330 307 285 263 240 215 194 171 149 128 108  85  63  42  -1  -1]
 [ -1  -1 729 704 681 655 632 608 586 562 539 515 490 466 442 419 395 372 348 327 303 281 258 235 211 191 168 146 123 103  79  57  37  -1  -1  -1]
 [ -1  -1 724 700 676 652 630 604 582 557 533 511 487 461 436 415 393 368 344 323 300 276 253 231 208 185 165 140 119  98  75  52  33  -1  -1  -1]
 [ -1 718 697 673 649 625 601 579 554 530 505 482 458 434 411 389 366 341 316 294 272 249 224 203 179 158 136 115  93  70  46  28  -1  -1  -1  -1]
 [ -1 712 688 667 645 621 598 573 551 526 501 478 454 430 406 383 360 337 313 290 268 245 222 198 175 153 130 112  88  65  43  23  -1  -1  -1  -1]
 [707 683  -1 639 615 593 570 546 522 499 473 449 427 404 380 356 333 310 288 264 241 218 195 173 150 127 105  81  58  38  20  -1  -1  -1  -1  -1]
 [ -1  -1  -1 633 610 587 564 543 518 492 470 445 422 400 375 352 329 306 283 261 236 214 192 169 145 124 101  76  54  36  17  -1  -1  -1  -1  -1]
 [ -1  -1  -1  -1 583 559 536 514 488 464 440 416 396 373 349 325 302 279 254 233 209 186 163 141 120  95  72  51  29  12  -1  -1  -1  -1  -1  -1]
 [ -1  -1  -1  -1  -1  -1 532 508 485 459 437 412 390 367 345 320 298 275 250 227 205 183 160 139 114  92  69  45  24   9  -1  -1  -1  -1  -1  -1]
 [ -1  -1  -1  -1  -1  -1 502 479 455 431 409 386 364 340 317 295 270 247 225 201 178 156 132 109  87  64  41  22   6  -1  -1  -1  -1  -1  -1  -1]
 [ -1  -1  -1  -1  -1  -1  -1  -1 451  -1  -1 382 361 336 312 291 267 244 219 199 174 151 129 107  83  59  39  19   4  -1  -1  -1  -1  -1  -1  -1]
 [ -1  -1  -1  -1  -1  -1  -1  -1  -1  -1  -1 355 332 308 286 262 239 216 193 170 148 125 102  77  53  34  16   2  -1  -1  -1  -1  -1  -1  -1  -1]
 [ -1  -1  -1  -1  -1  -1  -1  -1  -1  -1  -1  -1  -1  -1 284 259 237 213 190 166 144 121  99  74  49  30  11   1  -1  -1  -1  -1  -1  -1  -1  -1]
 [ -1  -1  -1  -1  -1  -1  -1  -1  -1  -1  -1  -1  -1  -1 255 230 210 187 162  -1 118  96  71  48  27  10   0  -1  -1  -1  -1  -1  -1  -1  -1  -1]
 [ -1  -1  -1  -1  -1  -1  -1  -1  -1  -1  -1  -1  -1  -1  -1  -1  -1 181  -1 135  -1  90  67  44  -1   7  -1  -1  -1  -1  -1  -1  -1  -1  -1  -1]
 [ -1  -1  -1  -1  -1  -1  -1  -1  -1  -1  -1  -1  -1  -1  -1  -1  -1  -1 133 110  86  61  40  21  -1  -1  -1  -1  -1  -1  -1  -1  -1  -1  -1  -1]
 [ -1  -1  -1  -1  -1  -1  -1  -1  -1  -1  -1  -1  -1  -1  -1  -1  -1  -1  -1 106  82  60  -1  18   3  -1  -1  -1  -1  -1  -1  -1  -1  -1  -1  -1]
 [ -1  -1  -1  -1  -1  -1  -1  -1  -1  -1  -1  -1  -1  -1  -1  -1  -1  -1  -1  80  56  35  15  -1  -1  -1  -1  -1  -1  -1  -1  -1  -1  -1  -1  -1]
 [ -1  -1  -1  -1  -1  -1  -1  -1  -1  -1  -1  -1  -1  -1  -1  -1  -1  -1  -1  -1  -1  32  14  -1  -1  -1  -1  -1  -1  -1  -1  -1  -1  -1  -1  -1]]
[Diag] Wave step complete: Added 40 structural ears.
Wave 9
   -> Island 390 Shape: (39, 36)
[[ -1  -1  -1  -1  -1  -1  -1  -1  -1  -1  -1  -1  -1 773 762  -1  -1  -1  -1  -1  -1  -1  -1  -1  -1  -1  -1  -1  -1  -1  -1  -1  -1  -1  -1  -1]
 [ -1  -1  -1  -1  -1  -1  -1  -1  -1  -1  -1  -1 771 761 744 722  -1  -1  -1  -1  -1  -1  -1  -1  -1  -1  -1  -1  -1  -1  -1  -1  -1  -1  -1  -1]
 [ -1  -1  -1  -1  -1  -1  -1  -1  -1  -1  -1  -1 772 759 742 719 693 670  -1  -1  -1  -1  -1  -1  -1  -1  -1  -1  -1  -1  -1  -1  -1  -1  -1  -1]
 [ -1  -1  -1  -1  -1  -1  -1  -1  -1  -1  -1 770 757 740 717 694 668 646 622  -1  -1  -1  -1  -1  -1  -1  -1  -1  -1  -1  -1  -1  -1  -1  -1  -1]
 [ -1  -1  -1  -1  -1  -1  -1  -1  -1  -1  -1 769 756 737 715 689 666 641 619 595 574  -1  -1  -1  -1  -1  -1  -1  -1  -1  -1  -1  -1  -1  -1  -1]
 [ -1  -1  -1  -1  -1  -1  -1  -1  -1  -1 768 753 735 711 687 663 640 616 594 568 547 523  -1  -1  -1  -1  -1  -1  -1  -1  -1  -1  -1  -1  -1  -1]
 [ -1  -1  -1  -1  -1  -1  -1  -1  -1  -1 767 754 734 709 684 660 636 612 590 567 544 520 496 474  -1  -1  -1  -1  -1  -1  -1  -1  -1  -1  -1  -1]
 [ -1  -1  -1  -1  -1  -1  -1  -1  -1 766 751 732 706 682 659 634 611 588 565 540 516 495 471 447 424  -1  -1  -1  -1  -1  -1  -1  -1  -1  -1  -1]
 [ -1  -1  -1  -1  -1  -1  -1  -1  -1 765 749 730 703 680 657 631 607 584 560 537 512 491 467 443 420 401 377  -1  -1  -1  -1  -1  -1  -1  -1  -1]
 [ -1  -1  -1  -1  -1  -1  -1  -1 764 748 726 701 677 653 629 605 581 558 534 510 486 463 441 417 394 374 351 328  -1  -1  -1  -1  -1  -1  -1  -1]
 [ -1  -1  -1  -1  -1  -1  -1  -1 763 746 725 698 675 650 627 602 577 555 531 507 483 460 435 413 391 369 346 324 304 280  -1  -1  -1  -1  -1  -1]
 [ -1  -1  -1  -1  -1  -1  -1 760 743 720 695 672 647 624 600 576 552 527 503 480 456 432 408 387 365 343 321 299 277 256 234  -1  -1  -1  -1  -1]
 [ -1  -1  -1  -1  -1  -1  -1 758 739 716 692 669 644 620 597 571 549 525 500 476 453 428 407 384 362 339 318 296 273 252 229 206 188  -1  -1  -1]
 [ -1  -1  -1  -1  -1  -1 755 736 714 690 664 642 617 591 569 545 521 497 472 450 425 402 379 357 335 314 292 269 246 226 204 182 161 142  -1  -1]
 [ -1  -1  -1  -1  -1  -1 752 733 710 686 662 637 613 589 563 541 517 493 468 444 421 398 378 353 331 309 287 265 242 221 200 177 157 137 116  94]
 [ -1  -1  -1  -1  -1 750 728 705 679 658 635 609 585 561 538 513 489 465 439 418 397 371 350 326 305 282 260 238 217 196 172 152 131 113  89  66]
 [ -1  -1  -1  -1  -1 747 727 702 678 654 628 606 580 556 535 509 484 462 438 414 392 370 347 322 301 278 257 232 212 189 167 147 126 104  84  62]
 [ -1  -1  -1  -1 745 723 699 674 651 626 603 578 553 529 506 481 457 433 410 388 363 342 319 297 274 251 228 207 184 164 143 122 100  78  55  -1]
 [ -1  -1  -1  -1 741 721 696 671 648 623 599 575 550 528 504 477 452 429 405 385 359 338 315 293 271 248 223 202 180 159 138 117  97  73  50  -1]
 [ -1  -1  -1 738 713 691 665 643 618 596 572 548 524 498 475 448 426 403 381 358 334 311 289 266 243 220 197 176 154 134 111  91  68  47  -1  -1]
 [ -1  -1  -1 731 708 685 661 638 614 592 566 542 519 494 469 446 423 399 376 354 330 307 285 263 240 215 194 171 149 128 108  85  63  42  -1  -1]
 [ -1  -1 729 704 681 655 632 608 586 562 539 515 490 466 442 419 395 372 348 327 303 281 258 235 211 191 168 146 123 103  79  57  37  -1  -1  -1]
 [ -1  -1 724 700 676 652 630 604 582 557 533 511 487 461 436 415 393 368 344 323 300 276 253 231 208 185 165 140 119  98  75  52  33  -1  -1  -1]
 [ -1 718 697 673 649 625 601 579 554 530 505 482 458 434 411 389 366 341 316 294 272 249 224 203 179 158 136 115  93  70  46  28  -1  -1  -1  -1]
 [ -1 712 688 667 645 621 598 573 551 526 501 478 454 430 406 383 360 337 313 290 268 245 222 198 175 153 130 112  88  65  43  23  -1  -1  -1  -1]
 [707 683  -1 639 615 593 570 546 522 499 473 449 427 404 380 356 333 310 288 264 241 218 195 173 150 127 105  81  58  38  20  -1  -1  -1  -1  -1]
 [ -1  -1  -1 633 610 587 564 543 518 492 470 445 422 400 375 352 329 306 283 261 236 214 192 169 145 124 101  76  54  36  17  -1  -1  -1  -1  -1]
 [ -1  -1  -1  -1 583 559 536 514 488 464 440 416 396 373 349 325 302 279 254 233 209 186 163 141 120  95  72  51  29  12  -1  -1  -1  -1  -1  -1]
 [ -1  -1  -1  -1  -1  -1 532 508 485 459 437 412 390 367 345 320 298 275 250 227 205 183 160 139 114  92  69  45  24   9  -1  -1  -1  -1  -1  -1]
 [ -1  -1  -1  -1  -1  -1 502 479 455 431 409 386 364 340 317 295 270 247 225 201 178 156 132 109  87  64  41  22   6  -1  -1  -1  -1  -1  -1  -1]
 [ -1  -1  -1  -1  -1  -1  -1  -1 451  -1  -1 382 361 336 312 291 267 244 219 199 174 151 129 107  83  59  39  19   4  -1  -1  -1  -1  -1  -1  -1]
 [ -1  -1  -1  -1  -1  -1  -1  -1  -1  -1  -1 355 332 308 286 262 239 216 193 170 148 125 102  77  53  34  16   2  -1  -1  -1  -1  -1  -1  -1  -1]
 [ -1  -1  -1  -1  -1  -1  -1  -1  -1  -1  -1  -1  -1  -1 284 259 237 213 190 166 144 121  99  74  49  30  11   1  -1  -1  -1  -1  -1  -1  -1  -1]
 [ -1  -1  -1  -1  -1  -1  -1  -1  -1  -1  -1  -1  -1  -1 255 230 210 187 162  -1 118  96  71  48  27  10   0  -1  -1  -1  -1  -1  -1  -1  -1  -1]
 [ -1  -1  -1  -1  -1  -1  -1  -1  -1  -1  -1  -1  -1  -1  -1  -1  -1 181  -1 135  -1  90  67  44  -1   7  -1  -1  -1  -1  -1  -1  -1  -1  -1  -1]
 [ -1  -1  -1  -1  -1  -1  -1  -1  -1  -1  -1  -1  -1  -1  -1  -1  -1  -1 133 110  86  61  40  21   5  -1  -1  -1  -1  -1  -1  -1  -1  -1  -1  -1]
 [ -1  -1  -1  -1  -1  -1  -1  -1  -1  -1  -1  -1  -1  -1  -1  -1  -1  -1  -1 106  82  60  -1  18   3  -1  -1  -1  -1  -1  -1  -1  -1  -1  -1  -1]
 [ -1  -1  -1  -1  -1  -1  -1  -1  -1  -1  -1  -1  -1  -1  -1  -1  -1  -1  -1  80  56  35  15  -1  -1  -1  -1  -1  -1  -1  -1  -1  -1  -1  -1  -1]
 [ -1  -1  -1  -1  -1  -1  -1  -1  -1  -1  -1  -1  -1  -1  -1  -1  -1  -1  -1  -1  -1  32  14  -1  -1  -1  -1  -1  -1  -1  -1  -1  -1  -1  -1  -1]]
[Diag] Wave step complete: Added 5 structural ears.
Wave 10
   -> Island 390 Shape: (39, 36)
[[ -1  -1  -1  -1  -1  -1  -1  -1  -1  -1  -1  -1  -1 773 762  -1  -1  -1  -1  -1  -1  -1  -1  -1  -1  -1  -1  -1  -1  -1  -1  -1  -1  -1  -1  -1]
 [ -1  -1  -1  -1  -1  -1  -1  -1  -1  -1  -1  -1 771 761 744 722  -1  -1  -1  -1  -1  -1  -1  -1  -1  -1  -1  -1  -1  -1  -1  -1  -1  -1  -1  -1]
 [ -1  -1  -1  -1  -1  -1  -1  -1  -1  -1  -1  -1 772 759 742 719 693 670  -1  -1  -1  -1  -1  -1  -1  -1  -1  -1  -1  -1  -1  -1  -1  -1  -1  -1]
 [ -1  -1  -1  -1  -1  -1  -1  -1  -1  -1  -1 770 757 740 717 694 668 646 622  -1  -1  -1  -1  -1  -1  -1  -1  -1  -1  -1  -1  -1  -1  -1  -1  -1]
 [ -1  -1  -1  -1  -1  -1  -1  -1  -1  -1  -1 769 756 737 715 689 666 641 619 595 574  -1  -1  -1  -1  -1  -1  -1  -1  -1  -1  -1  -1  -1  -1  -1]
 [ -1  -1  -1  -1  -1  -1  -1  -1  -1  -1 768 753 735 711 687 663 640 616 594 568 547 523  -1  -1  -1  -1  -1  -1  -1  -1  -1  -1  -1  -1  -1  -1]
 [ -1  -1  -1  -1  -1  -1  -1  -1  -1  -1 767 754 734 709 684 660 636 612 590 567 544 520 496 474  -1  -1  -1  -1  -1  -1  -1  -1  -1  -1  -1  -1]
 [ -1  -1  -1  -1  -1  -1  -1  -1  -1 766 751 732 706 682 659 634 611 588 565 540 516 495 471 447 424  -1  -1  -1  -1  -1  -1  -1  -1  -1  -1  -1]
 [ -1  -1  -1  -1  -1  -1  -1  -1  -1 765 749 730 703 680 657 631 607 584 560 537 512 491 467 443 420 401 377  -1  -1  -1  -1  -1  -1  -1  -1  -1]
 [ -1  -1  -1  -1  -1  -1  -1  -1 764 748 726 701 677 653 629 605 581 558 534 510 486 463 441 417 394 374 351 328  -1  -1  -1  -1  -1  -1  -1  -1]
 [ -1  -1  -1  -1  -1  -1  -1  -1 763 746 725 698 675 650 627 602 577 555 531 507 483 460 435 413 391 369 346 324 304 280  -1  -1  -1  -1  -1  -1]
 [ -1  -1  -1  -1  -1  -1  -1 760 743 720 695 672 647 624 600 576 552 527 503 480 456 432 408 387 365 343 321 299 277 256 234  -1  -1  -1  -1  -1]
 [ -1  -1  -1  -1  -1  -1  -1 758 739 716 692 669 644 620 597 571 549 525 500 476 453 428 407 384 362 339 318 296 273 252 229 206 188  -1  -1  -1]
 [ -1  -1  -1  -1  -1  -1 755 736 714 690 664 642 617 591 569 545 521 497 472 450 425 402 379 357 335 314 292 269 246 226 204 182 161 142  -1  -1]
 [ -1  -1  -1  -1  -1  -1 752 733 710 686 662 637 613 589 563 541 517 493 468 444 421 398 378 353 331 309 287 265 242 221 200 177 157 137 116  94]
 [ -1  -1  -1  -1  -1 750 728 705 679 658 635 609 585 561 538 513 489 465 439 418 397 371 350 326 305 282 260 238 217 196 172 152 131 113  89  66]
 [ -1  -1  -1  -1  -1 747 727 702 678 654 628 606 580 556 535 509 484 462 438 414 392 370 347 322 301 278 257 232 212 189 167 147 126 104  84  62]
 [ -1  -1  -1  -1 745 723 699 674 651 626 603 578 553 529 506 481 457 433 410 388 363 342 319 297 274 251 228 207 184 164 143 122 100  78  55  -1]
 [ -1  -1  -1  -1 741 721 696 671 648 623 599 575 550 528 504 477 452 429 405 385 359 338 315 293 271 248 223 202 180 159 138 117  97  73  50  -1]
 [ -1  -1  -1 738 713 691 665 643 618 596 572 548 524 498 475 448 426 403 381 358 334 311 289 266 243 220 197 176 154 134 111  91  68  47  -1  -1]
 [ -1  -1  -1 731 708 685 661 638 614 592 566 542 519 494 469 446 423 399 376 354 330 307 285 263 240 215 194 171 149 128 108  85  63  42  -1  -1]
 [ -1  -1 729 704 681 655 632 608 586 562 539 515 490 466 442 419 395 372 348 327 303 281 258 235 211 191 168 146 123 103  79  57  37  -1  -1  -1]
 [ -1  -1 724 700 676 652 630 604 582 557 533 511 487 461 436 415 393 368 344 323 300 276 253 231 208 185 165 140 119  98  75  52  33  -1  -1  -1]
 [ -1 718 697 673 649 625 601 579 554 530 505 482 458 434 411 389 366 341 316 294 272 249 224 203 179 158 136 115  93  70  46  28  -1  -1  -1  -1]
 [ -1 712 688 667 645 621 598 573 551 526 501 478 454 430 406 383 360 337 313 290 268 245 222 198 175 153 130 112  88  65  43  23  -1  -1  -1  -1]
 [707 683  -1 639 615 593 570 546 522 499 473 449 427 404 380 356 333 310 288 264 241 218 195 173 150 127 105  81  58  38  20  -1  -1  -1  -1  -1]
 [ -1  -1  -1 633 610 587 564 543 518 492 470 445 422 400 375 352 329 306 283 261 236 214 192 169 145 124 101  76  54  36  17  -1  -1  -1  -1  -1]
 [ -1  -1  -1  -1 583 559 536 514 488 464 440 416 396 373 349 325 302 279 254 233 209 186 163 141 120  95  72  51  29  12  -1  -1  -1  -1  -1  -1]
 [ -1  -1  -1  -1  -1  -1 532 508 485 459 437 412 390 367 345 320 298 275 250 227 205 183 160 139 114  92  69  45  24   9  -1  -1  -1  -1  -1  -1]
 [ -1  -1  -1  -1  -1  -1 502 479 455 431 409 386 364 340 317 295 270 247 225 201 178 156 132 109  87  64  41  22   6  -1  -1  -1  -1  -1  -1  -1]
 [ -1  -1  -1  -1  -1  -1  -1  -1 451  -1  -1 382 361 336 312 291 267 244 219 199 174 151 129 107  83  59  39  19   4  -1  -1  -1  -1  -1  -1  -1]
 [ -1  -1  -1  -1  -1  -1  -1  -1  -1  -1  -1 355 332 308 286 262 239 216 193 170 148 125 102  77  53  34  16   2  -1  -1  -1  -1  -1  -1  -1  -1]
 [ -1  -1  -1  -1  -1  -1  -1  -1  -1  -1  -1  -1  -1  -1 284 259 237 213 190 166 144 121  99  74  49  30  11   1  -1  -1  -1  -1  -1  -1  -1  -1]
 [ -1  -1  -1  -1  -1  -1  -1  -1  -1  -1  -1  -1  -1  -1 255 230 210 187 162  -1 118  96  71  48  27  10   0  -1  -1  -1  -1  -1  -1  -1  -1  -1]
 [ -1  -1  -1  -1  -1  -1  -1  -1  -1  -1  -1  -1  -1  -1  -1  -1  -1 181  -1 135  -1  90  67  44  -1   7  -1  -1  -1  -1  -1  -1  -1  -1  -1  -1]
 [ -1  -1  -1  -1  -1  -1  -1  -1  -1  -1  -1  -1  -1  -1  -1  -1  -1  -1 133 110  86  61  40  21   5  -1  -1  -1  -1  -1  -1  -1  -1  -1  -1  -1]
 [ -1  -1  -1  -1  -1  -1  -1  -1  -1  -1  -1  -1  -1  -1  -1  -1  -1  -1  -1 106  82  60  -1  18   3  -1  -1  -1  -1  -1  -1  -1  -1  -1  -1  -1]
 [ -1  -1  -1  -1  -1  -1  -1  -1  -1  -1  -1  -1  -1  -1  -1  -1  -1  -1  -1  80  56  35  15  -1  -1  -1  -1  -1  -1  -1  -1  -1  -1  -1  -1  -1]
 [ -1  -1  -1  -1  -1  -1  -1  -1  -1  -1  -1  -1  -1  -1  -1  -1  -1  -1  -1  -1  -1  32  14  -1  -1  -1  -1  -1  -1  -1  -1  -1  -1  -1  -1  -1]]
[Diag] Wave step complete: Added 2 structural ears.
Wave 11
   -> Island 390 Shape: (39, 36)
[[ -1  -1  -1  -1  -1  -1  -1  -1  -1  -1  -1  -1  -1 773 762  -1  -1  -1  -1  -1  -1  -1  -1  -1  -1  -1  -1  -1  -1  -1  -1  -1  -1  -1  -1  -1]
 [ -1  -1  -1  -1  -1  -1  -1  -1  -1  -1  -1  -1 771 761 744 722  -1  -1  -1  -1  -1  -1  -1  -1  -1  -1  -1  -1  -1  -1  -1  -1  -1  -1  -1  -1]
 [ -1  -1  -1  -1  -1  -1  -1  -1  -1  -1  -1  -1 772 759 742 719 693 670  -1  -1  -1  -1  -1  -1  -1  -1  -1  -1  -1  -1  -1  -1  -1  -1  -1  -1]
 [ -1  -1  -1  -1  -1  -1  -1  -1  -1  -1  -1 770 757 740 717 694 668 646 622  -1  -1  -1  -1  -1  -1  -1  -1  -1  -1  -1  -1  -1  -1  -1  -1  -1]
 [ -1  -1  -1  -1  -1  -1  -1  -1  -1  -1  -1 769 756 737 715 689 666 641 619 595 574  -1  -1  -1  -1  -1  -1  -1  -1  -1  -1  -1  -1  -1  -1  -1]
 [ -1  -1  -1  -1  -1  -1  -1  -1  -1  -1 768 753 735 711 687 663 640 616 594 568 547 523  -1  -1  -1  -1  -1  -1  -1  -1  -1  -1  -1  -1  -1  -1]
 [ -1  -1  -1  -1  -1  -1  -1  -1  -1  -1 767 754 734 709 684 660 636 612 590 567 544 520 496 474  -1  -1  -1  -1  -1  -1  -1  -1  -1  -1  -1  -1]
 [ -1  -1  -1  -1  -1  -1  -1  -1  -1 766 751 732 706 682 659 634 611 588 565 540 516 495 471 447 424  -1  -1  -1  -1  -1  -1  -1  -1  -1  -1  -1]
 [ -1  -1  -1  -1  -1  -1  -1  -1  -1 765 749 730 703 680 657 631 607 584 560 537 512 491 467 443 420 401 377  -1  -1  -1  -1  -1  -1  -1  -1  -1]
 [ -1  -1  -1  -1  -1  -1  -1  -1 764 748 726 701 677 653 629 605 581 558 534 510 486 463 441 417 394 374 351 328  -1  -1  -1  -1  -1  -1  -1  -1]
 [ -1  -1  -1  -1  -1  -1  -1  -1 763 746 725 698 675 650 627 602 577 555 531 507 483 460 435 413 391 369 346 324 304 280  -1  -1  -1  -1  -1  -1]
 [ -1  -1  -1  -1  -1  -1  -1 760 743 720 695 672 647 624 600 576 552 527 503 480 456 432 408 387 365 343 321 299 277 256 234  -1  -1  -1  -1  -1]
 [ -1  -1  -1  -1  -1  -1  -1 758 739 716 692 669 644 620 597 571 549 525 500 476 453 428 407 384 362 339 318 296 273 252 229 206 188  -1  -1  -1]
 [ -1  -1  -1  -1  -1  -1 755 736 714 690 664 642 617 591 569 545 521 497 472 450 425 402 379 357 335 314 292 269 246 226 204 182 161 142  -1  -1]
 [ -1  -1  -1  -1  -1  -1 752 733 710 686 662 637 613 589 563 541 517 493 468 444 421 398 378 353 331 309 287 265 242 221 200 177 157 137 116  94]
 [ -1  -1  -1  -1  -1 750 728 705 679 658 635 609 585 561 538 513 489 465 439 418 397 371 350 326 305 282 260 238 217 196 172 152 131 113  89  66]
 [ -1  -1  -1  -1  -1 747 727 702 678 654 628 606 580 556 535 509 484 462 438 414 392 370 347 322 301 278 257 232 212 189 167 147 126 104  84  62]
 [ -1  -1  -1  -1 745 723 699 674 651 626 603 578 553 529 506 481 457 433 410 388 363 342 319 297 274 251 228 207 184 164 143 122 100  78  55  -1]
 [ -1  -1  -1  -1 741 721 696 671 648 623 599 575 550 528 504 477 452 429 405 385 359 338 315 293 271 248 223 202 180 159 138 117  97  73  50  -1]
 [ -1  -1  -1 738 713 691 665 643 618 596 572 548 524 498 475 448 426 403 381 358 334 311 289 266 243 220 197 176 154 134 111  91  68  47  -1  -1]
 [ -1  -1  -1 731 708 685 661 638 614 592 566 542 519 494 469 446 423 399 376 354 330 307 285 263 240 215 194 171 149 128 108  85  63  42  -1  -1]
 [ -1  -1 729 704 681 655 632 608 586 562 539 515 490 466 442 419 395 372 348 327 303 281 258 235 211 191 168 146 123 103  79  57  37  -1  -1  -1]
 [ -1  -1 724 700 676 652 630 604 582 557 533 511 487 461 436 415 393 368 344 323 300 276 253 231 208 185 165 140 119  98  75  52  33  -1  -1  -1]
 [ -1 718 697 673 649 625 601 579 554 530 505 482 458 434 411 389 366 341 316 294 272 249 224 203 179 158 136 115  93  70  46  28  -1  -1  -1  -1]
 [ -1 712 688 667 645 621 598 573 551 526 501 478 454 430 406 383 360 337 313 290 268 245 222 198 175 153 130 112  88  65  43  23  -1  -1  -1  -1]
 [707 683  -1 639 615 593 570 546 522 499 473 449 427 404 380 356 333 310 288 264 241 218 195 173 150 127 105  81  58  38  20  -1  -1  -1  -1  -1]
 [ -1  -1  -1 633 610 587 564 543 518 492 470 445 422 400 375 352 329 306 283 261 236 214 192 169 145 124 101  76  54  36  17  -1  -1  -1  -1  -1]
 [ -1  -1  -1  -1 583 559 536 514 488 464 440 416 396 373 349 325 302 279 254 233 209 186 163 141 120  95  72  51  29  12  -1  -1  -1  -1  -1  -1]
 [ -1  -1  -1  -1  -1  -1 532 508 485 459 437 412 390 367 345 320 298 275 250 227 205 183 160 139 114  92  69  45  24   9  -1  -1  -1  -1  -1  -1]
 [ -1  -1  -1  -1  -1  -1 502 479 455 431 409 386 364 340 317 295 270 247 225 201 178 156 132 109  87  64  41  22   6  -1  -1  -1  -1  -1  -1  -1]
 [ -1  -1  -1  -1  -1  -1  -1  -1 451  -1  -1 382 361 336 312 291 267 244 219 199 174 151 129 107  83  59  39  19   4  -1  -1  -1  -1  -1  -1  -1]
 [ -1  -1  -1  -1  -1  -1  -1  -1  -1  -1  -1 355 332 308 286 262 239 216 193 170 148 125 102  77  53  34  16   2  -1  -1  -1  -1  -1  -1  -1  -1]
 [ -1  -1  -1  -1  -1  -1  -1  -1  -1  -1  -1  -1  -1  -1 284 259 237 213 190 166 144 121  99  74  49  30  11   1  -1  -1  -1  -1  -1  -1  -1  -1]
 [ -1  -1  -1  -1  -1  -1  -1  -1  -1  -1  -1  -1  -1  -1 255 230 210 187 162  -1 118  96  71  48  27  10   0  -1  -1  -1  -1  -1  -1  -1  -1  -1]
 [ -1  -1  -1  -1  -1  -1  -1  -1  -1  -1  -1  -1  -1  -1  -1  -1  -1 181  -1 135  -1  90  67  44  -1   7  -1  -1  -1  -1  -1  -1  -1  -1  -1  -1]
 [ -1  -1  -1  -1  -1  -1  -1  -1  -1  -1  -1  -1  -1  -1  -1  -1  -1  -1 133 110  86  61  40  21   5  -1  -1  -1  -1  -1  -1  -1  -1  -1  -1  -1]
 [ -1  -1  -1  -1  -1  -1  -1  -1  -1  -1  -1  -1  -1  -1  -1  -1  -1  -1  -1 106  82  60  -1  18   3  -1  -1  -1  -1  -1  -1  -1  -1  -1  -1  -1]
 [ -1  -1  -1  -1  -1  -1  -1  -1  -1  -1  -1  -1  -1  -1  -1  -1  -1  -1  -1  80  56  35  15  -1  -1  -1  -1  -1  -1  -1  -1  -1  -1  -1  -1  -1]
 [ -1  -1  -1  -1  -1  -1  -1  -1  -1  -1  -1  -1  -1  -1  -1  -1  -1  -1  -1  -1  -1  32  14  -1  -1  -1  -1  -1  -1  -1  -1  -1  -1  -1  -1  -1]]
[Diag] Wave step complete: Added 1 structural ears.
   -> Island 390 Shape: (39, 36)
[[ -1  -1  -1  -1  -1  -1  -1  -1  -1  -1  -1  -1  -1 773 762  -1  -1  -1  -1  -1  -1  -1  -1  -1  -1  -1  -1  -1  -1  -1  -1  -1  -1  -1  -1  -1]
 [ -1  -1  -1  -1  -1  -1  -1  -1  -1  -1  -1  -1 771 761 744 722  -1  -1  -1  -1  -1  -1  -1  -1  -1  -1  -1  -1  -1  -1  -1  -1  -1  -1  -1  -1]
 [ -1  -1  -1  -1  -1  -1  -1  -1  -1  -1  -1  -1 772 759 742 719 693 670  -1  -1  -1  -1  -1  -1  -1  -1  -1  -1  -1  -1  -1  -1  -1  -1  -1  -1]
 [ -1  -1  -1  -1  -1  -1  -1  -1  -1  -1  -1 770 757 740 717 694 668 646 622  -1  -1  -1  -1  -1  -1  -1  -1  -1  -1  -1  -1  -1  -1  -1  -1  -1]
 [ -1  -1  -1  -1  -1  -1  -1  -1  -1  -1  -1 769 756 737 715 689 666 641 619 595 574  -1  -1  -1  -1  -1  -1  -1  -1  -1  -1  -1  -1  -1  -1  -1]
 [ -1  -1  -1  -1  -1  -1  -1  -1  -1  -1 768 753 735 711 687 663 640 616 594 568 547 523  -1  -1  -1  -1  -1  -1  -1  -1  -1  -1  -1  -1  -1  -1]
 [ -1  -1  -1  -1  -1  -1  -1  -1  -1  -1 767 754 734 709 684 660 636 612 590 567 544 520 496 474  -1  -1  -1  -1  -1  -1  -1  -1  -1  -1  -1  -1]
 [ -1  -1  -1  -1  -1  -1  -1  -1  -1 766 751 732 706 682 659 634 611 588 565 540 516 495 471 447 424  -1  -1  -1  -1  -1  -1  -1  -1  -1  -1  -1]
 [ -1  -1  -1  -1  -1  -1  -1  -1  -1 765 749 730 703 680 657 631 607 584 560 537 512 491 467 443 420 401 377  -1  -1  -1  -1  -1  -1  -1  -1  -1]
 [ -1  -1  -1  -1  -1  -1  -1  -1 764 748 726 701 677 653 629 605 581 558 534 510 486 463 441 417 394 374 351 328  -1  -1  -1  -1  -1  -1  -1  -1]
 [ -1  -1  -1  -1  -1  -1  -1  -1 763 746 725 698 675 650 627 602 577 555 531 507 483 460 435 413 391 369 346 324 304 280  -1  -1  -1  -1  -1  -1]
 [ -1  -1  -1  -1  -1  -1  -1 760 743 720 695 672 647 624 600 576 552 527 503 480 456 432 408 387 365 343 321 299 277 256 234  -1  -1  -1  -1  -1]
 [ -1  -1  -1  -1  -1  -1  -1 758 739 716 692 669 644 620 597 571 549 525 500 476 453 428 407 384 362 339 318 296 273 252 229 206 188  -1  -1  -1]
 [ -1  -1  -1  -1  -1  -1 755 736 714 690 664 642 617 591 569 545 521 497 472 450 425 402 379 357 335 314 292 269 246 226 204 182 161 142  -1  -1]
 [ -1  -1  -1  -1  -1  -1 752 733 710 686 662 637 613 589 563 541 517 493 468 444 421 398 378 353 331 309 287 265 242 221 200 177 157 137 116  94]
 [ -1  -1  -1  -1  -1 750 728 705 679 658 635 609 585 561 538 513 489 465 439 418 397 371 350 326 305 282 260 238 217 196 172 152 131 113  89  66]
 [ -1  -1  -1  -1  -1 747 727 702 678 654 628 606 580 556 535 509 484 462 438 414 392 370 347 322 301 278 257 232 212 189 167 147 126 104  84  62]
 [ -1  -1  -1  -1 745 723 699 674 651 626 603 578 553 529 506 481 457 433 410 388 363 342 319 297 274 251 228 207 184 164 143 122 100  78  55  -1]
 [ -1  -1  -1  -1 741 721 696 671 648 623 599 575 550 528 504 477 452 429 405 385 359 338 315 293 271 248 223 202 180 159 138 117  97  73  50  -1]
 [ -1  -1  -1 738 713 691 665 643 618 596 572 548 524 498 475 448 426 403 381 358 334 311 289 266 243 220 197 176 154 134 111  91  68  47  -1  -1]
 [ -1  -1  -1 731 708 685 661 638 614 592 566 542 519 494 469 446 423 399 376 354 330 307 285 263 240 215 194 171 149 128 108  85  63  42  -1  -1]
 [ -1  -1 729 704 681 655 632 608 586 562 539 515 490 466 442 419 395 372 348 327 303 281 258 235 211 191 168 146 123 103  79  57  37  -1  -1  -1]
 [ -1  -1 724 700 676 652 630 604 582 557 533 511 487 461 436 415 393 368 344 323 300 276 253 231 208 185 165 140 119  98  75  52  33  -1  -1  -1]
 [ -1 718 697 673 649 625 601 579 554 530 505 482 458 434 411 389 366 341 316 294 272 249 224 203 179 158 136 115  93  70  46  28  -1  -1  -1  -1]
 [ -1 712 688 667 645 621 598 573 551 526 501 478 454 430 406 383 360 337 313 290 268 245 222 198 175 153 130 112  88  65  43  23  -1  -1  -1  -1]
 [707 683  -1 639 615 593 570 546 522 499 473 449 427 404 380 356 333 310 288 264 241 218 195 173 150 127 105  81  58  38  20  -1  -1  -1  -1  -1]
 [ -1  -1  -1 633 610 587 564 543 518 492 470 445 422 400 375 352 329 306 283 261 236 214 192 169 145 124 101  76  54  36  17  -1  -1  -1  -1  -1]
 [ -1  -1  -1  -1 583 559 536 514 488 464 440 416 396 373 349 325 302 279 254 233 209 186 163 141 120  95  72  51  29  12  -1  -1  -1  -1  -1  -1]
 [ -1  -1  -1  -1  -1  -1 532 508 485 459 437 412 390 367 345 320 298 275 250 227 205 183 160 139 114  92  69  45  24   9  -1  -1  -1  -1  -1  -1]
 [ -1  -1  -1  -1  -1  -1 502 479 455 431 409 386 364 340 317 295 270 247 225 201 178 156 132 109  87  64  41  22   6  -1  -1  -1  -1  -1  -1  -1]
 [ -1  -1  -1  -1  -1  -1  -1  -1 451  -1  -1 382 361 336 312 291 267 244 219 199 174 151 129 107  83  59  39  19   4  -1  -1  -1  -1  -1  -1  -1]
 [ -1  -1  -1  -1  -1  -1  -1  -1  -1  -1  -1 355 332 308 286 262 239 216 193 170 148 125 102  77  53  34  16   2  -1  -1  -1  -1  -1  -1  -1  -1]
 [ -1  -1  -1  -1  -1  -1  -1  -1  -1  -1  -1  -1  -1  -1 284 259 237 213 190 166 144 121  99  74  49  30  11   1  -1  -1  -1  -1  -1  -1  -1  -1]
 [ -1  -1  -1  -1  -1  -1  -1  -1  -1  -1  -1  -1  -1  -1 255 230 210 187 162  -1 118  96  71  48  27  10   0  -1  -1  -1  -1  -1  -1  -1  -1  -1]
 [ -1  -1  -1  -1  -1  -1  -1  -1  -1  -1  -1  -1  -1  -1  -1  -1  -1 181  -1 135  -1  90  67  44  -1   7  -1  -1  -1  -1  -1  -1  -1  -1  -1  -1]
 [ -1  -1  -1  -1  -1  -1  -1  -1  -1  -1  -1  -1  -1  -1  -1  -1  -1  -1 133 110  86  61  40  21   5  -1  -1  -1  -1  -1  -1  -1  -1  -1  -1  -1]
 [ -1  -1  -1  -1  -1  -1  -1  -1  -1  -1  -1  -1  -1  -1  -1  -1  -1  -1  -1 106  82  60  -1  18   3  -1  -1  -1  -1  -1  -1  -1  -1  -1  -1  -1]
 [ -1  -1  -1  -1  -1  -1  -1  -1  -1  -1  -1  -1  -1  -1  -1  -1  -1  -1  -1  80  56  35  15  -1  -1  -1  -1  -1  -1  -1  -1  -1  -1  -1  -1  -1]
 [ -1  -1  -1  -1  -1  -1  -1  -1  -1  -1  -1  -1  -1  -1  -1  -1  -1  -1  -1  -1  -1  32  14  -1  -1  -1  -1  -1  -1  -1  -1  -1  -1  -1  -1  -1]]
[+] Success! Generated 1 individual grid matrix islands.
row: 5, col 9, length: 13
valid_mask: [0 1 1 1 1 1 1 1 1 1 1]
patch:
 [[-1  1  0  0  0  1  1  0  0  1  0  1  0]
 [-1  0  1  1  0  0  0  0  0  0  1  0  0]]
Hor:  {'origin_stream_phase': 0, 'recovered_sequence': [1, 1, 0, 0, 0, 1, 1, 1, 1, 1, 0], 'errors_corrected': [6, 9], 'missing_gaps': array([0], dtype=int64), 'status': 'Corrected bit flip at index [6, 9] via syndrome projection', 'direction_key': 'U_forward'}
Vert:  {'origin_stream_phase': 23, 'recovered_sequence': [0, 0, 0, 1, 1, 0, 1, 0, 1, 0, 0, 1], 'errors_corrected': [], 'missing_gaps': array([0], dtype=int64), 'status': 'Corrected bit flip at index [] via syndrome projection', 'direction_key': 'W_reverse'}
[Warning] Consistency check failed. Skip
row: 6, col 10, length: 14
valid_mask: [1 1 1 1 1 1 1 1 1 1 1 1]
patch:
 [[0 1 1 0 0 0 0 0 0 1 0 0 0 1]
 [1 1 0 1 0 0 1 1 1 0 0 1 0 1]]
Hor:  {'origin_stream_phase': 24, 'recovered_sequence': [0, 0, 1, 1, 0, 1, 0, 1, 0, 0, 1, 0], 'errors_corrected': [], 'missing_gaps': array([], dtype=int64), 'status': 'Corrected bit flip at index [] via syndrome projection', 'direction_key': 'W_reverse'}
Vert:  {'origin_stream_phase': 0, 'recovered_sequence': [1, 1, 0, 1, 0, 1, 0, 0, 0, 1, 1, 1, 0], 'errors_corrected': [], 'missing_gaps': array([], dtype=int64), 'status': 'Corrected bit flip at index [] via syndrome projection', 'direction_key': 'V_forward'}
{'status': 'success', 'row': 0, 'col': 24, 'b': (24, 0, -24), 'horizontal_axis': 'W', 'direction': 'reverse', 'errors_corrected': 0, 'erasures': 0}
[Info] Consistency check passed. Best result updated.
[[0 1 1 0 0 0 0 0 0 1 0 0 0 1]
 [1 1 0 1 0 0 1 1 1 0 0 1 0 1]]
row: 7, col 9, length: 16
valid_mask: [1 1 1 1 1 1 1 1 1 1 1 1 1 1]
patch:
 [[0 1 1 0 1 0 0 1 1 1 0 0 1 0 1 1]
 [0 1 1 0 1 1 0 1 0 0 0 0 1 1 0 0]]
row: 8, col 8, length: 19
valid_mask: [1 1 1 1 1 1 1 1 1 1 1 1 1 1 1 1 1]
patch:
 [[-1  0  1  1  0  1  1  0  1  0  0  0  0  1  1  0  0  1  1]
 [ 1  1  1  0  1  1  1  1  0  1  1  0  1  1  1  1  0  1  1]]
Hor:  {'origin_stream_phase': 21, 'recovered_sequence': [1, 0, 0, 0, 0, 1, 1, 0, 1, 0, 1, 0, 0, 1, 0, 0, 0], 'errors_corrected': [16], 'missing_gaps': array([], dtype=int64), 'status': 'Corrected bit flip at index [16] via syndrome projection', 'direction_key': 'W_reverse'}
Vert:  {'origin_stream_phase': 30, 'recovered_sequence': [0, 1, 1, 0, 1, 0, 1, 0, 0, 0, 1, 1, 1, 0, 1, 1, 1, 1], 'errors_corrected': [16, 17], 'missing_gaps': array([0], dtype=int64), 'status': 'Corrected bit flip at index [16, 17] via syndrome projection', 'direction_key': 'V_forward'}
[Warning] Consistency check failed. Skip
row: 9, col 7, length: 21
valid_mask: [0 1 1 1 1 1 1 1 1 1 1 1 1 1 1 1 1 1 1]
patch:
 [[-1  1  1  1  0  1  1  1  1  0  1  1  0  1  1  1  1  0  1  1  0]
 [-1  1  0  1  0  1  1  1  0  0  1  0  1  1  1  1  0  1  1  0  0]]
row: 10, col 8, length: 22
valid_mask: [1 1 1 1 1 1 1 1 1 1 1 1 1 1 1 1 1 1 1 1]
patch:
 [[1 0 1 0 1 1 1 0 0 1 0 1 1 1 1 0 1 1 0 0 1 0]
 [0 0 0 1 1 1 0 1 1 0 0 0 1 1 0 0 0 1 1 1 0 0]]
Hor:  {'origin_stream_phase': 20, 'recovered_sequence': [1, 1, 0, 0, 0, 0, 1, 1, 0, 1, 0, 1, 0, 0, 1, 0, 0, 0, 1, 0], 'errors_corrected': [], 'missing_gaps': array([], dtype=int64), 'status': 'Corrected bit flip at index [] via syndrome projection', 'direction_key': 'W_reverse'}
Vert:  {'origin_stream_phase': 0, 'recovered_sequence': [1, 1, 0, 1, 0, 1, 0, 0, 0, 1, 1, 1, 0, 1, 1, 1, 1, 1, 0, 0, 1], 'errors_corrected': [], 'missing_gaps': array([], dtype=int64), 'status': 'Corrected bit flip at index [] via syndrome projection', 'direction_key': 'V_forward'}
{'status': 'success', 'row': 0, 'col': 20, 'b': (20, 0, -20), 'horizontal_axis': 'W', 'direction': 'reverse', 'errors_corrected': 0, 'erasures': 0}
row: 11, col 7, length: 24
valid_mask: [1 1 1 1 1 1 1 1 1 1 1 1 1 1 1 1 1 1 1 1 1 1]
patch:
 [[1 0 0 0 1 1 1 0 1 1 0 0 0 1 1 0 0 0 1 1 1 0 0 1]
 [0 0 1 0 0 0 0 1 0 1 1 1 0 1 1 1 1 0 1 1 1 1 1 1]]
row: 12, col 6, length: 27
valid_mask: [1 1 1 1 1 1 1 1 1 1 1 1 1 1 1 1 1 1 1 1 1 1 1 1 1]
patch:
 [[-1  0  0  1  0  0  0  0  1  0  1  1  1  0  1  1  1  1  0  1  1  1  1  1  1  0  1]
 [ 0  0  1  1  0  1  1  0  1  0  1  0  1  1  0  0  0  1  1  1  1  1  0  0  0  0  0]]
Hor:  {'origin_stream_phase': 17, 'recovered_sequence': [0, 0, 1, 1, 1, 0, 0, 0, 0, 1, 1, 0, 1, 0, 1, 0, 0, 1, 0, 0, 0, 1, 0, 1, 1], 'errors_corrected': [13, 14], 'missing_gaps': array([], dtype=int64), 'status': 'Corrected bit flip at index [13, 14] via syndrome projection', 'direction_key': 'W_reverse'}
Vert:  {'origin_stream_phase': 30, 'recovered_sequence': [0, 1, 1, 0, 1, 0, 1, 0, 0, 0, 1, 1, 1, 0, 1, 1, 1, 1, 1, 0, 0, 1, 0, 0, 1, 1], 'errors_corrected': [14, 15], 'missing_gaps': array([0], dtype=int64), 'status': 'Corrected bit flip at index [14, 15] via syndrome projection', 'direction_key': 'V_forward'}
{'status': 'success', 'row': 30, 'col': 2, 'b': (-13, 30, -17), 'horizontal_axis': 'W', 'direction': 'reverse', 'errors_corrected': 4, 'erasures': 1}
row: 13, col 5, length: 29
valid_mask: [0 1 1 1 1 1 1 1 1 1 1 1 1 1 1 1 1 1 1 1 1 1 1 1 1 1 1]
patch:
 [[-1  0  0  1  1  0  1  1  0  1  0  1  0  1  1  0  0  0  1  1  1  1  1  0  0  0  0  0  1]
 [-1  1  0  1  1  1  1  0  1  0  1  0  0  0  0  0  0  1  0  0  1  1  1  0  1  1  0  1  1]]
row: 14, col 6, length: 30
valid_mask: [1 1 1 1 1 1 1 1 1 1 1 1 1 1 1 1 1 1 1 1 1 1 1 1 1 1 1 1]
patch:
 [[1 0 1 1 1 1 0 1 0 1 0 0 0 0 0 0 1 0 0 1 1 1 0 1 1 0 1 1 0 0]
 [0 1 0 0 1 1 1 0 1 0 0 1 0 0 1 0 0 0 1 0 0 1 0 1 0 0 1 1 0 0]]
row: 15, col 5, length: 31
valid_mask: [1 1 1 1 1 1 1 1 1 1 1 1 1 1 1 1 1 1 1 1 1 1 1 1 1 1 1 1 1]
patch:
 [[0 0 1 0 0 1 1 1 0 1 0 0 1 0 0 1 0 0 0 1 0 0 1 0 1 0 0 1 1 0 0]
 [1 1 1 1 1 0 1 0 0 1 0 0 1 1 0 1 1 1 0 1 0 1 0 1 0 0 0 0 1 1 0]]
row: 16, col 4, length: 31
valid_mask: [1 1 1 1 1 1 1 1 1 1 1 1 1 1 1 1 1 1 1 1 1 1 1 1 1 1 1 1 1]
patch:
 [[-1  1  1  1  1  1  0  1  0  0  1  0  0  1  1  0  1  1  1  0  1  0  1  0  1  0  0  0  0  1  1]
 [ 1  1  0  0  1  0  1  1  0  0  1  1  0  0  0  0  0  1  0  0  1  0  0  1  0  0  1  1  1  0  0]]
row: 17, col 3, length: 32
valid_mask: [0 1 1 1 1 1 1 1 1 1 1 1 1 1 1 1 1 1 1 1 1 1 1 1 1 1 1 1 1 1]
patch:
 [[-1  1  1  0  0  1  0  1  1  0  0  1  1  0  0  0  0  0  1  0  0  1  0  0  1  0  0  1  1  1  0  0]
 [-1  1  1  1  1  1  1  0  0  0  1  1  1  0  0  0  1  0  1  1  1  1  0  0  0  1  1  0  1  1  1  0]]
row: 18, col 4, length: 30
valid_mask: [1 1 1 1 1 1 1 1 1 1 1 1 1 1 1 1 1 1 1 1 1 1 1 1 1 1 1 1]
patch:
 [[1 1 1 1 1 1 0 0 0 1 1 1 0 0 0 1 0 1 1 1 1 0 0 0 1 1 0 1 1 1]
 [0 1 0 0 1 1 1 1 1 0 1 0 0 0 1 1 1 1 0 0 0 0 0 0 0 1 0 1 1 1]]
Hor:  {'origin_stream_phase': 12, 'recovered_sequence': [1, 1, 0, 1, 1, 0, 0, 1, 1, 1, 0, 0, 0, 0, 1, 1, 0, 1, 0, 1, 0, 0, 1, 0, 0, 0, 1, 0], 'errors_corrected': [], 'missing_gaps': array([], dtype=int64), 'status': 'Corrected bit flip at index [] via syndrome projection', 'direction_key': 'W_reverse'}
Vert:  {'origin_stream_phase': 0, 'recovered_sequence': [1, 1, 0, 1, 0, 1, 0, 0, 0, 1, 1, 1, 0, 1, 1, 1, 1, 1, 0, 0, 1, 0, 0, 1, 1, 0, 0, 0, 0], 'errors_corrected': [], 'missing_gaps': array([], dtype=int64), 'status': 'Corrected bit flip at index [] via syndrome projection', 'direction_key': 'V_forward'}
{'status': 'success', 'row': 0, 'col': 12, 'b': (12, 0, -12), 'horizontal_axis': 'W', 'direction': 'reverse', 'errors_corrected': 0, 'erasures': 0}
row: 19, col 3, length: 31
valid_mask: [1 1 1 1 1 1 1 1 1 1 1 1 1 1 1 1 1 1 1 1 1 1 1 1 1 1 1 1 1]
patch:
 [[1 0 1 0 0 1 1 1 1 1 0 1 0 0 0 1 1 1 1 0 0 0 0 0 0 0 1 0 1 1 1]
 [0 0 0 0 1 0 1 0 0 0 0 0 0 0 0 1 1 0 1 0 1 1 0 0 0 1 0 1 0 1 1]]
row: 20, col 2, length: 31
valid_mask: [1 1 1 1 1 1 1 1 1 1 1 1 1 1 1 1 1 1 1 1 1 1 1 1 1 1 1 1 1]
patch:
 [[-1  0  0  0  0  1  0  1  0  0  0  0  0  0  0  0  1  1  0  1  0  1  1  0  0  0  1  0  1  0  1]
 [ 1  0  1  0  0  0  1  1  0  0  0  1  0  1  1  0  0  1  1  1  0  1  0  1  1  0  1  1  0  1  0]]
row: 21, col 1, length: 32
valid_mask: [0 1 1 1 1 1 1 1 1 1 1 1 1 1 1 1 1 1 1 1 1 1 1 1 1 1 1 1 1 1]
patch:
 [[-1  1  0  1  0  0  0  1  1  0  0  0  1  0  1  1  0  0  1  1  1  0  1  0  1  1  0  1  1  0  1  0]
 [-1  1  0  0  0  1  0  0  0  0  1  1  0  0  0  1  0  0  1  1  0  0  1  1  0  1  0  0  0  1  0  1]]
row: 22, col 2, length: 30
valid_mask: [1 1 1 1 1 1 1 1 1 1 1 1 1 1 1 1 1 1 1 1 1 1 1 1 1 1 1 1]
patch:
 [[1 0 0 0 1 0 0 0 0 1 1 0 0 0 1 0 0 1 1 0 0 1 1 0 1 0 0 0 1 0]
 [1 1 0 0 0 1 0 0 0 1 0 1 1 1 1 1 0 0 1 0 0 0 0 1 1 1 1 1 0 1]]
Hor:  {'origin_stream_phase': 8, 'recovered_sequence': [0, 1, 1, 1, 1, 1, 0, 1, 1, 0, 0, 1, 1, 1, 0, 0, 0, 0, 1, 1, 0, 1, 0, 1, 0, 0, 1, 0], 'errors_corrected': [10, 11], 'missing_gaps': array([], dtype=int64), 'status': 'Corrected bit flip at index [10, 11] via syndrome projection', 'direction_key': 'W_reverse'}
Vert:  {'origin_stream_phase': 0, 'recovered_sequence': [1, 1, 0, 1, 0, 1, 0, 0, 0, 1, 1, 1, 0, 1, 1, 1, 1, 1, 0, 0, 1, 0, 0, 1, 1, 0, 0, 0, 0], 'errors_corrected': [10, 11], 'missing_gaps': array([], dtype=int64), 'status': 'Corrected bit flip at index [10, 11] via syndrome projection', 'direction_key': 'V_forward'}
{'status': 'success', 'row': 0, 'col': 8, 'b': (8, 0, -8), 'horizontal_axis': 'W', 'direction': 'reverse', 'errors_corrected': 4, 'erasures': 0}
row: 23, col 1, length: 31
valid_mask: [1 1 1 1 1 1 1 1 1 1 1 1 1 1 1 1 1 1 1 1 1 1 1 1 1 1 1 1 1]
patch:
 [[1 1 1 0 0 0 1 0 0 0 1 0 1 1 1 1 1 0 0 1 0 0 0 0 1 1 1 1 1 0 1]
 [0 0 1 0 1 0 0 0 1 1 1 1 1 0 1 0 1 0 0 1 0 1 0 0 0 0 1 1 1 1 0]]
row: 24, col 0, length: 31
valid_mask: [1 0 0 1 1 1 1 1 1 1 1 1 1 1 1 1 1 1 1 1 1 1 1 1 1 1 1 1 1]
patch:
 [[-1  0  0  1  0  1  0  0  0  1  1  1  1  1  0  1  0  1  0  0  1  0  1  0  0  0  0  1  1  1  1]
 [ 1  0 -1  1  0  0  1  0  0  1  1  0  1  0  1  1  1  1  1  0  1  0  0  1  1  0  1  0  0  0  0]]
row: 25, col 3, length: 28
valid_mask: [1 1 1 1 1 1 1 1 1 1 1 1 1 1 1 1 1 1 1 1 1 1 1 1 1 1]
patch:
 [[1 0 0 1 0 0 1 1 0 1 0 1 1 1 1 1 0 1 0 0 1 1 0 1 0 0 0 0]
 [1 1 1 1 1 0 0 1 0 0 0 1 1 0 1 0 1 0 1 1 1 0 1 1 0 1 1 1]]
row: 26, col 4, length: 26
valid_mask: [1 1 1 1 1 1 1 1 1 1 1 1 1 1 1 1 1 1 1 1 1 1 1 1]
patch:
 [[1 1 1 1 0 0 1 0 0 0 1 1 0 1 0 1 0 1 1 1 0 1 1 0 1 1]
 [0 1 1 1 0 0 0 0 1 1 1 0 0 0 0 1 0 0 0 0 0 0 0 1 0 0]]
row: 27, col 5, length: 25
valid_mask: [0 1 1 1 1 1 1 1 1 1 1 1 1 1 1 1 1 1 1 1 1 1 1]
patch:
 [[ 1  1  1  0  0  0  0  1  1  1  0  0  0  0  1  0  0  0  0  0  0  0  1  0  0]
 [-1  0  1  1  1  1  0  1  0  1  0  0  1  0  0  1  1  1  1  0  1  1  1  0  1]]
row: 28, col 6, length: 23
valid_mask: [1 1 1 1 1 1 1 1 1 1 1 1 1 1 1 1 1 1 1 1 1]
patch:
 [[0 1 1 1 1 0 1 0 1 0 0 1 0 0 1 1 1 1 0 1 1 1 0]
 [1 0 0 0 0 1 1 1 1 1 0 0 1 1 1 1 1 0 1 1 1 1 0]]
row: 29, col 7, length: 22
valid_mask: [0 0 0 0 1 1 1 1 1 1 1 1 1 1 1 1 1 1 1 1]
patch:
 [[ 0  0  0  0  1  1  1  1  1  0  0  1  1  1  1  1  0  1  1  1  1  0]
 [-1  1 -1 -1  1  1  1  0  1  0  0  0  1  0  0  0  1  1  1  0  0  0]]
row: 30, col 10, length: 18
valid_mask: [0 1 1 1 1 1 1 1 1 1 1 1 1 1 1 1]
patch:
 [[-1  1  1  1  0  1  0  0  0  1  0  0  0  1  1  1  0  0]
 [-1  1  1  0  0  0  0  0  0  0  1  1  0  0  0  0  1  1]]
row: 31, col 13, length: 15
valid_mask: [0 1 1 1 1 1 1 1 1 1 1 1 1]
patch:
 [[ 0  0  0  0  0  0  0  1  1  0  0  0  0  1  1]
 [-1  1  1  1  1  1  0  0  1  0  0  0  0  0  1]]
row: 32, col 14, length: 13
valid_mask: [1 1 1 1 0 0 1 1 1 1 1]
patch:
 [[ 1  1  1  1  1  0  0  1  0  0  0  0  0]
 [ 1  0  1  1  0 -1  1  1  1  1  1  1  1]]
Hor:  {'origin_stream_phase': 15, 'recovered_sequence': [1, 1, 0, 0, 1, 1, 1, 0, 0, 0, 0], 'errors_corrected': [], 'missing_gaps': array([4, 5], dtype=int64), 'status': 'Corrected bit flip at index [] via syndrome projection', 'direction_key': 'W_reverse'}
Vert:  {'origin_stream_phase': 10, 'recovered_sequence': [1, 1, 0, 1, 1, 1, 1, 1, 0, 0, 1, 0], 'errors_corrected': [10], 'missing_gaps': array([4, 5], dtype=int64), 'status': 'Corrected bit flip at index [10] via syndrome projection', 'direction_key': 'V_forward'}
[Warning] Consistency check failed. Skip
Target coords: 0 24
Processing test case compound_rotation_2_0010...
[Diag] Reference step from all edges: 34.60 px; max edge: 43.11
[DIAG] scaler:
 [[ 0.          0.          0.          0.          1.74567189  0.          0.        ]
 [ 0.          1.20318969  5.29130666 10.21380401 10.42236036  0.          0.        ]
 [ 8.19678627  9.17452733  9.83060951 10.36754995 10.77473428  0.          0.        ]
 [ 8.67268277  9.39682344 10.12999565 10.68914601 11.05644152  0.          0.        ]
 [ 8.723783    9.46059521 10.13955758 10.75089562 11.16564824  0.          0.        ]]
[Diag] Total Delaunay faces: 822
[Diag] Drop by edge length:  111
[Diag] Drop by angle check: 0
[Diag] Validated geometric seeds left: 711
Wave 0
   -> Island 408 Shape: (2, 2)
[[408 407]
 [406  -1]]
   -> Island 420 Shape: (2, 2)
[[420 418]
 [419  -1]]
   -> Island 95 Shape: (2, 2)
[[ 95 111]
 [ 83  -1]]
   -> Island 259 Shape: (2, 2)
[[259 288]
 [277  -1]]
   -> Island 59 Shape: (2, 2)
[[59 77]
 [45 -1]]
   -> Island 333 Shape: (2, 2)
[[333 361]
 [351  -1]]
   -> Island 37 Shape: (2, 2)
[[37 56]
 [24 -1]]
   -> Island 105 Shape: (2, 2)
[[105 132]
 [119  -1]]
   -> Island 315 Shape: (2, 2)
[[315 303]
 [282  -1]]
   -> Island 120 Shape: (2, 2)
[[120 133]
 [151  -1]]
   -> Island 203 Shape: (2, 2)
[[203 189]
 [169  -1]]
   -> Island 304 Shape: (2, 2)
[[304 316]
 [337  -1]]
   -> Island 186 Shape: (2, 2)
[[186 173]
 [155  -1]]
   -> Island 240 Shape: (2, 2)
[[240 255]
 [228  -1]]
   -> Island 42 Shape: (2, 2)
[[42 28]
 [12 -1]]
   -> Island 318 Shape: (2, 2)
[[318 331]
 [350  -1]]
   -> Island 390 Shape: (2, 2)
[[390 396]
 [403  -1]]
   -> Island 178 Shape: (2, 2)
[[178 192]
 [207  -1]]
   -> Island 19 Shape: (2, 2)
[[19  7]
 [ 0 -1]]
   -> Island 347 Shape: (2, 2)
[[347 362]
 [376  -1]]
[Diag] Wave step complete: Added 46 structural ears.
Wave 1
   -> Island 408 Shape: (2, 2)
[[408 407]
 [406  -1]]
   -> Island 420 Shape: (2, 2)
[[420 418]
 [419  -1]]
   -> Island 95 Shape: (4, 3)
[[ -1  -1  -1]
 [ -1 123  -1]
 [ -1  95 111]
 [ 66  83  97]]
   -> Island 259 Shape: (4, 3)
[[ -1  -1  -1]
 [ -1 272  -1]
 [ -1 259 288]
 [247 277 306]]
   -> Island 59 Shape: (4, 3)
[[-1 -1 -1]
 [-1 89 -1]
 [-1 59 77]
 [29 45 62]]
   -> Island 333 Shape: (4, 3)
[[ -1  -1  -1]
 [ -1 344  -1]
 [ -1 333 361]
 [320 351 380]]
   -> Island 37 Shape: (4, 2)
[[-1 -1]
 [72 -1]
 [37 56]
 [24 44]]
   -> Island 105 Shape: (4, 3)
[[ -1  -1  -1]
 [ -1 117  -1]
 [ -1 105 132]
 [ 91 119 147]]
   -> Island 315 Shape: (4, 3)
[[ -1  -1  -1]
 [ -1 334  -1]
 [ -1 315 303]
 [294 282 269]]
   -> Island 120 Shape: (4, 3)
[[ -1  -1  -1]
 [ -1 101  -1]
 [ -1 120 133]
 [139 151 166]]
   -> Island 203 Shape: (4, 3)
[[ -1  -1  -1]
 [ -1 222  -1]
 [ -1 203 189]
 [182 169 154]]
   -> Island 304 Shape: (4, 3)
[[ -1  -1  -1]
 [ -1 284  -1]
 [ -1 304 316]
 [323 337 349]]
   -> Island 186 Shape: (4, 3)
[[ -1  -1  -1]
 [ -1 206  -1]
 [ -1 186 173]
 [168 155 142]]
   -> Island 240 Shape: (4, 3)
[[ -1  -1  -1]
 [ -1 268  -1]
 [ -1 240 255]
 [212 228 246]]
   -> Island 42 Shape: (4, 3)
[[-1 -1 -1]
 [-1 60 -1]
 [-1 42 28]
 [26 12 -1]]
   -> Island 318 Shape: (4, 3)
[[ -1  -1  -1]
 [ -1 300  -1]
 [ -1 318 331]
 [338 350 360]]
   -> Island 390 Shape: (4, 2)
[[ -1  -1]
 [374  -1]
 [390 396]
 [403 405]]
   -> Island 178 Shape: (4, 3)
[[ -1  -1  -1]
 [ -1 161  -1]
 [ -1 178 192]
 [194 207 221]]
   -> Island 19 Shape: (4, 2)
[[-1 -1]
 [33 -1]
 [19  7]
 [ 0 -1]]
   -> Island 347 Shape: (2, 2)
[[347 362]
 [376  -1]]
[Diag] Wave step complete: Added 86 structural ears.
Wave 2
   -> Island 408 Shape: (2, 2)
[[408 407]
 [406  -1]]
   -> Island 420 Shape: (2, 2)
[[420 418]
 [419  -1]]
   -> Island 95 Shape: (5, 4)
[[ -1  -1  -1  -1]
 [109 123 140  -1]
 [ 80  95 111 126]
 [ 66  83  97  -1]
 [ -1  54  69  -1]]
   -> Island 259 Shape: (5, 4)
[[ -1  -1  -1  -1]
 [242 272 301  -1]
 [227 259 288 319]
 [247 277 306  -1]
 [ -1 264 293  -1]]
   -> Island 59 Shape: (5, 4)
[[ -1  -1  -1  -1]
 [ 74  89 108  -1]
 [ 43  59  77  93]
 [ 29  45  62  -1]
 [ -1  16  32  -1]]
   -> Island 333 Shape: (5, 4)
[[ -1  -1  -1  -1]
 [313 344 372  -1]
 [299 333 361 388]
 [320 351 380  -1]
 [ -1 339 367  -1]]
   -> Island 37 Shape: (4, 4)
[[-1 -1 -1 -1]
 [51 72 -1 -1]
 [-1 37 56 76]
 [-1 24 44 -1]]
   -> Island 105 Shape: (5, 4)
[[ -1  -1  -1  -1]
 [ 90 117 145  -1]
 [ 78 105 132 159]
 [ 91 119 147  -1]
 [ -1 107 136  -1]]
   -> Island 315 Shape: (5, 4)
[[ -1  -1  -1  -1]
 [346 334 321  -1]
 [327 315 303 286]
 [294 282 269  -1]
 [ -1 262 249  -1]]
   -> Island 120 Shape: (5, 4)
[[ -1  -1  -1  -1]
 [ 88 101 116  -1]
 [106 120 133 146]
 [139 151 166  -1]
 [ -1 171 183  -1]]
   -> Island 203 Shape: (5, 4)
[[ -1  -1  -1  -1]
 [235 222 209  -1]
 [216 203 189 176]
 [182 169 154  -1]
 [ -1 149 135  -1]]
   -> Island 304 Shape: (5, 4)
[[ -1  -1  -1  -1]
 [270 284 296  -1]
 [291 304 316 328]
 [323 337 349  -1]
 [ -1 356 368  -1]]
   -> Island 186 Shape: (5, 4)
[[ -1  -1  -1  -1]
 [219 206 191  -1]
 [200 186 173 160]
 [168 155 142  -1]
 [ -1 138 125  -1]]
   -> Island 240 Shape: (5, 4)
[[ -1  -1  -1  -1]
 [ -1 268 285  -1]
 [ -1 240 255 273]
 [212 228 246  -1]
 [ -1 201 215  -1]]
   -> Island 42 Shape: (4, 3)
[[-1 -1 -1]
 [73 60 46]
 [57 42 28]
 [26 12 -1]]
   -> Island 318 Shape: (5, 4)
[[ -1  -1  -1  -1]
 [289 300 311  -1]
 [305 318 331 342]
 [338 350 360  -1]
 [ -1 366 377  -1]]
   -> Island 390 Shape: (4, 4)
[[ -1  -1  -1  -1]
 [363 374 385  -1]
 [ -1 390 396 401]
 [ -1 403 405  -1]]
   -> Island 178 Shape: (5, 4)
[[ -1  -1  -1  -1]
 [148 161 174  -1]
 [165 178 192 204]
 [194 207 221  -1]
 [ -1 226 239  -1]]
   -> Island 19 Shape: (4, 3)
[[-1 -1 -1]
 [48 33 18]
 [-1 19  7]
 [-1  0 -1]]
   -> Island 347 Shape: (2, 2)
[[347 362]
 [376  -1]]
[Diag] Wave step complete: Added 164 structural ears.
Wave 3
   -> Island 408 Shape: (2, 2)
[[408 407]
 [406  -1]]
   -> Island 420 Shape: (2, 2)
[[420 418]
 [419  -1]]
   -> Island 95 Shape: (5, 5)
[[ -1  -1 137 153  -1]
 [ -1 109 123 140  -1]
 [ -1  80  95 111 126]
 [ 52  66  83  97 114]
 [ -1  38  54  69  86]]
   -> Island 259 Shape: (7, 13)
[[ -1  -1  -1  -1  -1  -1 131 144  -1  -1  -1  -1  -1]
 [ -1  -1  -1  -1  -1 148 161 174  -1  -1  -1  -1  -1]
 [ -1 113 125 138 152 165 178 192 204 218 227 242 253]
 [128 142 155 168 181 194 207 221 234 247 259 272 283]
 [ -1 160 173 186 200 213 226 239 252 264 277 288 301]
 [ -1 191 206 219  -1  -1  -1  -1  -1 293 306 319  -1]
 [ -1  -1 224 237  -1  -1  -1  -1  -1  -1 324 336  -1]]
   -> Island 59 Shape: (5, 5)
[[ -1  -1 103 121  -1]
 [ -1  74  89 108  -1]
 [ -1  43  59  77  93]
 [ 14  29  45  62  82]
 [ -1   5  16  32  50]]
   -> Island 333 Shape: (8, 12)
[[ -1  -1  -1  -1  -1  -1  -1  -1  -1 271 281  -1]
 [ -1  -1  -1  -1  -1  -1  -1  -1 289 300 311  -1]
 [ -1  -1  -1  -1  -1  -1  -1  -1 305 318 331 342]
 [236 249 262 275 287 299 313 326 338 350 360 369]
 [254 269 282 294 307 320 333 344 355 366 377  -1]
 [286 303 315 327 339 351 361 372  -1  -1  -1  -1]
 [ -1 321 334 346  -1 367 380 388  -1  -1  -1  -1]
 [ -1 353 365  -1  -1 391  -1  -1  -1  -1  -1  -1]]
   -> Island 37 Shape: (4, 4)
[[-1 85 -1 -1]
 [51 72 -1 -1]
 [-1 37 56 76]
 [-1 24 44 64]]
   -> Island 105 Shape: (5, 5)
[[ -1  -1 102 129  -1]
 [ -1  90 117 145  -1]
 [ -1  78 105 132 159]
 [ 63  91 119 147 175]
 [ -1  79 107 136 163]]
   -> Island 120 Shape: (5, 5)
[[ -1  -1  70  84  -1]
 [ -1  88 101 116  -1]
 [ -1 106 120 133 146]
 [124 139 151 166 179]
 [ -1 156 171 183 198]]
   -> Island 203 Shape: (5, 5)
[[ -1  -1 256 244  -1]
 [ -1 235 222 209  -1]
 [ -1 216 203 189 176]
 [197 182 169 154 141]
 [ -1 164 149 135  -1]]
   -> Island 304 Shape: (8, 5)
[[ -1  -1 248 260  -1]
 [ -1 270 284 296  -1]
 [ -1 291 304 316 328]
 [310 323 337 349 359]
 [ -1 345 356 368 379]
 [363 374 385  -1  -1]
 [ -1 390 396 401  -1]
 [ -1 403 405  -1  -1]]
   -> Island 240 Shape: (5, 4)
[[ -1  -1 297  -1]
 [ -1 268 285  -1]
 [ -1 240 255 273]
 [212 228 246 261]
 [185 201 215 233]]
   -> Island 42 Shape: (4, 5)
[[-1 -1 92 81 -1]
 [-1 73 60 46 -1]
 [-1 57 42 28 15]
 [39 26 12 -1 -1]]
   -> Island 19 Shape: (4, 4)
[[-1 61 47 -1]
 [48 33 18 -1]
 [-1 19  7  1]
 [-1  0 -1 -1]]
   -> Island 347 Shape: (2, 2)
[[347 362]
 [376  -1]]
[Diag] Wave step complete: Added 277 structural ears.
Wave 4
   -> Island 408 Shape: (2, 2)
[[408 407]
 [406  -1]]
   -> Island 420 Shape: (2, 2)
[[420 418]
 [419  -1]]
   -> Island 259 Shape: (27, 30)
[[ -1  -1  -1  -1  -1  -1 297 314  -1  -1  -1  -1  -1  -1  -1  -1  -1  -1  -1  -1  -1  -1  -1  -1  -1  -1  -1  -1  -1  -1]
 [ -1  -1  -1  -1  -1 268 285 302  -1  -1  -1  -1  -1  -1  -1  -1  -1  -1  -1  -1  -1  -1  -1  -1  -1  -1  -1  -1  -1  -1]
 [ -1  -1  -1  -1  -1 240 255 273 290  -1  -1  -1  -1  -1  -1  -1  -1  -1  -1  -1  -1  -1  -1  -1  -1  -1  -1  -1  -1  -1]
 [ -1  -1  -1  -1 212 228 246 261  -1  -1 312 330 348  -1  -1  -1  -1  -1  -1  -1  -1  -1  -1  -1  -1  -1  -1  -1  -1  -1]
 [ -1  -1  -1  -1 185 201 215 233  -1  -1 283 301 319 336 354 369  -1  -1  -1  -1  -1  -1  -1  -1  -1  -1  -1  -1  -1  -1]
 [ -1  -1  -1 158 172 188 205  -1  -1 253 272 288 306 324 342 360 377  -1  -1  -1  -1  -1  -1  -1  -1  -1  -1  -1  -1  -1]
 [ -1  -1  -1 129 145 159 175  -1  -1 225 242 259 277 293 311 331 350 366 382  -1  -1  -1  -1  -1  -1  -1  -1  -1  -1  -1]
 [ -1  -1 102 117 132 147 163  -1  -1 214 227 247 264 281 300 318 338 355 372 388  -1  -1  -1  -1  -1  -1  -1  -1  -1  -1]
 [ -1  -1  75  90 105 119 136 150  -1  -1 199 218 234 252 271 289 305 326 344 361 380 391  -1  -1  -1  -1  -1  -1  -1  -1]
 [ -1  48  61  78  91 107 122 137 153 170 187 204 221 239 258 276 292 313 333 351 367 386  -1  -1  -1  -1  -1  -1  -1  -1]
 [ -1  19  33  47  63  79  94 109 123 140 157 174 192 207 226 245  -1 280 299 320 339 357 375  -1  -1  -1  -1  -1  -1  -1]
 [  0   7  18  35  -1  65  80  95 111 126 144 161 178 194 213 232 250 267 287 307 327 346 365  -1  -1  -1  -1  -1  -1  -1]
 [ -1  -1   1   8  -1  -1  52  66  83  97 114 131 148 165 181 200 219 237  -1 275 294 315 334 353  -1  -1  -1  -1  -1  -1]
 [ -1  -1  -1  -1  -1  -1  38  54  69  86  -1 118 134 152 168 186 206 224 243 262 282 303 321 343 359 379 392 401 405  -1]
 [ -1  -1  -1  -1  -1  -1  -1  23  40  55  -1  87 103 121 138 155 173 191 211 231 249 269 286 309 328 349 368 385 396 403]
 [ -1  -1  -1  -1  -1  -1  -1  -1  -1  -1  58  74  89 108 125 142 160 179 198 217 236 254 274 296 316 337 356 374 390  -1]
 [ -1  -1  -1  -1  -1  -1  -1  -1  -1  -1  27  43  59  77  93 113 128 146 166 183 202  -1  -1 260 284 304 323 345 363  -1]
 [ -1  -1  -1  -1  -1  -1  -1  -1  -1  -1  14  29  45  62  82  99 116 133 151 171 190  -1 230 248 270 291 310 332  -1  -1]
 [ -1  -1  -1  -1  -1  -1  -1  -1  -1  -1  -1   5  16  32  50  -1  84 101 120 139 156  -1 197 216 235 256 278  -1  -1  -1]
 [ -1  -1  -1  -1  -1  -1  -1  -1  -1  -1  -1  -1  -1  17  -1  -1  70  88 106 124  -1 164 182 203 222 244  -1  -1  -1  -1]
 [ -1  -1  -1  -1  -1  -1  -1  -1  -1  -1  -1  -1  -1  -1  -1  -1  39  57  73  92  -1 130 149 169 189 209 229  -1  -1  -1]
 [ -1  -1  -1  -1  -1  -1  -1  -1  -1  -1  -1  -1  -1  -1  -1   6  26  42  60  81  -1 115 135 154 176 196  -1  -1  -1  -1]
 [ -1  -1  -1  -1  -1  -1  -1  -1  -1  -1  -1  -1  -1  -1  -1  -1  -1  12  28  46  67  85 104  -1 141 162  -1  -1  -1  -1]
 [ -1  -1  -1  -1  -1  -1  -1  -1  -1  -1  -1  -1  -1  -1  -1  -1  -1  -1  15  31  51  72  -1  -1  -1  -1  -1  -1  -1  -1]
 [ -1  -1  -1  -1  -1  -1  -1  -1  -1  -1  -1  -1  -1  -1  -1  -1  -1  -1  -1  -1  -1  37  56  76  96  -1  -1  -1  -1  -1]
 [ -1  -1  -1  -1  -1  -1  -1  -1  -1  -1  -1  -1  -1  -1  -1  -1  -1  -1  -1  -1  -1  24  44  64  -1  -1  -1  -1  -1  -1]
 [ -1  -1  -1  -1  -1  -1  -1  -1  -1  -1  -1  -1  -1  -1  -1  -1  -1  -1  -1  -1  -1  -1  -1  30  -1  -1  -1  -1  -1  -1]]
   -> Island 347 Shape: (2, 2)
[[347 362]
 [376  -1]]
[Diag] Wave step complete: Added 415 structural ears.
Wave 5
   -> Island 408 Shape: (2, 2)
[[408 407]
 [406  -1]]
   -> Island 420 Shape: (2, 2)
[[420 418]
 [419  -1]]
   -> Island 259 Shape: (29, 30)
[[ -1  -1  -1  -1  -1  -1  -1  -1  -1  -1  -1  -1  -1  -1  -1  -1  -1  -1  -1  -1  -1  -1  -1  -1  -1  -1  -1  -1  -1  -1]
 [ -1  -1  -1  -1  -1  -1 325  -1  -1  -1  -1  -1  -1  -1  -1  -1  -1  -1  -1  -1  -1  -1  -1  -1  -1  -1  -1  -1  -1  -1]
 [ -1  -1  -1  -1  -1  -1 297 314  -1  -1  -1  -1  -1  -1  -1  -1  -1  -1  -1  -1  -1  -1  -1  -1  -1  -1  -1  -1  -1  -1]
 [ -1  -1  -1  -1  -1 268 285 302  -1  -1  -1  -1  -1  -1  -1  -1  -1  -1  -1  -1  -1  -1  -1  -1  -1  -1  -1  -1  -1  -1]
 [ -1  -1  -1  -1  -1 240 255 273 290  -1  -1  -1  -1  -1  -1  -1  -1  -1  -1  -1  -1  -1  -1  -1  -1  -1  -1  -1  -1  -1]
 [ -1  -1  -1  -1 212 228 246 261 279 295 312 330 348 364  -1  -1  -1  -1  -1  -1  -1  -1  -1  -1  -1  -1  -1  -1  -1  -1]
 [ -1  -1  -1  -1 185 201 215 233 251 266 283 301 319 336 354 369  -1  -1  -1  -1  -1  -1  -1  -1  -1  -1  -1  -1  -1  -1]
 [ -1  -1  -1 158 172 188 205 220 238 253 272 288 306 324 342 360 377  -1  -1  -1  -1  -1  -1  -1  -1  -1  -1  -1  -1  -1]
 [ -1  -1  -1 129 145 159 175 193  -1 225 242 259 277 293 311 331 350 366 382  -1  -1  -1  -1  -1  -1  -1  -1  -1  -1  -1]
 [ -1  -1 102 117 132 147 163 180  -1 214 227 247 264 281 300 318 338 355 372 388  -1  -1  -1  -1  -1  -1  -1  -1  -1  -1]
 [ -1  -1  75  90 105 119 136 150 167 184 199 218 234 252 271 289 305 326 344 361 380 391  -1  -1  -1  -1  -1  -1  -1  -1]
 [ -1  48  61  78  91 107 122 137 153 170 187 204 221 239 258 276 292 313 333 351 367 386  -1  -1  -1  -1  -1  -1  -1  -1]
 [ -1  19  33  47  63  79  94 109 123 140 157 174 192 207 226 245  -1 280 299 320 339 357 375 389  -1  -1  -1  -1  -1  -1]
 [  0   7  18  35  49  65  80  95 111 126 144 161 178 194 213 232 250 267 287 307 327 346 365 381  -1  -1  -1  -1  -1  -1]
 [ -1  -1   1   8  -1  36  52  66  83  97 114 131 148 165 181 200 219 237 257 275 294 315 334 353 371 387 398 404  -1  -1]
 [ -1  -1  -1  -1  -1  22  38  54  69  86 100 118 134 152 168 186 206 224 243 262 282 303 321 343 359 379 392 401 405  -1]
 [ -1  -1  -1  -1  -1  -1  10  23  40  55  71  87 103 121 138 155 173 191 211 231 249 269 286 309 328 349 368 385 396 403]
 [ -1  -1  -1  -1  -1  -1  -1  -1  -1  -1  58  74  89 108 125 142 160 179 198 217 236 254 274 296 316 337 356 374 390  -1]
 [ -1  -1  -1  -1  -1  -1  -1  -1  -1  -1  27  43  59  77  93 113 128 146 166 183 202 223 241 260 284 304 323 345 363  -1]
 [ -1  -1  -1  -1  -1  -1  -1  -1  -1   4  14  29  45  62  82  99 116 133 151 171 190 210 230 248 270 291 310 332  -1  -1]
 [ -1  -1  -1  -1  -1  -1  -1  -1  -1  -1  -1   5  16  32  50  68  84 101 120 139 156 177 197 216 235 256 278 298  -1  -1]
 [ -1  -1  -1  -1  -1  -1  -1  -1  -1  -1  -1  -1  -1  17  34  53  70  88 106 124 143 164 182 203 222 244 265  -1  -1  -1]
 [ -1  -1  -1  -1  -1  -1  -1  -1  -1  -1  -1  -1  -1  -1  -1  21  39  57  73  92 112 130 149 169 189 209 229  -1  -1  -1]
 [ -1  -1  -1  -1  -1  -1  -1  -1  -1  -1  -1  -1  -1  -1  -1   6  26  42  60  81  98 115 135 154 176 196  -1  -1  -1  -1]
 [ -1  -1  -1  -1  -1  -1  -1  -1  -1  -1  -1  -1  -1  -1  -1  -1  -1  12  28  46  67  85 104  -1 141 162  -1  -1  -1  -1]
 [ -1  -1  -1  -1  -1  -1  -1  -1  -1  -1  -1  -1  -1  -1  -1  -1  -1  -1  15  31  51  72  -1 110 127  -1  -1  -1  -1  -1]
 [ -1  -1  -1  -1  -1  -1  -1  -1  -1  -1  -1  -1  -1  -1  -1  -1  -1  -1  -1  -1  -1  37  56  76  96  -1  -1  -1  -1  -1]
 [ -1  -1  -1  -1  -1  -1  -1  -1  -1  -1  -1  -1  -1  -1  -1  -1  -1  -1  -1  -1  -1  24  44  64  -1  -1  -1  -1  -1  -1]
 [ -1  -1  -1  -1  -1  -1  -1  -1  -1  -1  -1  -1  -1  -1  -1  -1  -1  -1  -1  -1  -1  -1  -1  30  -1  -1  -1  -1  -1  -1]]
   -> Island 347 Shape: (2, 2)
[[347 362]
 [376  -1]]
[Diag] Wave step complete: Added 469 structural ears.
Wave 6
   -> Island 408 Shape: (2, 2)
[[408 407]
 [406  -1]]
   -> Island 420 Shape: (2, 2)
[[420 418]
 [419  -1]]
   -> Island 259 Shape: (29, 30)
[[ -1  -1  -1  -1  -1  -1  -1  -1  -1  -1  -1  -1  -1  -1  -1  -1  -1  -1  -1  -1  -1  -1  -1  -1  -1  -1  -1  -1  -1  -1]
 [ -1  -1  -1  -1  -1  -1 325 340  -1  -1  -1  -1  -1  -1  -1  -1  -1  -1  -1  -1  -1  -1  -1  -1  -1  -1  -1  -1  -1  -1]
 [ -1  -1  -1  -1  -1  -1 297 314 329  -1  -1  -1  -1  -1  -1  -1  -1  -1  -1  -1  -1  -1  -1  -1  -1  -1  -1  -1  -1  -1]
 [ -1  -1  -1  -1  -1 268 285 302 317  -1  -1  -1  -1  -1  -1  -1  -1  -1  -1  -1  -1  -1  -1  -1  -1  -1  -1  -1  -1  -1]
 [ -1  -1  -1  -1  -1 240 255 273 290 308 322 341 358  -1  -1  -1  -1  -1  -1  -1  -1  -1  -1  -1  -1  -1  -1  -1  -1  -1]
 [ -1  -1  -1  -1 212 228 246 261 279 295 312 330 348 364  -1  -1  -1  -1  -1  -1  -1  -1  -1  -1  -1  -1  -1  -1  -1  -1]
 [ -1  -1  -1  -1 185 201 215 233 251 266 283 301 319 336 354 369  -1  -1  -1  -1  -1  -1  -1  -1  -1  -1  -1  -1  -1  -1]
 [ -1  -1  -1 158 172 188 205 220 238 253 272 288 306 324 342 360 377  -1  -1  -1  -1  -1  -1  -1  -1  -1  -1  -1  -1  -1]
 [ -1  -1  -1 129 145 159 175 193 208 225 242 259 277 293 311 331 350 366 382  -1  -1  -1  -1  -1  -1  -1  -1  -1  -1  -1]
 [ -1  -1 102 117 132 147 163 180 195 214 227 247 264 281 300 318 338 355 372 388  -1  -1  -1  -1  -1  -1  -1  -1  -1  -1]
 [ -1  -1  75  90 105 119 136 150 167 184 199 218 234 252 271 289 305 326 344 361 380 391  -1  -1  -1  -1  -1  -1  -1  -1]
 [ -1  48  61  78  91 107 122 137 153 170 187 204 221 239 258 276 292 313 333 351 367 386 395  -1  -1  -1  -1  -1  -1  -1]
 [ -1  19  33  47  63  79  94 109 123 140 157 174 192 207 226 245 263 280 299 320 339 357 375 389  -1  -1  -1  -1  -1  -1]
 [  0   7  18  35  49  65  80  95 111 126 144 161 178 194 213 232 250 267 287 307 327 346 365 381  -1  -1  -1  -1  -1  -1]
 [ -1  -1   1   8  20  36  52  66  83  97 114 131 148 165 181 200 219 237 257 275 294 315 334 353 371 387 398 404  -1  -1]
 [ -1  -1  -1  -1  -1  22  38  54  69  86 100 118 134 152 168 186 206 224 243 262 282 303 321 343 359 379 392 401 405  -1]
 [ -1  -1  -1  -1  -1  -1  10  23  40  55  71  87 103 121 138 155 173 191 211 231 249 269 286 309 328 349 368 385 396 403]
 [ -1  -1  -1  -1  -1  -1   2  11  25  41  58  74  89 108 125 142 160 179 198 217 236 254 274 296 316 337 356 374 390  -1]
 [ -1  -1  -1  -1  -1  -1  -1  -1  -1  13  27  43  59  77  93 113 128 146 166 183 202 223 241 260 284 304 323 345 363  -1]
 [ -1  -1  -1  -1  -1  -1  -1  -1  -1   4  14  29  45  62  82  99 116 133 151 171 190 210 230 248 270 291 310 332  -1  -1]
 [ -1  -1  -1  -1  -1  -1  -1  -1  -1  -1  -1   5  16  32  50  68  84 101 120 139 156 177 197 216 235 256 278 298  -1  -1]
 [ -1  -1  -1  -1  -1  -1  -1  -1  -1  -1  -1  -1  -1  17  34  53  70  88 106 124 143 164 182 203 222 244 265  -1  -1  -1]
 [ -1  -1  -1  -1  -1  -1  -1  -1  -1  -1  -1  -1  -1  -1  -1  21  39  57  73  92 112 130 149 169 189 209 229  -1  -1  -1]
 [ -1  -1  -1  -1  -1  -1  -1  -1  -1  -1  -1  -1  -1  -1  -1   6  26  42  60  81  98 115 135 154 176 196  -1  -1  -1  -1]
 [ -1  -1  -1  -1  -1  -1  -1  -1  -1  -1  -1  -1  -1  -1  -1  -1  -1  12  28  46  67  85 104  -1 141 162  -1  -1  -1  -1]
 [ -1  -1  -1  -1  -1  -1  -1  -1  -1  -1  -1  -1  -1  -1  -1  -1  -1  -1  15  31  51  72  -1 110 127  -1  -1  -1  -1  -1]
 [ -1  -1  -1  -1  -1  -1  -1  -1  -1  -1  -1  -1  -1  -1  -1  -1  -1  -1  -1  -1  -1  37  56  76  96  -1  -1  -1  -1  -1]
 [ -1  -1  -1  -1  -1  -1  -1  -1  -1  -1  -1  -1  -1  -1  -1  -1  -1  -1  -1  -1  -1  24  44  64  -1  -1  -1  -1  -1  -1]
 [ -1  -1  -1  -1  -1  -1  -1  -1  -1  -1  -1  -1  -1  -1  -1  -1  -1  -1  -1  -1  -1  -1  -1  30  -1  -1  -1  -1  -1  -1]]
   -> Island 347 Shape: (2, 2)
[[347 362]
 [376  -1]]
[Diag] Wave step complete: Added 312 structural ears.
Wave 7
   -> Island 408 Shape: (2, 2)
[[408 407]
 [406  -1]]
   -> Island 420 Shape: (2, 2)
[[420 418]
 [419  -1]]
   -> Island 259 Shape: (29, 30)
[[ -1  -1  -1  -1  -1  -1  -1  -1  -1  -1  -1  -1  -1  -1  -1  -1  -1  -1  -1  -1  -1  -1  -1  -1  -1  -1  -1  -1  -1  -1]
 [ -1  -1  -1  -1  -1  -1 325 340  -1  -1  -1  -1  -1  -1  -1  -1  -1  -1  -1  -1  -1  -1  -1  -1  -1  -1  -1  -1  -1  -1]
 [ -1  -1  -1  -1  -1  -1 297 314 329  -1  -1  -1  -1  -1  -1  -1  -1  -1  -1  -1  -1  -1  -1  -1  -1  -1  -1  -1  -1  -1]
 [ -1  -1  -1  -1  -1 268 285 302 317  -1  -1  -1  -1  -1  -1  -1  -1  -1  -1  -1  -1  -1  -1  -1  -1  -1  -1  -1  -1  -1]
 [ -1  -1  -1  -1  -1 240 255 273 290 308 322 341 358  -1  -1  -1  -1  -1  -1  -1  -1  -1  -1  -1  -1  -1  -1  -1  -1  -1]
 [ -1  -1  -1  -1 212 228 246 261 279 295 312 330 348 364  -1  -1  -1  -1  -1  -1  -1  -1  -1  -1  -1  -1  -1  -1  -1  -1]
 [ -1  -1  -1  -1 185 201 215 233 251 266 283 301 319 336 354 369  -1  -1  -1  -1  -1  -1  -1  -1  -1  -1  -1  -1  -1  -1]
 [ -1  -1  -1 158 172 188 205 220 238 253 272 288 306 324 342 360 377  -1  -1  -1  -1  -1  -1  -1  -1  -1  -1  -1  -1  -1]
 [ -1  -1  -1 129 145 159 175 193 208 225 242 259 277 293 311 331 350 366 382  -1  -1  -1  -1  -1  -1  -1  -1  -1  -1  -1]
 [ -1  -1 102 117 132 147 163 180 195 214 227 247 264 281 300 318 338 355 372 388  -1  -1  -1  -1  -1  -1  -1  -1  -1  -1]
 [ -1  -1  75  90 105 119 136 150 167 184 199 218 234 252 271 289 305 326 344 361 380 391  -1  -1  -1  -1  -1  -1  -1  -1]
 [ -1  48  61  78  91 107 122 137 153 170 187 204 221 239 258 276 292 313 333 351 367 386 395  -1  -1  -1  -1  -1  -1  -1]
 [ -1  19  33  47  63  79  94 109 123 140 157 174 192 207 226 245 263 280 299 320 339 357 375 389 400  -1  -1  -1  -1  -1]
 [  0   7  18  35  49  65  80  95 111 126 144 161 178 194 213 232 250 267 287 307 327 346 365 381 393 402  -1  -1  -1  -1]
 [ -1  -1   1   8  20  36  52  66  83  97 114 131 148 165 181 200 219 237 257 275 294 315 334 353 371 387 398 404  -1  -1]
 [ -1  -1  -1  -1   9  22  38  54  69  86 100 118 134 152 168 186 206 224 243 262 282 303 321 343 359 379 392 401 405  -1]
 [ -1  -1  -1  -1  -1   3  10  23  40  55  71  87 103 121 138 155 173 191 211 231 249 269 286 309 328 349 368 385 396 403]
 [ -1  -1  -1  -1  -1  -1   2  11  25  41  58  74  89 108 125 142 160 179 198 217 236 254 274 296 316 337 356 374 390  -1]
 [ -1  -1  -1  -1  -1  -1  -1  -1  -1  13  27  43  59  77  93 113 128 146 166 183 202 223 241 260 284 304 323 345 363  -1]
 [ -1  -1  -1  -1  -1  -1  -1  -1  -1   4  14  29  45  62  82  99 116 133 151 171 190 210 230 248 270 291 310 332  -1  -1]
 [ -1  -1  -1  -1  -1  -1  -1  -1  -1  -1  -1   5  16  32  50  68  84 101 120 139 156 177 197 216 235 256 278 298  -1  -1]
 [ -1  -1  -1  -1  -1  -1  -1  -1  -1  -1  -1  -1  -1  17  34  53  70  88 106 124 143 164 182 203 222 244 265  -1  -1  -1]
 [ -1  -1  -1  -1  -1  -1  -1  -1  -1  -1  -1  -1  -1  -1  -1  21  39  57  73  92 112 130 149 169 189 209 229  -1  -1  -1]
 [ -1  -1  -1  -1  -1  -1  -1  -1  -1  -1  -1  -1  -1  -1  -1   6  26  42  60  81  98 115 135 154 176 196  -1  -1  -1  -1]
 [ -1  -1  -1  -1  -1  -1  -1  -1  -1  -1  -1  -1  -1  -1  -1  -1  -1  12  28  46  67  85 104  -1 141 162  -1  -1  -1  -1]
 [ -1  -1  -1  -1  -1  -1  -1  -1  -1  -1  -1  -1  -1  -1  -1  -1  -1  -1  15  31  51  72  -1 110 127  -1  -1  -1  -1  -1]
 [ -1  -1  -1  -1  -1  -1  -1  -1  -1  -1  -1  -1  -1  -1  -1  -1  -1  -1  -1  -1  -1  37  56  76  96  -1  -1  -1  -1  -1]
 [ -1  -1  -1  -1  -1  -1  -1  -1  -1  -1  -1  -1  -1  -1  -1  -1  -1  -1  -1  -1  -1  24  44  64  -1  -1  -1  -1  -1  -1]
 [ -1  -1  -1  -1  -1  -1  -1  -1  -1  -1  -1  -1  -1  -1  -1  -1  -1  -1  -1  -1  -1  -1  -1  30  -1  -1  -1  -1  -1  -1]]
   -> Island 347 Shape: (2, 2)
[[347 362]
 [376  -1]]
[Diag] Wave step complete: Added 161 structural ears.
Wave 8
   -> Island 408 Shape: (2, 2)
[[408 407]
 [406  -1]]
   -> Island 420 Shape: (2, 2)
[[420 418]
 [419  -1]]
   -> Island 259 Shape: (29, 30)
[[ -1  -1  -1  -1  -1  -1  -1  -1  -1  -1  -1  -1  -1  -1  -1  -1  -1  -1  -1  -1  -1  -1  -1  -1  -1  -1  -1  -1  -1  -1]
 [ -1  -1  -1  -1  -1  -1 325 340 362 376  -1  -1  -1  -1  -1  -1  -1  -1  -1  -1  -1  -1  -1  -1  -1  -1  -1  -1  -1  -1]
 [ -1  -1  -1  -1  -1  -1 297 314 329 347  -1  -1  -1  -1  -1  -1  -1  -1  -1  -1  -1  -1  -1  -1  -1  -1  -1  -1  -1  -1]
 [ -1  -1  -1  -1  -1 268 285 302 317 335 352  -1  -1  -1  -1  -1  -1  -1  -1  -1  -1  -1  -1  -1  -1  -1  -1  -1  -1  -1]
 [ -1  -1  -1  -1  -1 240 255 273 290 308 322 341 358  -1  -1  -1  -1  -1  -1  -1  -1  -1  -1  -1  -1  -1  -1  -1  -1  -1]
 [ -1  -1  -1  -1 212 228 246 261 279 295 312 330 348 364  -1  -1  -1  -1  -1  -1  -1  -1  -1  -1  -1  -1  -1  -1  -1  -1]
 [ -1  -1  -1  -1 185 201 215 233 251 266 283 301 319 336 354 369  -1  -1  -1  -1  -1  -1  -1  -1  -1  -1  -1  -1  -1  -1]
 [ -1  -1  -1 158 172 188 205 220 238 253 272 288 306 324 342 360 377  -1  -1  -1  -1  -1  -1  -1  -1  -1  -1  -1  -1  -1]
 [ -1  -1  -1 129 145 159 175 193 208 225 242 259 277 293 311 331 350 366 382  -1  -1  -1  -1  -1  -1  -1  -1  -1  -1  -1]
 [ -1  -1 102 117 132 147 163 180 195 214 227 247 264 281 300 318 338 355 372 388  -1  -1  -1  -1  -1  -1  -1  -1  -1  -1]
 [ -1  -1  75  90 105 119 136 150 167 184 199 218 234 252 271 289 305 326 344 361 380 391  -1  -1  -1  -1  -1  -1  -1  -1]
 [ -1  48  61  78  91 107 122 137 153 170 187 204 221 239 258 276 292 313 333 351 367 386 395  -1  -1  -1  -1  -1  -1  -1]
 [ -1  19  33  47  63  79  94 109 123 140 157 174 192 207 226 245 263 280 299 320 339 357 375 389 400  -1  -1  -1  -1  -1]
 [  0   7  18  35  49  65  80  95 111 126 144 161 178 194 213 232 250 267 287 307 327 346 365 381 393 402  -1  -1  -1  -1]
 [ -1  -1   1   8  20  36  52  66  83  97 114 131 148 165 181 200 219 237 257 275 294 315 334 353 371 387 398 404  -1  -1]
 [ -1  -1  -1  -1   9  22  38  54  69  86 100 118 134 152 168 186 206 224 243 262 282 303 321 343 359 379 392 401 405  -1]
 [ -1  -1  -1  -1  -1   3  10  23  40  55  71  87 103 121 138 155 173 191 211 231 249 269 286 309 328 349 368 385 396 403]
 [ -1  -1  -1  -1  -1  -1   2  11  25  41  58  74  89 108 125 142 160 179 198 217 236 254 274 296 316 337 356 374 390  -1]
 [ -1  -1  -1  -1  -1  -1  -1  -1  -1  13  27  43  59  77  93 113 128 146 166 183 202 223 241 260 284 304 323 345 363  -1]
 [ -1  -1  -1  -1  -1  -1  -1  -1  -1   4  14  29  45  62  82  99 116 133 151 171 190 210 230 248 270 291 310 332  -1  -1]
 [ -1  -1  -1  -1  -1  -1  -1  -1  -1  -1  -1   5  16  32  50  68  84 101 120 139 156 177 197 216 235 256 278 298  -1  -1]
 [ -1  -1  -1  -1  -1  -1  -1  -1  -1  -1  -1  -1  -1  17  34  53  70  88 106 124 143 164 182 203 222 244 265  -1  -1  -1]
 [ -1  -1  -1  -1  -1  -1  -1  -1  -1  -1  -1  -1  -1  -1  -1  21  39  57  73  92 112 130 149 169 189 209 229  -1  -1  -1]
 [ -1  -1  -1  -1  -1  -1  -1  -1  -1  -1  -1  -1  -1  -1  -1   6  26  42  60  81  98 115 135 154 176 196  -1  -1  -1  -1]
 [ -1  -1  -1  -1  -1  -1  -1  -1  -1  -1  -1  -1  -1  -1  -1  -1  -1  12  28  46  67  85 104  -1 141 162  -1  -1  -1  -1]
 [ -1  -1  -1  -1  -1  -1  -1  -1  -1  -1  -1  -1  -1  -1  -1  -1  -1  -1  15  31  51  72  -1 110 127  -1  -1  -1  -1  -1]
 [ -1  -1  -1  -1  -1  -1  -1  -1  -1  -1  -1  -1  -1  -1  -1  -1  -1  -1  -1  -1  -1  37  56  76  96  -1  -1  -1  -1  -1]
 [ -1  -1  -1  -1  -1  -1  -1  -1  -1  -1  -1  -1  -1  -1  -1  -1  -1  -1  -1  -1  -1  24  44  64  -1  -1  -1  -1  -1  -1]
 [ -1  -1  -1  -1  -1  -1  -1  -1  -1  -1  -1  -1  -1  -1  -1  -1  -1  -1  -1  -1  -1  -1  -1  30  -1  -1  -1  -1  -1  -1]]
[Diag] Wave step complete: Added 57 structural ears.
Wave 9
   -> Island 408 Shape: (2, 2)
[[408 407]
 [406  -1]]
   -> Island 420 Shape: (2, 2)
[[420 418]
 [419  -1]]
   -> Island 259 Shape: (29, 30)
[[ -1  -1  -1  -1  -1  -1  -1  -1  -1  -1  -1  -1  -1  -1  -1  -1  -1  -1  -1  -1  -1  -1  -1  -1  -1  -1  -1  -1  -1  -1]
 [ -1  -1  -1  -1  -1  -1 325 340 362 376  -1  -1  -1  -1  -1  -1  -1  -1  -1  -1  -1  -1  -1  -1  -1  -1  -1  -1  -1  -1]
 [ -1  -1  -1  -1  -1  -1 297 314 329 347  -1  -1  -1  -1  -1  -1  -1  -1  -1  -1  -1  -1  -1  -1  -1  -1  -1  -1  -1  -1]
 [ -1  -1  -1  -1  -1 268 285 302 317 335 352  -1  -1  -1  -1  -1  -1  -1  -1  -1  -1  -1  -1  -1  -1  -1  -1  -1  -1  -1]
 [ -1  -1  -1  -1  -1 240 255 273 290 308 322 341 358  -1  -1  -1  -1  -1  -1  -1  -1  -1  -1  -1  -1  -1  -1  -1  -1  -1]
 [ -1  -1  -1  -1 212 228 246 261 279 295 312 330 348 364  -1  -1  -1  -1  -1  -1  -1  -1  -1  -1  -1  -1  -1  -1  -1  -1]
 [ -1  -1  -1  -1 185 201 215 233 251 266 283 301 319 336 354 369  -1  -1  -1  -1  -1  -1  -1  -1  -1  -1  -1  -1  -1  -1]
 [ -1  -1  -1 158 172 188 205 220 238 253 272 288 306 324 342 360 377  -1  -1  -1  -1  -1  -1  -1  -1  -1  -1  -1  -1  -1]
 [ -1  -1  -1 129 145 159 175 193 208 225 242 259 277 293 311 331 350 366 382  -1  -1  -1  -1  -1  -1  -1  -1  -1  -1  -1]
 [ -1  -1 102 117 132 147 163 180 195 214 227 247 264 281 300 318 338 355 372 388  -1  -1  -1  -1  -1  -1  -1  -1  -1  -1]
 [ -1  -1  75  90 105 119 136 150 167 184 199 218 234 252 271 289 305 326 344 361 380 391  -1  -1  -1  -1  -1  -1  -1  -1]
 [ -1  48  61  78  91 107 122 137 153 170 187 204 221 239 258 276 292 313 333 351 367 386 395  -1  -1  -1  -1  -1  -1  -1]
 [ -1  19  33  47  63  79  94 109 123 140 157 174 192 207 226 245 263 280 299 320 339 357 375 389 400  -1  -1  -1  -1  -1]
 [  0   7  18  35  49  65  80  95 111 126 144 161 178 194 213 232 250 267 287 307 327 346 365 381 393 402  -1  -1  -1  -1]
 [ -1  -1   1   8  20  36  52  66  83  97 114 131 148 165 181 200 219 237 257 275 294 315 334 353 371 387 398 404  -1  -1]
 [ -1  -1  -1  -1   9  22  38  54  69  86 100 118 134 152 168 186 206 224 243 262 282 303 321 343 359 379 392 401 405  -1]
 [ -1  -1  -1  -1  -1   3  10  23  40  55  71  87 103 121 138 155 173 191 211 231 249 269 286 309 328 349 368 385 396 403]
 [ -1  -1  -1  -1  -1  -1   2  11  25  41  58  74  89 108 125 142 160 179 198 217 236 254 274 296 316 337 356 374 390  -1]
 [ -1  -1  -1  -1  -1  -1  -1  -1  -1  13  27  43  59  77  93 113 128 146 166 183 202 223 241 260 284 304 323 345 363  -1]
 [ -1  -1  -1  -1  -1  -1  -1  -1  -1   4  14  29  45  62  82  99 116 133 151 171 190 210 230 248 270 291 310 332  -1  -1]
 [ -1  -1  -1  -1  -1  -1  -1  -1  -1  -1  -1   5  16  32  50  68  84 101 120 139 156 177 197 216 235 256 278 298  -1  -1]
 [ -1  -1  -1  -1  -1  -1  -1  -1  -1  -1  -1  -1  -1  17  34  53  70  88 106 124 143 164 182 203 222 244 265  -1  -1  -1]
 [ -1  -1  -1  -1  -1  -1  -1  -1  -1  -1  -1  -1  -1  -1  -1  21  39  57  73  92 112 130 149 169 189 209 229  -1  -1  -1]
 [ -1  -1  -1  -1  -1  -1  -1  -1  -1  -1  -1  -1  -1  -1  -1   6  26  42  60  81  98 115 135 154 176 196  -1  -1  -1  -1]
 [ -1  -1  -1  -1  -1  -1  -1  -1  -1  -1  -1  -1  -1  -1  -1  -1  -1  12  28  46  67  85 104  -1 141 162  -1  -1  -1  -1]
 [ -1  -1  -1  -1  -1  -1  -1  -1  -1  -1  -1  -1  -1  -1  -1  -1  -1  -1  15  31  51  72  -1 110 127  -1  -1  -1  -1  -1]
 [ -1  -1  -1  -1  -1  -1  -1  -1  -1  -1  -1  -1  -1  -1  -1  -1  -1  -1  -1  -1  -1  37  56  76  96  -1  -1  -1  -1  -1]
 [ -1  -1  -1  -1  -1  -1  -1  -1  -1  -1  -1  -1  -1  -1  -1  -1  -1  -1  -1  -1  -1  24  44  64  -1  -1  -1  -1  -1  -1]
 [ -1  -1  -1  -1  -1  -1  -1  -1  -1  -1  -1  -1  -1  -1  -1  -1  -1  -1  -1  -1  -1  -1  -1  30  -1  -1  -1  -1  -1  -1]]
[Diag] Wave step complete: Added 14 structural ears.
Wave 10
   -> Island 408 Shape: (2, 2)
[[408 407]
 [406  -1]]
   -> Island 420 Shape: (2, 2)
[[420 418]
 [419  -1]]
   -> Island 259 Shape: (29, 30)
[[ -1  -1  -1  -1  -1  -1  -1  -1  -1  -1  -1  -1  -1  -1  -1  -1  -1  -1  -1  -1  -1  -1  -1  -1  -1  -1  -1  -1  -1  -1]
 [ -1  -1  -1  -1  -1  -1 325 340 362 376  -1  -1  -1  -1  -1  -1  -1  -1  -1  -1  -1  -1  -1  -1  -1  -1  -1  -1  -1  -1]
 [ -1  -1  -1  -1  -1  -1 297 314 329 347  -1  -1  -1  -1  -1  -1  -1  -1  -1  -1  -1  -1  -1  -1  -1  -1  -1  -1  -1  -1]
 [ -1  -1  -1  -1  -1 268 285 302 317 335 352  -1  -1  -1  -1  -1  -1  -1  -1  -1  -1  -1  -1  -1  -1  -1  -1  -1  -1  -1]
 [ -1  -1  -1  -1  -1 240 255 273 290 308 322 341 358  -1  -1  -1  -1  -1  -1  -1  -1  -1  -1  -1  -1  -1  -1  -1  -1  -1]
 [ -1  -1  -1  -1 212 228 246 261 279 295 312 330 348 364  -1  -1  -1  -1  -1  -1  -1  -1  -1  -1  -1  -1  -1  -1  -1  -1]
 [ -1  -1  -1  -1 185 201 215 233 251 266 283 301 319 336 354 369  -1  -1  -1  -1  -1  -1  -1  -1  -1  -1  -1  -1  -1  -1]
 [ -1  -1  -1 158 172 188 205 220 238 253 272 288 306 324 342 360 377  -1  -1  -1  -1  -1  -1  -1  -1  -1  -1  -1  -1  -1]
 [ -1  -1  -1 129 145 159 175 193 208 225 242 259 277 293 311 331 350 366 382  -1  -1  -1  -1  -1  -1  -1  -1  -1  -1  -1]
 [ -1  -1 102 117 132 147 163 180 195 214 227 247 264 281 300 318 338 355 372 388  -1  -1  -1  -1  -1  -1  -1  -1  -1  -1]
 [ -1  -1  75  90 105 119 136 150 167 184 199 218 234 252 271 289 305 326 344 361 380 391  -1  -1  -1  -1  -1  -1  -1  -1]
 [ -1  48  61  78  91 107 122 137 153 170 187 204 221 239 258 276 292 313 333 351 367 386 395  -1  -1  -1  -1  -1  -1  -1]
 [ -1  19  33  47  63  79  94 109 123 140 157 174 192 207 226 245 263 280 299 320 339 357 375 389 400  -1  -1  -1  -1  -1]
 [  0   7  18  35  49  65  80  95 111 126 144 161 178 194 213 232 250 267 287 307 327 346 365 381 393 402  -1  -1  -1  -1]
 [ -1  -1   1   8  20  36  52  66  83  97 114 131 148 165 181 200 219 237 257 275 294 315 334 353 371 387 398 404  -1  -1]
 [ -1  -1  -1  -1   9  22  38  54  69  86 100 118 134 152 168 186 206 224 243 262 282 303 321 343 359 379 392 401 405  -1]
 [ -1  -1  -1  -1  -1   3  10  23  40  55  71  87 103 121 138 155 173 191 211 231 249 269 286 309 328 349 368 385 396 403]
 [ -1  -1  -1  -1  -1  -1   2  11  25  41  58  74  89 108 125 142 160 179 198 217 236 254 274 296 316 337 356 374 390  -1]
 [ -1  -1  -1  -1  -1  -1  -1  -1  -1  13  27  43  59  77  93 113 128 146 166 183 202 223 241 260 284 304 323 345 363  -1]
 [ -1  -1  -1  -1  -1  -1  -1  -1  -1   4  14  29  45  62  82  99 116 133 151 171 190 210 230 248 270 291 310 332  -1  -1]
 [ -1  -1  -1  -1  -1  -1  -1  -1  -1  -1  -1   5  16  32  50  68  84 101 120 139 156 177 197 216 235 256 278 298  -1  -1]
 [ -1  -1  -1  -1  -1  -1  -1  -1  -1  -1  -1  -1  -1  17  34  53  70  88 106 124 143 164 182 203 222 244 265  -1  -1  -1]
 [ -1  -1  -1  -1  -1  -1  -1  -1  -1  -1  -1  -1  -1  -1  -1  21  39  57  73  92 112 130 149 169 189 209 229  -1  -1  -1]
 [ -1  -1  -1  -1  -1  -1  -1  -1  -1  -1  -1  -1  -1  -1  -1   6  26  42  60  81  98 115 135 154 176 196  -1  -1  -1  -1]
 [ -1  -1  -1  -1  -1  -1  -1  -1  -1  -1  -1  -1  -1  -1  -1  -1  -1  12  28  46  67  85 104  -1 141 162  -1  -1  -1  -1]
 [ -1  -1  -1  -1  -1  -1  -1  -1  -1  -1  -1  -1  -1  -1  -1  -1  -1  -1  15  31  51  72  -1 110 127  -1  -1  -1  -1  -1]
 [ -1  -1  -1  -1  -1  -1  -1  -1  -1  -1  -1  -1  -1  -1  -1  -1  -1  -1  -1  -1  -1  37  56  76  96  -1  -1  -1  -1  -1]
 [ -1  -1  -1  -1  -1  -1  -1  -1  -1  -1  -1  -1  -1  -1  -1  -1  -1  -1  -1  -1  -1  24  44  64  -1  -1  -1  -1  -1  -1]
 [ -1  -1  -1  -1  -1  -1  -1  -1  -1  -1  -1  -1  -1  -1  -1  -1  -1  -1  -1  -1  -1  -1  -1  30  -1  -1  -1  -1  -1  -1]]
[Diag] Wave step complete: Added 4 structural ears.
Wave 11
   -> Island 408 Shape: (2, 2)
[[408 407]
 [406  -1]]
   -> Island 420 Shape: (2, 2)
[[420 418]
 [419  -1]]
   -> Island 259 Shape: (29, 30)
[[ -1  -1  -1  -1  -1  -1  -1  -1  -1  -1  -1  -1  -1  -1  -1  -1  -1  -1  -1  -1  -1  -1  -1  -1  -1  -1  -1  -1  -1  -1]
 [ -1  -1  -1  -1  -1  -1 325 340 362 376  -1  -1  -1  -1  -1  -1  -1  -1  -1  -1  -1  -1  -1  -1  -1  -1  -1  -1  -1  -1]
 [ -1  -1  -1  -1  -1  -1 297 314 329 347  -1  -1  -1  -1  -1  -1  -1  -1  -1  -1  -1  -1  -1  -1  -1  -1  -1  -1  -1  -1]
 [ -1  -1  -1  -1  -1 268 285 302 317 335 352  -1  -1  -1  -1  -1  -1  -1  -1  -1  -1  -1  -1  -1  -1  -1  -1  -1  -1  -1]
 [ -1  -1  -1  -1  -1 240 255 273 290 308 322 341 358  -1  -1  -1  -1  -1  -1  -1  -1  -1  -1  -1  -1  -1  -1  -1  -1  -1]
 [ -1  -1  -1  -1 212 228 246 261 279 295 312 330 348 364  -1  -1  -1  -1  -1  -1  -1  -1  -1  -1  -1  -1  -1  -1  -1  -1]
 [ -1  -1  -1  -1 185 201 215 233 251 266 283 301 319 336 354 369  -1  -1  -1  -1  -1  -1  -1  -1  -1  -1  -1  -1  -1  -1]
 [ -1  -1  -1 158 172 188 205 220 238 253 272 288 306 324 342 360 377  -1  -1  -1  -1  -1  -1  -1  -1  -1  -1  -1  -1  -1]
 [ -1  -1  -1 129 145 159 175 193 208 225 242 259 277 293 311 331 350 366 382  -1  -1  -1  -1  -1  -1  -1  -1  -1  -1  -1]
 [ -1  -1 102 117 132 147 163 180 195 214 227 247 264 281 300 318 338 355 372 388  -1  -1  -1  -1  -1  -1  -1  -1  -1  -1]
 [ -1  -1  75  90 105 119 136 150 167 184 199 218 234 252 271 289 305 326 344 361 380 391  -1  -1  -1  -1  -1  -1  -1  -1]
 [ -1  48  61  78  91 107 122 137 153 170 187 204 221 239 258 276 292 313 333 351 367 386 395  -1  -1  -1  -1  -1  -1  -1]
 [ -1  19  33  47  63  79  94 109 123 140 157 174 192 207 226 245 263 280 299 320 339 357 375 389 400  -1  -1  -1  -1  -1]
 [  0   7  18  35  49  65  80  95 111 126 144 161 178 194 213 232 250 267 287 307 327 346 365 381 393 402  -1  -1  -1  -1]
 [ -1  -1   1   8  20  36  52  66  83  97 114 131 148 165 181 200 219 237 257 275 294 315 334 353 371 387 398 404  -1  -1]
 [ -1  -1  -1  -1   9  22  38  54  69  86 100 118 134 152 168 186 206 224 243 262 282 303 321 343 359 379 392 401 405  -1]
 [ -1  -1  -1  -1  -1   3  10  23  40  55  71  87 103 121 138 155 173 191 211 231 249 269 286 309 328 349 368 385 396 403]
 [ -1  -1  -1  -1  -1  -1   2  11  25  41  58  74  89 108 125 142 160 179 198 217 236 254 274 296 316 337 356 374 390  -1]
 [ -1  -1  -1  -1  -1  -1  -1  -1  -1  13  27  43  59  77  93 113 128 146 166 183 202 223 241 260 284 304 323 345 363  -1]
 [ -1  -1  -1  -1  -1  -1  -1  -1  -1   4  14  29  45  62  82  99 116 133 151 171 190 210 230 248 270 291 310 332  -1  -1]
 [ -1  -1  -1  -1  -1  -1  -1  -1  -1  -1  -1   5  16  32  50  68  84 101 120 139 156 177 197 216 235 256 278 298  -1  -1]
 [ -1  -1  -1  -1  -1  -1  -1  -1  -1  -1  -1  -1  -1  17  34  53  70  88 106 124 143 164 182 203 222 244 265  -1  -1  -1]
 [ -1  -1  -1  -1  -1  -1  -1  -1  -1  -1  -1  -1  -1  -1  -1  21  39  57  73  92 112 130 149 169 189 209 229  -1  -1  -1]
 [ -1  -1  -1  -1  -1  -1  -1  -1  -1  -1  -1  -1  -1  -1  -1   6  26  42  60  81  98 115 135 154 176 196  -1  -1  -1  -1]
 [ -1  -1  -1  -1  -1  -1  -1  -1  -1  -1  -1  -1  -1  -1  -1  -1  -1  12  28  46  67  85 104  -1 141 162  -1  -1  -1  -1]
 [ -1  -1  -1  -1  -1  -1  -1  -1  -1  -1  -1  -1  -1  -1  -1  -1  -1  -1  15  31  51  72  -1 110 127  -1  -1  -1  -1  -1]
 [ -1  -1  -1  -1  -1  -1  -1  -1  -1  -1  -1  -1  -1  -1  -1  -1  -1  -1  -1  -1  -1  37  56  76  96  -1  -1  -1  -1  -1]
 [ -1  -1  -1  -1  -1  -1  -1  -1  -1  -1  -1  -1  -1  -1  -1  -1  -1  -1  -1  -1  -1  24  44  64  -1  -1  -1  -1  -1  -1]
 [ -1  -1  -1  -1  -1  -1  -1  -1  -1  -1  -1  -1  -1  -1  -1  -1  -1  -1  -1  -1  -1  -1  -1  30  -1  -1  -1  -1  -1  -1]]
[Diag] Wave step complete: Added 1 structural ears.
Wave 12
   -> Island 408 Shape: (2, 2)
[[408 407]
 [406  -1]]
   -> Island 420 Shape: (2, 2)
[[420 418]
 [419  -1]]
   -> Island 259 Shape: (29, 30)
[[ -1  -1  -1  -1  -1  -1  -1  -1  -1  -1  -1  -1  -1  -1  -1  -1  -1  -1  -1  -1  -1  -1  -1  -1  -1  -1  -1  -1  -1  -1]
 [ -1  -1  -1  -1  -1  -1 325 340 362 376  -1  -1  -1  -1  -1  -1  -1  -1  -1  -1  -1  -1  -1  -1  -1  -1  -1  -1  -1  -1]
 [ -1  -1  -1  -1  -1  -1 297 314 329 347  -1  -1  -1  -1  -1  -1  -1  -1  -1  -1  -1  -1  -1  -1  -1  -1  -1  -1  -1  -1]
 [ -1  -1  -1  -1  -1 268 285 302 317 335 352  -1  -1  -1  -1  -1  -1  -1  -1  -1  -1  -1  -1  -1  -1  -1  -1  -1  -1  -1]
 [ -1  -1  -1  -1  -1 240 255 273 290 308 322 341 358  -1  -1  -1  -1  -1  -1  -1  -1  -1  -1  -1  -1  -1  -1  -1  -1  -1]
 [ -1  -1  -1  -1 212 228 246 261 279 295 312 330 348 364  -1  -1  -1  -1  -1  -1  -1  -1  -1  -1  -1  -1  -1  -1  -1  -1]
 [ -1  -1  -1  -1 185 201 215 233 251 266 283 301 319 336 354 369  -1  -1  -1  -1  -1  -1  -1  -1  -1  -1  -1  -1  -1  -1]
 [ -1  -1  -1 158 172 188 205 220 238 253 272 288 306 324 342 360 377  -1  -1  -1  -1  -1  -1  -1  -1  -1  -1  -1  -1  -1]
 [ -1  -1  -1 129 145 159 175 193 208 225 242 259 277 293 311 331 350 366 382  -1  -1  -1  -1  -1  -1  -1  -1  -1  -1  -1]
 [ -1  -1 102 117 132 147 163 180 195 214 227 247 264 281 300 318 338 355 372 388  -1  -1  -1  -1  -1  -1  -1  -1  -1  -1]
 [ -1  -1  75  90 105 119 136 150 167 184 199 218 234 252 271 289 305 326 344 361 380 391  -1  -1  -1  -1  -1  -1  -1  -1]
 [ -1  48  61  78  91 107 122 137 153 170 187 204 221 239 258 276 292 313 333 351 367 386 395  -1  -1  -1  -1  -1  -1  -1]
 [ -1  19  33  47  63  79  94 109 123 140 157 174 192 207 226 245 263 280 299 320 339 357 375 389 400  -1  -1  -1  -1  -1]
 [  0   7  18  35  49  65  80  95 111 126 144 161 178 194 213 232 250 267 287 307 327 346 365 381 393 402  -1  -1  -1  -1]
 [ -1  -1   1   8  20  36  52  66  83  97 114 131 148 165 181 200 219 237 257 275 294 315 334 353 371 387 398 404  -1  -1]
 [ -1  -1  -1  -1   9  22  38  54  69  86 100 118 134 152 168 186 206 224 243 262 282 303 321 343 359 379 392 401 405  -1]
 [ -1  -1  -1  -1  -1   3  10  23  40  55  71  87 103 121 138 155 173 191 211 231 249 269 286 309 328 349 368 385 396 403]
 [ -1  -1  -1  -1  -1  -1   2  11  25  41  58  74  89 108 125 142 160 179 198 217 236 254 274 296 316 337 356 374 390  -1]
 [ -1  -1  -1  -1  -1  -1  -1  -1  -1  13  27  43  59  77  93 113 128 146 166 183 202 223 241 260 284 304 323 345 363  -1]
 [ -1  -1  -1  -1  -1  -1  -1  -1  -1   4  14  29  45  62  82  99 116 133 151 171 190 210 230 248 270 291 310 332  -1  -1]
 [ -1  -1  -1  -1  -1  -1  -1  -1  -1  -1  -1   5  16  32  50  68  84 101 120 139 156 177 197 216 235 256 278 298  -1  -1]
 [ -1  -1  -1  -1  -1  -1  -1  -1  -1  -1  -1  -1  -1  17  34  53  70  88 106 124 143 164 182 203 222 244 265  -1  -1  -1]
 [ -1  -1  -1  -1  -1  -1  -1  -1  -1  -1  -1  -1  -1  -1  -1  21  39  57  73  92 112 130 149 169 189 209 229  -1  -1  -1]
 [ -1  -1  -1  -1  -1  -1  -1  -1  -1  -1  -1  -1  -1  -1  -1   6  26  42  60  81  98 115 135 154 176 196  -1  -1  -1  -1]
 [ -1  -1  -1  -1  -1  -1  -1  -1  -1  -1  -1  -1  -1  -1  -1  -1  -1  12  28  46  67  85 104  -1 141 162  -1  -1  -1  -1]
 [ -1  -1  -1  -1  -1  -1  -1  -1  -1  -1  -1  -1  -1  -1  -1  -1  -1  -1  15  31  51  72  -1 110 127  -1  -1  -1  -1  -1]
 [ -1  -1  -1  -1  -1  -1  -1  -1  -1  -1  -1  -1  -1  -1  -1  -1  -1  -1  -1  -1  -1  37  56  76  96  -1  -1  -1  -1  -1]
 [ -1  -1  -1  -1  -1  -1  -1  -1  -1  -1  -1  -1  -1  -1  -1  -1  -1  -1  -1  -1  -1  24  44  64  -1  -1  -1  -1  -1  -1]
 [ -1  -1  -1  -1  -1  -1  -1  -1  -1  -1  -1  -1  -1  -1  -1  -1  -1  -1  -1  -1  -1  -1  -1  30  -1  -1  -1  -1  -1  -1]]
[Diag] Wave step complete: Added 1 structural ears.
   -> Island 408 Shape: (2, 2)
[[408 407]
 [406  -1]]
   -> Island 420 Shape: (2, 2)
[[420 418]
 [419  -1]]
   -> Island 259 Shape: (29, 30)
[[ -1  -1  -1  -1  -1  -1  -1  -1  -1  -1  -1  -1  -1  -1  -1  -1  -1  -1  -1  -1  -1  -1  -1  -1  -1  -1  -1  -1  -1  -1]
 [ -1  -1  -1  -1  -1  -1 325 340 362 376  -1  -1  -1  -1  -1  -1  -1  -1  -1  -1  -1  -1  -1  -1  -1  -1  -1  -1  -1  -1]
 [ -1  -1  -1  -1  -1  -1 297 314 329 347  -1  -1  -1  -1  -1  -1  -1  -1  -1  -1  -1  -1  -1  -1  -1  -1  -1  -1  -1  -1]
 [ -1  -1  -1  -1  -1 268 285 302 317 335 352  -1  -1  -1  -1  -1  -1  -1  -1  -1  -1  -1  -1  -1  -1  -1  -1  -1  -1  -1]
 [ -1  -1  -1  -1  -1 240 255 273 290 308 322 341 358  -1  -1  -1  -1  -1  -1  -1  -1  -1  -1  -1  -1  -1  -1  -1  -1  -1]
 [ -1  -1  -1  -1 212 228 246 261 279 295 312 330 348 364  -1  -1  -1  -1  -1  -1  -1  -1  -1  -1  -1  -1  -1  -1  -1  -1]
 [ -1  -1  -1  -1 185 201 215 233 251 266 283 301 319 336 354 369  -1  -1  -1  -1  -1  -1  -1  -1  -1  -1  -1  -1  -1  -1]
 [ -1  -1  -1 158 172 188 205 220 238 253 272 288 306 324 342 360 377  -1  -1  -1  -1  -1  -1  -1  -1  -1  -1  -1  -1  -1]
 [ -1  -1  -1 129 145 159 175 193 208 225 242 259 277 293 311 331 350 366 382  -1  -1  -1  -1  -1  -1  -1  -1  -1  -1  -1]
 [ -1  -1 102 117 132 147 163 180 195 214 227 247 264 281 300 318 338 355 372 388  -1  -1  -1  -1  -1  -1  -1  -1  -1  -1]
 [ -1  -1  75  90 105 119 136 150 167 184 199 218 234 252 271 289 305 326 344 361 380 391  -1  -1  -1  -1  -1  -1  -1  -1]
 [ -1  48  61  78  91 107 122 137 153 170 187 204 221 239 258 276 292 313 333 351 367 386 395  -1  -1  -1  -1  -1  -1  -1]
 [ -1  19  33  47  63  79  94 109 123 140 157 174 192 207 226 245 263 280 299 320 339 357 375 389 400  -1  -1  -1  -1  -1]
 [  0   7  18  35  49  65  80  95 111 126 144 161 178 194 213 232 250 267 287 307 327 346 365 381 393 402  -1  -1  -1  -1]
 [ -1  -1   1   8  20  36  52  66  83  97 114 131 148 165 181 200 219 237 257 275 294 315 334 353 371 387 398 404  -1  -1]
 [ -1  -1  -1  -1   9  22  38  54  69  86 100 118 134 152 168 186 206 224 243 262 282 303 321 343 359 379 392 401 405  -1]
 [ -1  -1  -1  -1  -1   3  10  23  40  55  71  87 103 121 138 155 173 191 211 231 249 269 286 309 328 349 368 385 396 403]
 [ -1  -1  -1  -1  -1  -1   2  11  25  41  58  74  89 108 125 142 160 179 198 217 236 254 274 296 316 337 356 374 390  -1]
 [ -1  -1  -1  -1  -1  -1  -1  -1  -1  13  27  43  59  77  93 113 128 146 166 183 202 223 241 260 284 304 323 345 363  -1]
 [ -1  -1  -1  -1  -1  -1  -1  -1  -1   4  14  29  45  62  82  99 116 133 151 171 190 210 230 248 270 291 310 332  -1  -1]
 [ -1  -1  -1  -1  -1  -1  -1  -1  -1  -1  -1   5  16  32  50  68  84 101 120 139 156 177 197 216 235 256 278 298  -1  -1]
 [ -1  -1  -1  -1  -1  -1  -1  -1  -1  -1  -1  -1  -1  17  34  53  70  88 106 124 143 164 182 203 222 244 265  -1  -1  -1]
 [ -1  -1  -1  -1  -1  -1  -1  -1  -1  -1  -1  -1  -1  -1  -1  21  39  57  73  92 112 130 149 169 189 209 229  -1  -1  -1]
 [ -1  -1  -1  -1  -1  -1  -1  -1  -1  -1  -1  -1  -1  -1  -1   6  26  42  60  81  98 115 135 154 176 196  -1  -1  -1  -1]
 [ -1  -1  -1  -1  -1  -1  -1  -1  -1  -1  -1  -1  -1  -1  -1  -1  -1  12  28  46  67  85 104  -1 141 162  -1  -1  -1  -1]
 [ -1  -1  -1  -1  -1  -1  -1  -1  -1  -1  -1  -1  -1  -1  -1  -1  -1  -1  15  31  51  72  -1 110 127  -1  -1  -1  -1  -1]
 [ -1  -1  -1  -1  -1  -1  -1  -1  -1  -1  -1  -1  -1  -1  -1  -1  -1  -1  -1  -1  -1  37  56  76  96  -1  -1  -1  -1  -1]
 [ -1  -1  -1  -1  -1  -1  -1  -1  -1  -1  -1  -1  -1  -1  -1  -1  -1  -1  -1  -1  -1  24  44  64  -1  -1  -1  -1  -1  -1]
 [ -1  -1  -1  -1  -1  -1  -1  -1  -1  -1  -1  -1  -1  -1  -1  -1  -1  -1  -1  -1  -1  -1  -1  30  -1  -1  -1  -1  -1  -1]]
[+] Success! Generated 3 individual grid matrix islands.
row: 6, col 4, length: 12
valid_mask: [1 1 1 1 1 1 1 1 1 1]
patch:
 [[1 0 0 1 1 1 0 0 1 0 1 0]
 [1 1 0 0 0 0 0 0 1 0 0 0]]
Hor:  {'origin_stream_phase': 30, 'recovered_sequence': [0, 1, 1, 0, 1, 0, 1, 0, 0, 0], 'errors_corrected': [1, 2, 9], 'missing_gaps': array([], dtype=int64), 'status': 'Corrected bit flip at index [1, 2, 9] via syndrome projection', 'direction_key': 'V_forward'}
Vert:  {'origin_stream_phase': 6, 'recovered_sequence': [1, 0, 0, 0, 0, 1, 0, 0, 1, 0, 1], 'errors_corrected': [1, 2, 8, 9], 'missing_gaps': array([], dtype=int64), 'status': 'Corrected bit flip at index [1, 2, 8, 9] via syndrome projection', 'direction_key': 'U_reverse'}
[Warning] Consistency check failed. Skip
row: 7, col 3, length: 14
valid_mask: [1 1 1 1 1 1 1 1 1 1 1 1]
patch:
 [[0 1 1 0 0 0 0 0 0 1 0 0 0 1]
 [0 1 1 0 1 0 1 1 1 1 0 0 1 0]]
Hor:  {'origin_stream_phase': 9, 'recovered_sequence': [1, 1, 0, 0, 1, 1, 0, 1, 1, 1, 1, 1], 'errors_corrected': [2, 3, 10, 11], 'missing_gaps': array([], dtype=int64), 'status': 'Corrected bit flip at index [2, 3, 10, 11] via syndrome projection', 'direction_key': 'W_forward'}
Vert:  {'origin_stream_phase': 1, 'recovered_sequence': [0, 0, 0, 0, 1, 1, 0, 0, 1, 0, 0, 1, 1], 'errors_corrected': [3, 12], 'missing_gaps': array([], dtype=int64), 'status': 'Corrected bit flip at index [3, 12] via syndrome projection', 'direction_key': 'V_reverse'}
[Warning] Consistency check failed. Skip
row: 8, col 2, length: 17
valid_mask: [1 1 1 1 1 1 1 1 1 1 1 1 1 1 1]
patch:
 [[-1  0  1  1  0  1  0  1  1  1  1  0  0  1  0  1  1]
 [ 0  1  1  0  1  1  0  1  0  0  0  0  1  1  0  0  1]]
Hor:  {'origin_stream_phase': 22, 'recovered_sequence': [0, 0, 0, 0, 1, 1, 0, 1, 0, 1, 0, 0, 1, 0, 0], 'errors_corrected': [5, 6], 'missing_gaps': array([], dtype=int64), 'status': 'Corrected bit flip at index [5, 6] via syndrome projection', 'direction_key': 'W_reverse'}
Vert:  {'origin_stream_phase': 30, 'recovered_sequence': [0, 1, 1, 0, 1, 0, 1, 0, 0, 0, 1, 1, 1, 0, 1, 1], 'errors_corrected': [6, 7], 'missing_gaps': array([0], dtype=int64), 'status': 'Corrected bit flip at index [6, 7] via syndrome projection', 'direction_key': 'V_forward'}
{'status': 'success', 'row': 30, 'col': 7, 'b': (-8, 30, -22), 'horizontal_axis': 'W', 'direction': 'reverse', 'errors_corrected': 4, 'erasures': 1}
[Info] Consistency check passed. Best result updated.
[[-1  0  1  1  0  1  0  1  1  1  1  0  0  1  0  1  1]
 [ 0  1  1  0  1  1  0  1  0  0  0  0  1  1  0  0  1]]
row: 9, col 1, length: 19
valid_mask: [0 1 1 1 1 1 1 1 1 1 1 1 1 1 1 1 1]
patch:
 [[-1  0  1  1  0  1  1  0  1  0  0  0  0  1  1  0  0  1  1]
 [-1  1  1  1  0  1  1  1  1  0  1  1  0  1  1  1  1  0  0]]
row: 10, col 2, length: 20
valid_mask: [1 1 1 1 1 1 1 1 1 1 1 1 1 1 1 1 1 1]
patch:
 [[1 1 1 0 1 1 1 1 0 1 1 0 1 1 1 1 0 0 1 0]
 [0 1 0 1 1 1 0 0 1 0 1 1 1 1 0 1 1 0 0 1]]
Hor:  {'origin_stream_phase': 21, 'recovered_sequence': [1, 0, 0, 0, 0, 1, 1, 0, 1, 0, 1, 0, 0, 1, 0, 0, 0, 1], 'errors_corrected': [], 'missing_gaps': array([], dtype=int64), 'status': 'Corrected bit flip at index [] via syndrome projection', 'direction_key': 'W_reverse'}
Vert:  {'origin_stream_phase': 0, 'recovered_sequence': [1, 1, 0, 1, 0, 1, 0, 0, 0, 1, 1, 1, 0, 1, 1, 1, 1, 1, 0], 'errors_corrected': [], 'missing_gaps': array([], dtype=int64), 'status': 'Corrected bit flip at index [] via syndrome projection', 'direction_key': 'V_forward'}
{'status': 'success', 'row': 0, 'col': 21, 'b': (21, 0, -21), 'horizontal_axis': 'W', 'direction': 'reverse', 'errors_corrected': 0, 'erasures': 0}
[Info] Consistency check passed. Best result updated.
[[1 1 1 0 1 1 1 1 0 1 1 0 1 1 1 1 0 0 1 0]
 [0 1 0 1 1 1 0 0 1 0 1 1 1 1 0 1 1 0 0 1]]
row: 11, col 1, length: 22
valid_mask: [1 1 1 1 1 1 1 1 1 1 1 1 1 1 1 1 1 1 1 1]
patch:
 [[1 0 1 0 1 1 1 0 0 1 0 1 1 1 1 0 1 1 0 0 1 0]
 [0 0 0 0 1 1 1 0 1 1 0 0 0 1 1 0 0 0 1 1 1 0]]
row: 12, col 0, length: 25
valid_mask: [1 1 1 1 1 1 1 1 1 1 1 1 1 1 1 1 1 1 1 1 1 1 1]
patch:
 [[-1  0  0  0  0  1  1  1  0  1  1  0  0  0  1  1  0  0  0  1  1  1  0  0  1]
 [ 0  0  1  0  0  0  0  1  0  1  1  1  0  1  0  1  1  0  1  1  1  1  1  1  0]]
Hor:  {'origin_stream_phase': 18, 'recovered_sequence': [0, 1, 1, 1, 0, 0, 0, 0, 1, 1, 0, 1, 0, 1, 0, 0, 1, 0, 0, 0, 1, 0, 1], 'errors_corrected': [], 'missing_gaps': array([], dtype=int64), 'status': 'Corrected bit flip at index [] via syndrome projection', 'direction_key': 'W_reverse'}
Vert:  {'origin_stream_phase': 30, 'recovered_sequence': [0, 1, 1, 0, 1, 0, 1, 0, 0, 0, 1, 1, 1, 0, 1, 1, 1, 1, 1, 0, 0, 1, 0, 0], 'errors_corrected': [], 'missing_gaps': array([0], dtype=int64), 'status': 'Corrected bit flip at index [] via syndrome projection', 'direction_key': 'V_forward'}
{'status': 'success', 'row': 30, 'col': 3, 'b': (-12, 30, -18), 'horizontal_axis': 'W', 'direction': 'reverse', 'errors_corrected': 0, 'erasures': 1}
row: 13, col 1, length: 25
valid_mask: [0 1 1 1 1 1 1 1 1 1 1 1 1 1 1 1 1 1 1 1 1 1 1]
patch:
 [[ 0  1  0  0  0  0  1  0  1  1  1  0  1  0  1  1  0  1  1  1  1  1  1  0  1]
 [-1  1  1  0  1  1  0  1  0  1  0  1  1  0  0  0  1  1  1  1  1  0  0  1  0]]
row: 14, col 4, length: 24
valid_mask: [1 1 1 1 1 1 1 1 1 1 1 1 1 1 1 1 1 1 1 1 1 1]
patch:
 [[0 1 1 0 1 0 1 0 1 1 0 0 0 1 1 1 1 1 0 0 1 0 0 1]
 [1 0 1 0 1 0 0 0 0 0 0 1 0 0 1 1 1 0 1 1 0 1 1 0]]
row: 15, col 5, length: 24
valid_mask: [1 1 1 1 1 1 1 1 1 1 1 1 1 1 1 1 1 1 1 1 1 1]
patch:
 [[0 1 0 1 0 0 0 0 0 0 1 0 0 1 1 1 0 1 1 0 1 1 0 0]
 [1 1 0 1 0 0 1 0 0 1 0 0 0 1 0 0 1 0 1 0 0 1 1 0]]
row: 16, col 6, length: 23
valid_mask: [1 1 1 1 1 1 1 1 1 1 1 1 1 1 1 1 1 1 1 1 1]
patch:
 [[1 0 1 0 0 1 0 0 1 0 0 0 1 0 0 1 0 1 0 0 1 1 0]
 [0 1 0 0 1 1 0 1 1 1 0 1 0 1 0 1 0 0 0 0 1 1 0]]
Hor:  {'origin_stream_phase': 22, 'recovered_sequence': [0, 0, 0, 0, 1, 1, 0, 1, 0, 1, 0, 0, 1, 0, 0, 0, 1, 0, 1, 1, 1], 'errors_corrected': [], 'missing_gaps': array([], dtype=int64), 'status': 'Corrected bit flip at index [] via syndrome projection', 'direction_key': 'W_reverse'}
Vert:  {'origin_stream_phase': 7, 'recovered_sequence': [0, 0, 1, 1, 1, 0, 1, 1, 1, 1, 1, 0, 0, 1, 0, 0, 1, 1, 0, 0, 0, 0], 'errors_corrected': [], 'missing_gaps': array([], dtype=int64), 'status': 'Corrected bit flip at index [] via syndrome projection', 'direction_key': 'V_forward'}
{'status': 'success', 'row': 7, 'col': 18, 'b': (15, 7, -22), 'horizontal_axis': 'W', 'direction': 'reverse', 'errors_corrected': 0, 'erasures': 0}
row: 17, col 9, length: 20
valid_mask: [1 1 1 1 1 1 1 1 1 1 1 1 1 1 1 1 1 1]
patch:
 [[0 1 1 0 1 1 1 0 1 0 1 0 1 0 0 0 0 1 1 0]
 [1 0 0 0 0 0 1 0 0 1 0 0 1 0 0 1 1 1 0 0]]
row: 18, col 8, length: 20
valid_mask: [0 1 1 1 1 1 1 1 1 1 1 1 1 1 1 1 1 1]
patch:
 [[-1  1  0  0  0  0  0  1  0  0  1  0  0  1  0  0  1  1  1  0]
 [-1  1  0  0  1  0  1  1  1  1  0  0  0  1  1  0  1  1  1  0]]
row: 19, col 11, length: 17
valid_mask: [1 1 1 1 1 1 1 1 1 1 1 1 1 1 1]
patch:
 [[0 1 0 1 1 1 1 0 0 0 1 1 0 1 1 1 0]
 [0 1 1 1 1 0 0 0 0 0 0 0 1 0 1 1 1]]
row: 20, col 12, length: 15
valid_mask: [0 1 1 1 1 1 1 1 1 1 1 1 1]
patch:
 [[ 1  1  1  1  0  0  0  0  0  0  0  1  0  1  1]
 [-1  0  1  0  1  1  0  0  0  1  0  1  0  1  1]]
Hor:  {'origin_stream_phase': 26, 'recovered_sequence': [1, 1, 0, 1, 0, 1, 0, 0, 1, 0, 0, 0, 1], 'errors_corrected': [], 'missing_gaps': array([0], dtype=int64), 'status': 'Corrected bit flip at index [] via syndrome projection', 'direction_key': 'W_reverse'}
Vert:  {'origin_stream_phase': 15, 'recovered_sequence': [1, 1, 1, 0, 0, 1, 0, 0, 1, 1, 0, 0, 0, 0], 'errors_corrected': [], 'missing_gaps': array([0], dtype=int64), 'status': 'Corrected bit flip at index [] via syndrome projection', 'direction_key': 'V_forward'}
{'status': 'success', 'row': 15, 'col': 18, 'b': (11, 15, -26), 'horizontal_axis': 'W', 'direction': 'reverse', 'errors_corrected': 0, 'erasures': 2}
row: 21, col 15, length: 12
valid_mask: [1 1 1 1 1 1 1 1 1 1]
patch:
 [[0 1 1 0 0 0 1 0 1 0 1 1]
 [1 0 1 0 1 1 0 0 1 0 1 0]]
Hor:  {'origin_stream_phase': 9, 'recovered_sequence': [1, 0, 0, 1, 1, 0, 1, 0, 0, 1], 'errors_corrected': [2], 'missing_gaps': array([], dtype=int64), 'status': 'Corrected bit flip at index [2] via syndrome projection', 'direction_key': 'U_forward'}
Vert:  {'origin_stream_phase': 28, 'recovered_sequence': [0, 1, 0, 1, 0, 0, 1, 0, 0, 0, 1], 'errors_corrected': [], 'missing_gaps': array([], dtype=int64), 'status': 'Corrected bit flip at index [] via syndrome projection', 'direction_key': 'W_reverse'}
[Warning] Consistency check failed. Skip
Target coords: 0 21
Processing test case compound_rotation_3_0013...
[Diag] Reference step from all edges: 32.13 px; max edge: 43.79
[DIAG] scaler:
 [[ 0.          6.57203865  7.32321649  8.20175742  9.03261056  9.67845056  9.88822918]
 [ 0.          6.70059638  7.90812261  8.81776679  9.46757517 10.18497913  0.        ]
 [ 0.          6.4980738   8.16540005  8.98235136  9.76847679 10.39789478  0.        ]
 [ 0.          7.10727177  8.25199404  9.06779419  9.80256787 10.36371091  0.        ]
 [ 0.          6.99861785  7.98263395  9.060607    9.68912781 10.20760645  0.        ]]
[Diag] Total Delaunay faces: 1250
[Diag] Drop by edge length:  427
[Diag] Drop by angle check: 0
[Diag] Validated geometric seeds left: 823
Wave 0
   -> Island 401 Shape: (2, 2)
[[401 385]
 [376  -1]]
   -> Island 566 Shape: (2, 2)
[[566 601]
 [583  -1]]
   -> Island 624 Shape: (2, 2)
[[624 592]
 [609  -1]]
   -> Island 141 Shape: (2, 2)
[[141 127]
 [120  -1]]
   -> Island 192 Shape: (2, 2)
[[192 218]
 [200  -1]]
   -> Island 159 Shape: (2, 2)
[[159 167]
 [146  -1]]
   -> Island 78 Shape: (2, 2)
[[78 71]
 [97 -1]]
   -> Island 365 Shape: (2, 2)
[[365 388]
 [374  -1]]
   -> Island 58 Shape: (2, 2)
[[58 74]
 [83 -1]]
   -> Island 574 Shape: (2, 2)
[[574 544]
 [557  -1]]
   -> Island 342 Shape: (2, 2)
[[342 325]
 [316  -1]]
   -> Island 31 Shape: (2, 2)
[[31 17]
 [28 -1]]
   -> Island 288 Shape: (2, 2)
[[288 295]
 [276  -1]]
   -> Island 588 Shape: (2, 2)
[[588 553]
 [572  -1]]
   -> Island 468 Shape: (2, 2)
[[468 454]
 [463  -1]]
   -> Island 248 Shape: (2, 2)
[[248 231]
 [225  -1]]
   -> Island 473 Shape: (2, 2)
[[473 460]
 [466  -1]]
   -> Island 70 Shape: (2, 2)
[[70 56]
 [51 -1]]
   -> Island 439 Shape: (2, 2)
[[439 458]
 [449  -1]]
   -> Island 489 Shape: (2, 2)
[[489 510]
 [500  -1]]
   -> Island 212 Shape: (2, 2)
[[212 185]
 [199  -1]]
   -> Island 515 Shape: (2, 2)
[[515 493]
 [504  -1]]
   -> Island 372 Shape: (2, 2)
[[372 350]
 [361  -1]]
   -> Island 205 Shape: (2, 2)
[[205 190]
 [183  -1]]
   -> Island 69 Shape: (2, 2)
[[69 85]
 [92 -1]]
   -> Island 363 Shape: (2, 2)
[[363 386]
 [373  -1]]
[Diag] Wave step complete: Added 52 structural ears.
Wave 1
   -> Island 401 Shape: (4, 3)
[[ -1  -1  -1]
 [ -1 408  -1]
 [ -1 401 385]
 [390 376 364]]
   -> Island 566 Shape: (4, 2)
[[ -1  -1]
 [585  -1]
 [566 601]
 [583 618]]
   -> Island 624 Shape: (4, 3)
[[ -1  -1  -1]
 [ -1 608  -1]
 [ -1 624 592]
 [635 609 576]]
   -> Island 141 Shape: (4, 3)
[[ -1  -1  -1]
 [ -1 149  -1]
 [ -1 141 127]
 [137 120 103]]
   -> Island 192 Shape: (4, 3)
[[ -1  -1  -1]
 [ -1 207  -1]
 [ -1 192 218]
 [176 200 226]]
   -> Island 159 Shape: (4, 2)
[[ -1  -1]
 [181  -1]
 [159 167]
 [146 152]]
   -> Island 78 Shape: (4, 2)
[[-1 -1]
 [55 -1]
 [78 71]
 [97 90]]
   -> Island 365 Shape: (4, 3)
[[ -1  -1  -1]
 [ -1 378  -1]
 [ -1 365 388]
 [349 374 400]]
   -> Island 58 Shape: (2, 2)
[[ 58  74]
 [ 83 101]]
   -> Island 574 Shape: (4, 3)
[[ -1  -1  -1]
 [ -1 563  -1]
 [ -1 574 544]
 [587 557 532]]
   -> Island 342 Shape: (4, 3)
[[ -1  -1  -1]
 [ -1 352  -1]
 [ -1 342 325]
 [331 316 303]]
   -> Island 31 Shape: (2, 3)
[[-1 31 17]
 [44 28 13]]
   -> Island 288 Shape: (4, 3)
[[ -1  -1  -1]
 [ -1 306  -1]
 [ -1 288 295]
 [268 276 284]]
   -> Island 588 Shape: (4, 3)
[[ -1  -1  -1]
 [ -1 570  -1]
 [ -1 588 553]
 [610 572  -1]]
   -> Island 468 Shape: (2, 2)
[[468 454]
 [463  -1]]
   -> Island 248 Shape: (4, 3)
[[ -1  -1  -1]
 [ -1 257  -1]
 [ -1 248 231]
 [239 225 208]]
   -> Island 473 Shape: (2, 3)
[[ -1 473 460]
 [480 466  -1]]
   -> Island 70 Shape: (4, 3)
[[-1 -1 -1]
 [-1 77 -1]
 [-1 70 56]
 [65 51 39]]
   -> Island 439 Shape: (4, 3)
[[ -1  -1  -1]
 [ -1 452  -1]
 [ -1 439 458]
 [428 449 464]]
   -> Island 489 Shape: (2, 2)
[[489 510]
 [500  -1]]
   -> Island 212 Shape: (2, 3)
[[ -1 212 185]
 [227 199 175]]
   -> Island 515 Shape: (2, 3)
[[ -1 515 493]
 [529 504  -1]]
   -> Island 372 Shape: (2, 3)
[[ -1 372 350]
 [382 361  -1]]
   -> Island 205 Shape: (2, 2)
[[205 190]
 [183  -1]]
   -> Island 69 Shape: (2, 3)
[[-1 69 85]
 [73 92 -1]]
   -> Island 363 Shape: (4, 2)
[[ -1  -1]
 [377  -1]
 [363 386]
 [373 399]]
[Diag] Wave step complete: Added 88 structural ears.
Wave 2
   -> Island 401 Shape: (5, 3)
[[ -1  -1  -1]
 [ -1 408 396]
 [413 401 385]
 [390 376 364]
 [ -1 366 356]]
   -> Island 566 Shape: (5, 4)
[[ -1  -1  -1  -1]
 [550 585 620  -1]
 [ -1 566 601 636]
 [ -1 583 618  -1]
 [ -1  -1 599  -1]]
   -> Island 624 Shape: (5, 4)
[[ -1  -1  -1  -1]
 [640 608 575  -1]
 [ -1 624 592 560]
 [635 609 576  -1]
 [ -1 621 593  -1]]
   -> Island 141 Shape: (5, 4)
[[ -1  -1  -1  -1]
 [165 149 133  -1]
 [157 141 127 109]
 [137 120 103  -1]
 [ -1 112  98  -1]]
   -> Island 192 Shape: (5, 4)
[[ -1  -1  -1  -1]
 [186 207 232  -1]
 [170 192 218 242]
 [176 200 226  -1]
 [ -1 184  -1  -1]]
   -> Island 159 Shape: (5, 3)
[[ -1  -1  -1]
 [174 181 189]
 [ -1 159 167]
 [ -1 146 152]
 [ -1  -1 132]]
   -> Island 78 Shape: (5, 3)
[[ -1  -1  -1]
 [ 55  50  -1]
 [ 78  71  63]
 [ 97  90  -1]
 [ -1 114  -1]]
   -> Island 365 Shape: (5, 4)
[[ -1  -1  -1  -1]
 [354 378 404  -1]
 [339 365 388 414]
 [349 374 400  -1]
 [ -1  -1 383  -1]]
   -> Island 58 Shape: (3, 3)
[[ 58  74  95]
 [ 83 101  -1]
 [ -1 108  -1]]
   -> Island 574 Shape: (5, 4)
[[ -1  -1  -1  -1]
 [590 563 531  -1]
 [600 574 544 519]
 [587 557 532  -1]
 [ -1 571 548  -1]]
   -> Island 342 Shape: (5, 4)
[[ -1  -1  -1  -1]
 [370 352 337  -1]
 [358 342 325 311]
 [331 316 303  -1]
 [ -1 308 293  -1]]
   -> Island 31 Shape: (3, 3)
[[49 31 17]
 [44 28 13]
 [-1 38 24]]
   -> Island 288 Shape: (5, 4)
[[ -1  -1  -1  -1]
 [300 306 314  -1]
 [282 288 295 302]
 [268 276 284  -1]
 [ -1 254 263  -1]]
   -> Island 588 Shape: (5, 3)
[[ -1  -1  -1]
 [606 570 538]
 [623 588 553]
 [610 572  -1]
 [ -1 591  -1]]
   -> Island 468 Shape: (2, 2)
[[468 454]
 [463  -1]]
   -> Island 248 Shape: (5, 4)
[[ -1  -1  -1  -1]
 [273 257 240  -1]
 [ -1 248 231 219]
 [239 225 208  -1]
 [ -1 215 202  -1]]
   -> Island 473 Shape: (2, 3)
[[490 473 460]
 [480 466  -1]]
   -> Island 70 Shape: (4, 3)
[[-1 -1 -1]
 [94 77 60]
 [89 70 56]
 [65 51 39]]
   -> Island 439 Shape: (5, 4)
[[ -1  -1  -1  -1]
 [431 452  -1  -1]
 [420 439 458 471]
 [428 449 464  -1]
 [ -1 437 455  -1]]
   -> Island 489 Shape: (2, 2)
[[489 510]
 [500  -1]]
   -> Island 212 Shape: (3, 4)
[[235 212 185 160]
 [227 199 175  -1]
 [ -1 220 191  -1]]
   -> Island 515 Shape: (3, 3)
[[546 515 493]
 [529 504  -1]
 [ -1 516  -1]]
   -> Island 372 Shape: (2, 3)
[[392 372 350]
 [382 361  -1]]
   -> Island 205 Shape: (2, 2)
[[205 190]
 [183  -1]]
   -> Island 69 Shape: (3, 3)
[[-1 69 85]
 [73 92 -1]
 [-1 96 -1]]
   -> Island 363 Shape: (5, 4)
[[ -1  -1  -1  -1]
 [355 377 403  -1]
 [ -1 363 386 412]
 [ -1 373 399  -1]
 [ -1  -1 384  -1]]
[Diag] Wave step complete: Added 146 structural ears.
Wave 3
   -> Island 401 Shape: (5, 4)
[[ -1  -1  -1 417]
 [ -1  -1 408 396]
 [ -1 413 401 385]
 [405 390 376 364]
 [ -1  -1 366 356]]
   -> Island 566 Shape: (5, 4)
[[ -1 568 603  -1]
 [550 585 620  -1]
 [536 566 601 636]
 [ -1 583 618  -1]
 [ -1 565 599 633]]
   -> Island 624 Shape: (5, 4)
[[ -1 626 594  -1]
 [640 608 575  -1]
 [ -1 624 592 560]
 [635 609 576 542]
 [ -1 621 593 561]]
   -> Island 141 Shape: (5, 5)
[[ -1  -1 172 156  -1]
 [ -1 165 149 133  -1]
 [ -1 157 141 127 109]
 [150 137 120 103  86]
 [ -1 128 112  98  80]]
   -> Island 192 Shape: (5, 5)
[[ -1  -1 198  -1  -1]
 [ -1 186 207 232  -1]
 [ -1 170 192 218 242]
 [153 176 200 226 253]
 [ -1 161 184  -1  -1]]
   -> Island 159 Shape: (5, 3)
[[ -1 197 204]
 [174 181 189]
 [155 159 167]
 [ -1 146 152]
 [ -1 125 132]]
   -> Island 78 Shape: (5, 3)
[[ -1  -1  -1]
 [ 55  50  -1]
 [ 78  71  63]
 [ 97  90  82]
 [122 114  -1]]
   -> Island 365 Shape: (5, 5)
[[ -1  -1 371 394  -1]
 [ -1 354 378 404  -1]
 [ -1 339 365 388 414]
 [323 349 374 400 423]
 [ -1  -1  -1 383 410]]
   -> Island 58 Shape: (5, 3)
[[ -1  -1  -1]
 [ -1  67  -1]
 [ 58  74  95]
 [ 83 101 119]
 [ -1 108  -1]]
   -> Island 574 Shape: (5, 5)
[[ -1  -1 579 547  -1]
 [ -1 590 563 531  -1]
 [ -1 600 574 544 519]
 [615 587 557 532 508]
 [ -1 597 571 548 520]]
   -> Island 342 Shape: (5, 5)
[[ -1  -1 380 362  -1]
 [ -1 370 352 337  -1]
 [ -1 358 342 325 311]
 [348 331 316 303 289]
 [ -1  -1 308 293 281]]
   -> Island 31 Shape: (5, 5)
[[-1 -1 -1 -1 -1]
 [-1 35 -1 -1 -1]
 [-1 49 31 17 -1]
 [62 44 28 13 -1]
 [-1 -1 38 24  8]]
   -> Island 288 Shape: (5, 5)
[[ -1  -1 319 326  -1]
 [ -1 300 306 314  -1]
 [ -1 282 288 295 302]
 [261 268 276 284  -1]
 [ -1 246 254 263 270]]
   -> Island 588 Shape: (5, 5)
[[ -1  -1 586 552  -1]
 [ -1 606 570 538  -1]
 [ -1 623 588 553 524]
 [637 610 572  -1  -1]
 [ -1 625 591 556  -1]]
   -> Island 468 Shape: (2, 2)
[[468 454]
 [463  -1]]
   -> Island 248 Shape: (5, 4)
[[ -1 280 265  -1]
 [273 257 240  -1]
 [ -1 248 231 219]
 [239 225 208 194]
 [230 215 202 188]]
   -> Island 473 Shape: (2, 4)
[[ -1 490 473 460]
 [503 480 466  -1]]
   -> Island 70 Shape: (4, 3)
[[ -1 100  84]
 [ 94  77  60]
 [ 89  70  56]
 [ 65  51  39]]
   -> Island 439 Shape: (5, 4)
[[ -1 443  -1  -1]
 [431 452  -1  -1]
 [420 439 458 471]
 [428 449 464 478]
 [415 437 455 469]]
   -> Island 489 Shape: (2, 2)
[[489 510]
 [500  -1]]
   -> Island 212 Shape: (3, 5)
[[ -1 235 212 185 160]
 [255 227 199 175 151]
 [ -1 245 220 191 169]]
   -> Island 515 Shape: (5, 4)
[[ -1  -1  -1  -1]
 [ -1 527  -1  -1]
 [ -1 546 515 493]
 [564 529 504  -1]
 [ -1 543 516 495]]
   -> Island 372 Shape: (2, 3)
[[392 372 350]
 [382 361  -1]]
   -> Island 205 Shape: (2, 2)
[[205 190]
 [183  -1]]
   -> Island 69 Shape: (3, 3)
[[ -1  69  85]
 [ 73  92  -1]
 [ 81  96 110]]
   -> Island 363 Shape: (5, 4)
[[ -1 369 393  -1]
 [355 377 403  -1]
 [340 363 386 412]
 [ -1 373 399 421]
 [ -1 359 384  -1]]
[Diag] Wave step complete: Added 212 structural ears.
Wave 4
   -> Island 401 Shape: (6, 4)
[[ -1  -1 429 417]
 [ -1  -1 408 396]
 [ -1 413 401 385]
 [405 390 376 364]
 [ -1  -1 366 356]
 [ -1  -1 346  -1]]
   -> Island 566 Shape: (6, 5)
[[ -1 537 568 603  -1]
 [522 550 585 620  -1]
 [ -1 536 566 601 636]
 [ -1  -1 583 618  -1]
 [ -1  -1 565 599 633]
 [ -1  -1 580 616  -1]]
   -> Island 624 Shape: (10, 6)
[[ -1  -1  -1  -1  -1  -1]
 [626 594 559  -1  -1  -1]
 [640 608 575 540  -1  -1]
 [624 592 560 526  -1  -1]
 [635 609 576 542  -1  -1]
 [621 593 561 527  -1  -1]
 [ -1 604 577 546 515 493]
 [ -1  -1 564 529 504  -1]
 [ -1  -1  -1 543 516 495]
 [ -1  -1  -1 530 505  -1]]
   -> Island 141 Shape: (10, 9)
[[ -1 292 280 265 249  -1  -1  -1  -1]
 [ -1 273 257 240 224  -1  -1  -1  -1]
 [ -1  -1 248 231 219 201  -1  -1  -1]
 [256 239 225 208 194  -1  -1  -1  -1]
 [ -1 230 215 202 188 172 156 140  -1]
 [ -1 209 195 179 165 149 133 115  -1]
 [ -1  -1  -1 173 157 141 127 109  93]
 [ -1  -1  -1 150 137 120 103  86  -1]
 [ -1  -1  -1  -1 128 112  98  80  -1]
 [ -1  -1  -1  -1 106  91  72  -1  -1]]
   -> Island 192 Shape: (8, 6)
[[ -1 177 198  -1  -1  -1]
 [162 186 207 232 260  -1]
 [145 170 192 218 242 269]
 [153 176 200 226 253  -1]
 [ -1 161 184  -1 234  -1]
 [ -1 169 191 220 245  -1]
 [ -1 151 175 199 227 255]
 [136 160 185 212 235 264]]
   -> Island 159 Shape: (5, 5)
[[ -1  -1 197 204 210]
 [168 174 181 189  -1]
 [ -1 155 159 167  -1]
 [ -1  -1 146 152  -1]
 [ -1  -1 125 132  -1]]
   -> Island 78 Shape: (6, 4)
[[ -1  -1  -1  -1]
 [ 55  50  46  -1]
 [ 78  71  63  59]
 [ 97  90  82  -1]
 [122 114  -1  -1]
 [139  -1  -1  -1]]
   -> Island 365 Shape: (14, 9)
[[ -1 345 369 393  -1  -1  -1  -1  -1]
 [330 355 377 403 424  -1  -1  -1  -1]
 [ -1 340 363 386 412  -1  -1  -1  -1]
 [ -1  -1 373 399 421  -1  -1  -1  -1]
 [ -1  -1 359 384  -1  -1  -1  -1  -1]
 [ -1 344 371 394 416  -1  -1  -1  -1]
 [ -1 329 354 378 404 426  -1  -1  -1]
 [315 339 365 388 414 434  -1  -1  -1]
 [ -1 323 349 374 400 423 443  -1  -1]
 [ -1 333  -1 383 410 431 452  -1  -1]
 [ -1  -1  -1  -1  -1 420 439 458 471]
 [ -1  -1  -1  -1  -1 428 449 464 478]
 [ -1  -1  -1  -1  -1 415 437 455 469]
 [ -1  -1  -1  -1  -1 425 447 462  -1]]
   -> Island 58 Shape: (5, 4)
[[ -1  -1  -1  -1]
 [ -1  67  88  -1]
 [ 58  74  95 111]
 [ 83 101 119  -1]
 [ -1 108  -1  -1]]
   -> Island 574 Shape: (6, 6)
[[ -1 602 579 547 517  -1]
 [614 590 563 531 507  -1]
 [630 600 574 544 519 497]
 [615 587 557 532 508  -1]
 [ -1 597 571 548 520  -1]
 [ -1 584 558 534  -1  -1]]
   -> Island 342 Shape: (6, 5)
[[ -1 397 380 362  -1]
 [ -1 370 352 337  -1]
 [ -1 358 342 325 311]
 [348 331 316 303 289]
 [ -1  -1 308 293 281]
 [ -1  -1 287 272  -1]]
   -> Island 31 Shape: (6, 5)
[[-1 -1 -1 -1 -1]
 [54 35 -1 -1 -1]
 [68 49 31 17 -1]
 [62 44 28 13 -1]
 [-1 -1 38 24  8]
 [-1 -1 -1 20 -1]]
   -> Island 288 Shape: (6, 5)
[[ -1  -1 319 326 335]
 [ -1 300 306 314 321]
 [ -1 282 288 295 302]
 [261 268 276 284  -1]
 [ -1 246 254 263 270]
 [ -1 229 238 247  -1]]
   -> Island 588 Shape: (6, 5)
[[ -1 622 586 552 523]
 [639 606 570 538 511]
 [ -1 623 588 553 524]
 [637 610 572  -1  -1]
 [ -1 625 591 556  -1]
 [ -1 607 573  -1  -1]]
   -> Island 468 Shape: (2, 2)
[[468 454]
 [463  -1]]
   -> Island 473 Shape: (3, 4)
[[513 490 473 460]
 [503 480 466  -1]
 [ -1 492  -1  -1]]
   -> Island 70 Shape: (4, 4)
[[116 100  84  66]
 [ 94  77  60  -1]
 [ 89  70  56  -1]
 [ 65  51  39  -1]]
   -> Island 489 Shape: (2, 2)
[[489 510]
 [500  -1]]
   -> Island 372 Shape: (2, 3)
[[392 372 350]
 [382 361  -1]]
   -> Island 205 Shape: (2, 2)
[[205 190]
 [183  -1]]
   -> Island 69 Shape: (4, 3)
[[ -1  69  85]
 [ 73  92  -1]
 [ 81  96 110]
 [102 117  -1]]
[Diag] Wave step complete: Added 301 structural ears.
Wave 5
   -> Island 401 Shape: (8, 4)
[[ -1  -1  -1  -1]
 [ -1  -1 435  -1]
 [ -1  -1 429 417]
 [ -1  -1 408 396]
 [ -1 413 401 385]
 [405 390 376 364]
 [ -1  -1 366 356]
 [ -1 357 346 332]]
   -> Island 141 Shape: (16, 16)
[[ -1  -1  -1  -1  -1  -1  -1  -1  -1  -1  -1  -1  -1  -1  -1  -1]
 [ -1  -1  -1  -1  -1  -1 298  -1 274  -1  -1  -1  -1  -1  -1  -1]
 [ -1  -1  -1  -1  -1  -1 292 280 265 249  -1  -1  -1  -1  -1  -1]
 [351 335 321 309  -1 286 273 257 240 224  -1  -1  -1  -1  -1  -1]
 [ -1 326 314 302  -1  -1  -1 248 231 219 201  -1  -1  -1  -1  -1]
 [319 306 295 284 270 256 239 225 208 194 178 164  -1  -1  -1  -1]
 [ -1 300 288 276 263 247 230 215 202 188 172 156 140  -1  -1  -1]
 [ -1 282 268 254 238  -1 209 195 179 165 149 133 115  -1  -1  -1]
 [ -1  -1 261 246 229  -1  -1  -1 173 157 141 127 109  93  -1  -1]
 [ -1  -1 237 221 210 196  -1 166 150 137 120 103  86  68  54  41]
 [ -1  -1  -1 213 204 189  -1  -1 143 128 112  98  80  62  49  35]
 [ -1  -1  -1 197 181 167 152  -1  -1 106  91  72  -1  44  31  -1]
 [ -1  -1  -1  -1 174 159 146 132 116 100  84  66  -1  38  28  17]
 [ -1  -1  -1 168 155  -1 125  -1  94  77  60  -1  -1  24  13  -1]
 [ -1  -1  -1  -1 148  -1  -1  -1  89  70  56  -1  -1  20   8  -1]
 [ -1  -1  -1  -1  -1  -1  -1  -1  65  51  39  -1  -1   5  -1  -1]]
   -> Island 192 Shape: (20, 10)
[[ -1  -1  -1  -1  -1  -1  -1  -1  -1  -1]
 [ -1 407 391  -1  -1  -1  -1  -1  -1  -1]
 [ -1 397 380 362  -1  -1  -1  -1  -1  -1]
 [ -1 370 352 337  -1  -1  -1  -1  -1  -1]
 [ -1 358 342 325 311  -1  -1  -1  -1  -1]
 [348 331 316 303 289  -1  -1  -1  -1  -1]
 [ -1  -1 308 293 281 264  -1  -1  -1  -1]
 [ -1 299 287 272 255 235  -1  -1  -1  -1]
 [ -1  -1 277 262 245 227 212  -1  -1  -1]
 [ -1 269 253 234 220 199 185  -1  -1  -1]
 [ -1 260 242 226  -1 191 175 160  -1  -1]
 [250 232 218 200 184 169 151 136  -1  -1]
 [ -1  -1 207 192 176 161  -1  -1 108  -1]
 [ -1 198 186 170 153 138 119 101  83  -1]
 [ -1 193 177 162 145 129 111  95  74  58]
 [ -1  -1  -1 139 122  -1  88  67  -1  -1]
 [ -1  -1  -1 131 114  97  78  -1  -1  -1]
 [ -1  -1  -1  -1  90  71  55  -1  -1  -1]
 [ -1  -1  -1  -1  82  63  50  -1  -1  -1]
 [ -1  -1  -1  75  59  46  32  -1  -1  -1]]
   -> Island 365 Shape: (16, 10)
[[ -1  -1  -1  -1  -1  -1  -1  -1  -1  -1]
 [ -1 360 381  -1  -1  -1  -1  -1  -1  -1]
 [ -1 345 369 393  -1  -1  -1  -1  -1  -1]
 [330 355 377 403 424  -1  -1  -1  -1  -1]
 [317 340 363 386 412  -1  -1  -1  -1  -1]
 [ -1  -1 373 399 421  -1  -1  -1  -1  -1]
 [ -1  -1 359 384  -1  -1  -1  -1  -1  -1]
 [ -1 344 371 394 416  -1  -1  -1  -1  -1]
 [ -1 329 354 378 404 426  -1  -1  -1  -1]
 [315 339 365 388 414 434  -1  -1  -1  -1]
 [301 323 349 374 400 423 443  -1  -1  -1]
 [310 333  -1 383 410 431 452  -1  -1  -1]
 [ -1  -1  -1  -1  -1 420 439 458 471  -1]
 [ -1  -1  -1  -1  -1 428 449 464 478  -1]
 [ -1  -1  -1  -1  -1 415 437 455 469 484]
 [ -1  -1  -1  -1 402 425 447 462 476  -1]]
   -> Island 588 Shape: (28, 6)
[[ -1  -1  -1  -1  -1  -1]
 [616 580 549  -1  -1  -1]
 [633 599 565  -1  -1  -1]
 [618 583  -1  -1  -1  -1]
 [636 601 566 536  -1  -1]
 [620 585 550 522  -1  -1]
 [ -1 603 568 537  -1  -1]
 [622 586 552 523  -1  -1]
 [639 606 570 538 511  -1]
 [623 588 553 524  -1  -1]
 [637 610 572  -1  -1  -1]
 [625 591 556  -1  -1  -1]
 [638 607 573 539  -1  -1]
 [626 594 559  -1  -1  -1]
 [640 608 575 540  -1  -1]
 [624 592 560 526  -1  -1]
 [635 609 576 542 514  -1]
 [621 593 561 527  -1  -1]
 [634 604 577 546 515 493]
 [ -1 595 564 529 504  -1]
 [ -1  -1 578 543 516 495]
 [ -1 589 562 530 505 485]
 [ -1 602 579 547 517  -1]
 [614 590 563 531 507  -1]
 [630 600 574 544 519 497]
 [615 587 557 532 508  -1]
 [629 597 571 548 520 498]
 [613 584 558 534 509  -1]]
   -> Island 468 Shape: (2, 2)
[[468 454]
 [463  -1]]
   -> Island 473 Shape: (3, 5)
[[ -1 513 490 473 460]
 [535 503 480 466  -1]
 [ -1 518 492  -1  -1]]
   -> Island 489 Shape: (2, 2)
[[489 510]
 [500  -1]]
   -> Island 372 Shape: (2, 3)
[[392 372 350]
 [382 361  -1]]
   -> Island 205 Shape: (2, 2)
[[205 190]
 [183  -1]]
   -> Island 69 Shape: (4, 4)
[[ -1  -1  69  85]
 [ -1  73  92  -1]
 [ -1  81  96 110]
 [ 87 102 117 130]]
[Diag] Wave step complete: Added 365 structural ears.
Wave 6
   -> Island 401 Shape: (9, 4)
[[ -1  -1  -1  -1]
 [ -1  -1 435  -1]
 [ -1  -1 429 417]
 [ -1  -1 408 396]
 [ -1 413 401 385]
 [405 390 376 364]
 [ -1  -1 366 356]
 [ -1 357 346 332]
 [ -1  -1  -1 322]]
   -> Island 141 Shape: (36, 32)
[[ -1  -1  -1  -1  -1  -1  -1  -1  -1  -1  -1  -1  -1  -1  -1  -1  -1  -1  -1  -1  -1  -1  -1  -1  -1  -1  -1  -1  -1  -1  -1  -1]
 [ -1  -1  -1  -1  -1  -1  -1  -1  -1  -1  -1  -1  -1  -1  -1  -1  -1  -1  -1 633 616  -1  -1  -1  -1  -1  -1  -1  -1  -1  -1  -1]
 [ -1  -1  -1  -1  -1  -1  -1  -1  -1  -1  -1  -1  -1  -1  -1  -1  -1  -1 636 618 599 580  -1  -1  -1  -1  -1  -1  -1  -1  -1  -1]
 [ -1  -1  -1  -1  -1  -1  -1  -1  -1  -1  -1  -1  -1  -1  -1  -1  -1 620 601 583 565 549  -1  -1  -1  -1  -1  -1  -1  -1  -1  -1]
 [ -1  -1  -1  -1  -1  -1  -1  -1  -1  -1  -1  -1  -1  -1  -1 639 622 603 585 566  -1 535 513  -1  -1  -1  -1  -1  -1  -1  -1  -1]
 [ -1  -1  -1  -1  -1  -1  -1  -1  -1  -1  -1  -1  -1 637 623 606 586 568 550 536 518 503 490  -1  -1  -1  -1  -1  -1  -1  -1  -1]
 [ -1  -1  -1  -1  -1  -1  -1  -1  -1  -1  -1  -1 638 625 610 588 570 552 537 522  -1 492 480 473  -1  -1  -1  -1  -1  -1  -1  -1]
 [ -1  -1  -1  -1  -1  -1  -1  -1  -1  -1 640 626 607 591 572 553 538 523 506  -1  -1  -1 466 460  -1  -1  -1  -1  -1  -1  -1  -1]
 [ -1  -1  -1  -1  -1  -1  -1  -1  -1 635 624 608 594 573 556  -1 524 511 494 484 476 467  -1  -1  -1  -1  -1  -1  -1  -1  -1  -1]
 [ -1  -1  -1  -1  -1  -1  -1 634 621 609 592 575 559 539 525  -1  -1  -1 478 469 462  -1  -1  -1  -1  -1  -1  -1  -1  -1  -1  -1]
 [ -1  -1  -1  -1  -1  -1  -1 619 604 593 576 560 540  -1  -1  -1  -1  -1 471 464 455 447 432 422 407 391  -1  -1  -1  -1  -1  -1]
 [ -1  -1  -1  -1 632 617  -1 595 577 561 542 526 512  -1  -1  -1  -1  -1 458 449 437 425 411 397 380 362  -1  -1  -1  -1  -1  -1]
 [ -1  -1  -1 630 614 602 589 578 564 546 527 514 502  -1  -1  -1  -1  -1 452 439 428 415 402  -1 370 352 337  -1  -1  -1  -1  -1]
 [ -1 629 615 600 590 579 562 543 529 515  -1  -1  -1  -1  -1  -1  -1 443 431 420  -1 389  -1 358 342 325 311  -1  -1  -1  -1  -1]
 [ -1 613 597 587 574 563 547 530 516 504 493  -1  -1  -1  -1  -1 448 434 423 410  -1  -1  -1 348 331 316 303 289  -1  -1  -1  -1]
 [598 584 571 557 544 531 517 505 495  -1  -1  -1  -1  -1  -1 436 426 414 400 383  -1  -1  -1  -1 308 293 281 264  -1  -1  -1  -1]
 [ -1 569 558 548 532 519 507 496 485 479  -1  -1  -1  -1  -1  -1 416 404 388 374  -1  -1  -1  -1 299 287 272 255 235  -1  -1  -1]
 [ -1 545 534 520 508 497 486  -1  -1  -1  -1  -1  -1  -1 421  -1 394 378 365 349 333 318  -1 291 277 262 245 227 212  -1  -1  -1]
 [ -1  -1 521 509 498  -1  -1  -1  -1  -1  -1  -1  -1 424 412 399 384 371 354 339 323 310  -1 285 269 253 234 220 199 185  -1  -1]
 [ -1  -1  -1  -1  -1  -1  -1  -1  -1  -1  -1  -1  -1 403 386 373 359 344 329 315 301  -1 275 260 242 226  -1 191 175 160  -1  -1]
 [ -1  -1  -1  -1  -1  -1  -1  -1  -1  -1  -1  -1  -1 393 377 363  -1 334 320 307 294  -1  -1 250 232 218 200 184 169 151 136  -1]
 [ -1  -1  -1  -1  -1  -1  -1  -1  -1  -1  -1  -1 381 369 355 340 324 312 298  -1 274 259  -1  -1 207 192 176 161  -1  -1 108  -1]
 [ -1  -1  -1  -1  -1  -1  -1  -1  -1  -1  -1  -1  -1 360 345 330 317 304 292 280 265 249 233 214 198 186 170 153 138 119 101  83]
 [ -1  -1  -1  -1  -1  -1  -1  -1  -1  -1  -1  -1 351 335 321 309  -1 286 273 257 240 224  -1 193 177 162 145 129 111  95  74  58]
 [ -1  -1  -1  -1  -1  -1  -1  -1  -1  -1  -1  -1  -1 326 314 302  -1 278  -1 248 231 219 201 187 171 154 139 122  -1  88  67  -1]
 [ -1  -1  -1  -1  -1  -1  -1  -1  -1  -1  -1  -1 319 306 295 284 270 256 239 225 208 194 178 164 147 131 114  97  78  -1  -1  -1]
 [ -1  -1  -1  -1  -1  -1  -1  -1  -1  -1  -1  -1  -1 300 288 276 263 247 230 215 202 188 172 156 140 124  -1  90  71  55  -1  -1]
 [ -1  -1  -1  -1  -1  -1  -1  -1  -1  -1  -1  -1  -1 282 268 254 238  -1 209 195 179 165 149 133 115  99  82  63  50  -1  -1  -1]
 [ -1  -1  -1  -1  -1  -1  -1  -1  -1  -1  -1  -1  -1  -1 261 246 229 216  -1  -1 173 157 141 127 109  93  75  59  46  32  -1  -1]
 [ -1  -1  -1  -1  -1  -1  -1  -1  -1  -1  -1  -1  -1  -1 237 221 210 196  -1 166 150 137 120 103  86  68  54  41  27  -1  -1  -1]
 [ -1  -1  -1  -1  -1  -1  -1  -1  -1  -1  -1  -1  -1  -1  -1 213 204 189  -1  -1 143 128 112  98  80  62  49  35  23  -1  -1  -1]
 [ -1  -1  -1  -1  -1  -1  -1  -1  -1  -1  -1  -1  -1  -1  -1 197 181 167 152  -1  -1 106  91  72  -1  44  31  -1  -1  -1  -1  -1]
 [ -1  -1  -1  -1  -1  -1  -1  -1  -1  -1  -1  -1  -1  -1  -1  -1 174 159 146 132 116 100  84  66  -1  38  28  17  -1  -1  -1  -1]
 [ -1  -1  -1  -1  -1  -1  -1  -1  -1  -1  -1  -1  -1  -1  -1 168 155  -1 125  -1  94  77  60  -1  -1  24  13  -1  -1  -1  -1  -1]
 [ -1  -1  -1  -1  -1  -1  -1  -1  -1  -1  -1  -1  -1  -1  -1 163 148 135  -1  -1  89  70  56  -1  -1  20   8  -1  -1  -1  -1  -1]
 [ -1  -1  -1  -1  -1  -1  -1  -1  -1  -1  -1  -1  -1  -1  -1  -1  -1  -1  -1  -1  65  51  39  -1  18   5  -1  -1  -1  -1  -1  -1]]
   -> Island 468 Shape: (2, 2)
[[468 454]
 [463  -1]]
   -> Island 489 Shape: (2, 2)
[[489 510]
 [500  -1]]
   -> Island 372 Shape: (2, 3)
[[392 372 350]
 [382 361  -1]]
   -> Island 205 Shape: (2, 2)
[[205 190]
 [183  -1]]
   -> Island 69 Shape: (5, 5)
[[ -1  -1  69  85  -1]
 [ -1  73  92  -1  -1]
 [ 64  81  96 110 126]
 [ 87 102 117 130  -1]
 [ -1 107  -1  -1  -1]]
[Diag] Wave step complete: Added 296 structural ears.
Wave 7
   -> Island 401 Shape: (9, 4)
[[ -1  -1  -1  -1]
 [ -1  -1 435  -1]
 [ -1  -1 429 417]
 [ -1  -1 408 396]
 [ -1 413 401 385]
 [405 390 376 364]
 [ -1  -1 366 356]
 [ -1 357 346 332]
 [ -1  -1  -1 322]]
   -> Island 141 Shape: (37, 32)
[[ -1  -1  -1  -1  -1  -1  -1  -1  -1  -1  -1  -1  -1  -1  -1  -1  -1  -1  -1  -1  -1  -1  -1  -1  -1  -1  -1  -1  -1  -1  -1  -1]
 [ -1  -1  -1  -1  -1  -1  -1  -1  -1  -1  -1  -1  -1  -1  -1  -1  -1  -1  -1 633 616  -1  -1  -1  -1  -1  -1  -1  -1  -1  -1  -1]
 [ -1  -1  -1  -1  -1  -1  -1  -1  -1  -1  -1  -1  -1  -1  -1  -1  -1  -1 636 618 599 580  -1  -1  -1  -1  -1  -1  -1  -1  -1  -1]
 [ -1  -1  -1  -1  -1  -1  -1  -1  -1  -1  -1  -1  -1  -1  -1  -1  -1 620 601 583 565 549  -1  -1  -1  -1  -1  -1  -1  -1  -1  -1]
 [ -1  -1  -1  -1  -1  -1  -1  -1  -1  -1  -1  -1  -1  -1  -1 639 622 603 585 566  -1 535 513  -1  -1  -1  -1  -1  -1  -1  -1  -1]
 [ -1  -1  -1  -1  -1  -1  -1  -1  -1  -1  -1  -1  -1 637 623 606 586 568 550 536 518 503 490  -1  -1  -1  -1  -1  -1  -1  -1  -1]
 [ -1  -1  -1  -1  -1  -1  -1  -1  -1  -1  -1  -1 638 625 610 588 570 552 537 522  -1 492 480 473  -1  -1  -1  -1  -1  -1  -1  -1]
 [ -1  -1  -1  -1  -1  -1  -1  -1  -1  -1 640 626 607 591 572 553 538 523 506  -1  -1  -1 466 460  -1  -1  -1  -1  -1  -1  -1  -1]
 [ -1  -1  -1  -1  -1  -1  -1  -1  -1 635 624 608 594 573 556  -1 524 511 494 484 476 467  -1  -1  -1  -1  -1  -1  -1  -1  -1  -1]
 [ -1  -1  -1  -1  -1  -1  -1 634 621 609 592 575 559 539 525  -1  -1  -1 478 469 462  -1  -1 430 419  -1  -1  -1  -1  -1  -1  -1]
 [ -1  -1  -1  -1  -1  -1  -1 619 604 593 576 560 540  -1  -1  -1  -1  -1 471 464 455 447 432 422 407 391  -1  -1  -1  -1  -1  -1]
 [ -1  -1  -1  -1 632 617 605 595 577 561 542 526 512  -1  -1  -1  -1  -1 458 449 437 425 411 397 380 362  -1  -1  -1  -1  -1  -1]
 [ -1  -1  -1 630 614 602 589 578 564 546 527 514 502  -1  -1  -1  -1  -1 452 439 428 415 402  -1 370 352 337  -1  -1  -1  -1  -1]
 [ -1 629 615 600 590 579 562 543 529 515  -1 491  -1  -1  -1  -1  -1 443 431 420  -1 389  -1 358 342 325 311  -1  -1  -1  -1  -1]
 [628 613 597 587 574 563 547 530 516 504 493  -1  -1  -1  -1  -1 448 434 423 410  -1  -1  -1 348 331 316 303 289  -1  -1  -1  -1]
 [598 584 571 557 544 531 517 505 495  -1  -1  -1  -1  -1  -1 436 426 414 400 383  -1  -1  -1  -1 308 293 281 264  -1  -1  -1  -1]
 [ -1 569 558 548 532 519 507 496 485 479  -1  -1  -1  -1  -1 427 416 404 388 374  -1 343  -1  -1 299 287 272 255 235  -1  -1  -1]
 [ -1 545 534 520 508 497 486  -1  -1  -1  -1  -1  -1  -1 421  -1 394 378 365 349 333 318  -1 291 277 262 245 227 212  -1  -1  -1]
 [ -1  -1 521 509 498  -1  -1  -1  -1  -1  -1  -1  -1 424 412 399 384 371 354 339 323 310 296 285 269 253 234 220 199 185  -1  -1]
 [ -1  -1 499  -1  -1  -1  -1  -1  -1  -1  -1  -1  -1 403 386 373 359 344 329 315 301 290 275 260 242 226  -1 191 175 160  -1  -1]
 [ -1  -1  -1  -1  -1  -1  -1  -1  -1  -1  -1  -1  -1 393 377 363  -1 334 320 307 294 283  -1 250 232 218 200 184 169 151 136  -1]
 [ -1  -1  -1  -1  -1  -1  -1  -1  -1  -1  -1  -1 381 369 355 340 324 312 298  -1 274 259  -1  -1 207 192 176 161  -1  -1 108  -1]
 [ -1  -1  -1  -1  -1  -1  -1  -1  -1  -1  -1  -1  -1 360 345 330 317 304 292 280 265 249 233 214 198 186 170 153 138 119 101  83]
 [ -1  -1  -1  -1  -1  -1  -1  -1  -1  -1  -1  -1 351 335 321 309 297 286 273 257 240 224  -1 193 177 162 145 129 111  95  74  58]
 [ -1  -1  -1  -1  -1  -1  -1  -1  -1  -1  -1  -1  -1 326 314 302  -1 278  -1 248 231 219 201 187 171 154 139 122  -1  88  67  -1]
 [ -1  -1  -1  -1  -1  -1  -1  -1  -1  -1  -1  -1 319 306 295 284 270 256 239 225 208 194 178 164 147 131 114  97  78  -1  -1  -1]
 [ -1  -1  -1  -1  -1  -1  -1  -1  -1  -1  -1  -1  -1 300 288 276 263 247 230 215 202 188 172 156 140 124  -1  90  71  55  -1  -1]
 [ -1  -1  -1  -1  -1  -1  -1  -1  -1  -1  -1  -1  -1 282 268 254 238  -1 209 195 179 165 149 133 115  99  82  63  50  -1  -1  -1]
 [ -1  -1  -1  -1  -1  -1  -1  -1  -1  -1  -1  -1  -1  -1 261 246 229 216 203  -1 173 157 141 127 109  93  75  59  46  32  -1  -1]
 [ -1  -1  -1  -1  -1  -1  -1  -1  -1  -1  -1  -1  -1  -1 237 221 210 196  -1 166 150 137 120 103  86  68  54  41  27  15  -1  -1]
 [ -1  -1  -1  -1  -1  -1  -1  -1  -1  -1  -1  -1  -1  -1  -1 213 204 189  -1 158 143 128 112  98  80  62  49  35  23  -1  -1  -1]
 [ -1  -1  -1  -1  -1  -1  -1  -1  -1  -1  -1  -1  -1  -1  -1 197 181 167 152  -1  -1 106  91  72  -1  44  31  -1  -1  -1  -1  -1]
 [ -1  -1  -1  -1  -1  -1  -1  -1  -1  -1  -1  -1  -1  -1  -1  -1 174 159 146 132 116 100  84  66  -1  38  28  17  -1  -1  -1  -1]
 [ -1  -1  -1  -1  -1  -1  -1  -1  -1  -1  -1  -1  -1  -1 182 168 155  -1 125  -1  94  77  60  -1  -1  24  13  -1  -1  -1  -1  -1]
 [ -1  -1  -1  -1  -1  -1  -1  -1  -1  -1  -1  -1  -1  -1  -1 163 148 135  -1  -1  89  70  56  -1  -1  20   8  -1  -1  -1  -1  -1]
 [ -1  -1  -1  -1  -1  -1  -1  -1  -1  -1  -1  -1  -1  -1  -1 142  -1  -1  -1  -1  65  51  39  -1  18   5  -1  -1  -1  -1  -1  -1]
 [ -1  -1  -1  -1  -1  -1  -1  -1  -1  -1  -1  -1  -1  -1  -1  -1  -1  -1  -1  -1  -1  -1  -1  -1  -1   2  -1  -1  -1  -1  -1  -1]]
   -> Island 468 Shape: (2, 2)
[[468 454]
 [463  -1]]
   -> Island 489 Shape: (2, 2)
[[489 510]
 [500  -1]]
   -> Island 372 Shape: (2, 3)
[[392 372 350]
 [382 361  -1]]
   -> Island 205 Shape: (2, 2)
[[205 190]
 [183  -1]]
   -> Island 69 Shape: (5, 5)
[[ -1  -1  69  85  -1]
 [ -1  73  92  -1  -1]
 [ 64  81  96 110 126]
 [ 87 102 117 130 144]
 [ -1 107  -1  -1  -1]]
[Diag] Wave step complete: Added 208 structural ears.
Wave 8
   -> Island 401 Shape: (9, 4)
[[ -1  -1  -1  -1]
 [ -1  -1 435  -1]
 [ -1  -1 429 417]
 [ -1  -1 408 396]
 [ -1 413 401 385]
 [405 390 376 364]
 [ -1  -1 366 356]
 [ -1 357 346 332]
 [ -1  -1  -1 322]]
   -> Island 141 Shape: (37, 33)
[[ -1  -1  -1  -1  -1  -1  -1  -1  -1  -1  -1  -1  -1  -1  -1  -1  -1  -1  -1  -1  -1  -1  -1  -1  -1  -1  -1  -1  -1  -1  -1  -1  -1]
 [ -1  -1  -1  -1  -1  -1  -1  -1  -1  -1  -1  -1  -1  -1  -1  -1  -1  -1  -1  -1 633 616  -1  -1  -1  -1  -1  -1  -1  -1  -1  -1  -1]
 [ -1  -1  -1  -1  -1  -1  -1  -1  -1  -1  -1  -1  -1  -1  -1  -1  -1  -1  -1 636 618 599 580  -1  -1  -1  -1  -1  -1  -1  -1  -1  -1]
 [ -1  -1  -1  -1  -1  -1  -1  -1  -1  -1  -1  -1  -1  -1  -1  -1  -1  -1 620 601 583 565 549  -1  -1  -1  -1  -1  -1  -1  -1  -1  -1]
 [ -1  -1  -1  -1  -1  -1  -1  -1  -1  -1  -1  -1  -1  -1  -1  -1 639 622 603 585 566  -1 535 513  -1  -1  -1  -1  -1  -1  -1  -1  -1]
 [ -1  -1  -1  -1  -1  -1  -1  -1  -1  -1  -1  -1  -1  -1 637 623 606 586 568 550 536 518 503 490  -1  -1  -1  -1  -1  -1  -1  -1  -1]
 [ -1  -1  -1  -1  -1  -1  -1  -1  -1  -1  -1  -1  -1 638 625 610 588 570 552 537 522  -1 492 480 473  -1  -1  -1  -1  -1  -1  -1  -1]
 [ -1  -1  -1  -1  -1  -1  -1  -1  -1  -1  -1 640 626 607 591 572 553 538 523 506  -1  -1  -1 466 460  -1  -1  -1  -1  -1  -1  -1  -1]
 [ -1  -1  -1  -1  -1  -1  -1  -1  -1  -1 635 624 608 594 573 556  -1 524 511 494 484 476 467  -1  -1  -1  -1  -1  -1  -1  -1  -1  -1]
 [ -1  -1  -1  -1  -1  -1  -1  -1 634 621 609 592 575 559 539 525  -1  -1  -1 478 469 462  -1 444 430 419  -1  -1  -1  -1  -1  -1  -1]
 [ -1  -1  -1  -1  -1  -1  -1 631 619 604 593 576 560 540  -1  -1  -1  -1  -1 471 464 455 447 432 422 407 391  -1  -1  -1  -1  -1  -1]
 [ -1  -1  -1  -1  -1 632 617 605 595 577 561 542 526 512  -1  -1  -1  -1  -1 458 449 437 425 411 397 380 362  -1  -1  -1  -1  -1  -1]
 [ -1  -1  -1  -1 630 614 602 589 578 564 546 527 514 502  -1  -1  -1  -1  -1 452 439 428 415 402  -1 370 352 337  -1  -1  -1  -1  -1]
 [ -1  -1 629 615 600 590 579 562 543 529 515  -1 491 482  -1 468  -1  -1 443 431 420  -1 389  -1 358 342 325 311  -1  -1  -1  -1  -1]
 [ -1 628 613 597 587 574 563 547 530 516 504 493  -1  -1  -1 463 454 448 434 423 410  -1  -1  -1 348 331 316 303 289  -1  -1  -1  -1]
 [612 598 584 571 557 544 531 517 505 495  -1  -1  -1  -1  -1  -1 436 426 414 400 383  -1  -1  -1  -1 308 293 281 264  -1  -1  -1  -1]
 [ -1 582 569 558 548 532 519 507 496 485 479  -1  -1  -1  -1  -1 427 416 404 388 374  -1 343 327 313 299 287 272 255 235  -1  -1  -1]
 [ -1 554 545 534 520 508 497 486  -1  -1  -1  -1  -1  -1  -1 421  -1 394 378 365 349 333 318 305 291 277 262 245 227 212  -1  -1  -1]
 [ -1  -1 533 521 509 498  -1  -1  -1  -1  -1  -1  -1  -1 424 412 399 384 371 354 339 323 310 296 285 269 253 234 220 199 185  -1  -1]
 [ -1  -1  -1 499  -1  -1  -1  -1  -1  -1  -1  -1  -1  -1 403 386 373 359 344 329 315 301 290 275 260 242 226  -1 191 175 160  -1  -1]
 [ -1  -1  -1  -1  -1  -1  -1  -1  -1  -1  -1  -1  -1  -1 393 377 363  -1 334 320 307 294 283  -1 250 232 218 200 184 169 151 136  -1]
 [ -1  -1  -1  -1  -1  -1  -1  -1  -1  -1  -1  -1  -1 381 369 355 340 324 312 298  -1 274 259 241  -1 207 192 176 161  -1  -1 108  -1]
 [ -1  -1  -1  -1  -1  -1  -1  -1  -1  -1  -1  -1  -1  -1 360 345 330 317 304 292 280 265 249 233 214 198 186 170 153 138 119 101  83]
 [ -1  -1  -1  -1  -1  -1  -1  -1  -1  -1  -1  -1  -1 351 335 321 309 297 286 273 257 240 224  -1 193 177 162 145 129 111  95  74  58]
 [ -1  -1  -1  -1  -1  -1  -1  -1  -1  -1  -1  -1  -1  -1 326 314 302  -1 278  -1 248 231 219 201 187 171 154 139 122  -1  88  67  -1]
 [ -1  -1  -1  -1  -1  -1  -1  -1  -1  -1  -1  -1  -1 319 306 295 284 270 256 239 225 208 194 178 164 147 131 114  97  78  -1  -1  -1]
 [ -1  -1  -1  -1  -1  -1  -1  -1  -1  -1  -1  -1  -1  -1 300 288 276 263 247 230 215 202 188 172 156 140 124  -1  90  71  55  -1  -1]
 [ -1  -1  -1  -1  -1  -1  -1  -1  -1  -1  -1  -1  -1  -1 282 268 254 238  -1 209 195 179 165 149 133 115  99  82  63  50  -1  -1  -1]
 [ -1  -1  -1  -1  -1  -1  -1  -1  -1  -1  -1  -1  -1  -1  -1 261 246 229 216 203  -1 173 157 141 127 109  93  75  59  46  32  19  -1]
 [ -1  -1  -1  -1  -1  -1  -1  -1  -1  -1  -1  -1  -1  -1  -1 237 221 210 196 180 166 150 137 120 103  86  68  54  41  27  15  -1  -1]
 [ -1  -1  -1  -1  -1  -1  -1  -1  -1  -1  -1  -1  -1  -1  -1 228 213 204 189  -1 158 143 128 112  98  80  62  49  35  23  12  -1  -1]
 [ -1  -1  -1  -1  -1  -1  -1  -1  -1  -1  -1  -1  -1  -1  -1  -1 197 181 167 152  -1  -1 106  91  72  -1  44  31  -1  -1  -1  -1  -1]
 [ -1  -1  -1  -1  -1  -1  -1  -1  -1  -1  -1  -1  -1  -1  -1  -1  -1 174 159 146 132 116 100  84  66  -1  38  28  17  -1  -1  -1  -1]
 [ -1  -1  -1  -1  -1  -1  -1  -1  -1  -1  -1  -1  -1  -1  -1 182 168 155  -1 125  -1  94  77  60  -1  -1  24  13  -1  -1  -1  -1  -1]
 [ -1  -1  -1  -1  -1  -1  -1  -1  -1  -1  -1  -1  -1  -1  -1  -1 163 148 135  -1  -1  89  70  56  -1  -1  20   8  -1  -1  -1  -1  -1]
 [ -1  -1  -1  -1  -1  -1  -1  -1  -1  -1  -1  -1  -1  -1  -1  -1 142  -1  -1  -1  -1  65  51  39  -1  18   5  -1  -1  -1  -1  -1  -1]
 [ -1  -1  -1  -1  -1  -1  -1  -1  -1  -1  -1  -1  -1  -1  -1  -1  -1  -1  -1  -1  -1  -1  -1  -1  -1  -1   2  -1  -1  -1  -1  -1  -1]]
   -> Island 489 Shape: (2, 2)
[[489 510]
 [500  -1]]
   -> Island 372 Shape: (2, 3)
[[392 372 350]
 [382 361  -1]]
   -> Island 205 Shape: (2, 2)
[[205 190]
 [183  -1]]
   -> Island 69 Shape: (5, 5)
[[ -1  -1  69  85  -1]
 [ -1  73  92  -1  -1]
 [ 64  81  96 110 126]
 [ 87 102 117 130 144]
 [ -1 107  -1  -1  -1]]
[Diag] Wave step complete: Added 119 structural ears.
Wave 9
   -> Island 401 Shape: (9, 4)
[[ -1  -1  -1  -1]
 [ -1  -1 435  -1]
 [ -1  -1 429 417]
 [ -1  -1 408 396]
 [ -1 413 401 385]
 [405 390 376 364]
 [ -1  -1 366 356]
 [ -1 357 346 332]
 [ -1  -1  -1 322]]
   -> Island 141 Shape: (37, 33)
[[ -1  -1  -1  -1  -1  -1  -1  -1  -1  -1  -1  -1  -1  -1  -1  -1  -1  -1  -1  -1  -1  -1  -1  -1  -1  -1  -1  -1  -1  -1  -1  -1  -1]
 [ -1  -1  -1  -1  -1  -1  -1  -1  -1  -1  -1  -1  -1  -1  -1  -1  -1  -1  -1  -1 633 616  -1  -1  -1  -1  -1  -1  -1  -1  -1  -1  -1]
 [ -1  -1  -1  -1  -1  -1  -1  -1  -1  -1  -1  -1  -1  -1  -1  -1  -1  -1  -1 636 618 599 580  -1  -1  -1  -1  -1  -1  -1  -1  -1  -1]
 [ -1  -1  -1  -1  -1  -1  -1  -1  -1  -1  -1  -1  -1  -1  -1  -1  -1  -1 620 601 583 565 549  -1  -1  -1  -1  -1  -1  -1  -1  -1  -1]
 [ -1  -1  -1  -1  -1  -1  -1  -1  -1  -1  -1  -1  -1  -1  -1  -1 639 622 603 585 566  -1 535 513  -1  -1  -1  -1  -1  -1  -1  -1  -1]
 [ -1  -1  -1  -1  -1  -1  -1  -1  -1  -1  -1  -1  -1  -1 637 623 606 586 568 550 536 518 503 490  -1  -1  -1  -1  -1  -1  -1  -1  -1]
 [ -1  -1  -1  -1  -1  -1  -1  -1  -1  -1  -1  -1  -1 638 625 610 588 570 552 537 522  -1 492 480 473  -1  -1  -1  -1  -1  -1  -1  -1]
 [ -1  -1  -1  -1  -1  -1  -1  -1  -1  -1  -1 640 626 607 591 572 553 538 523 506  -1  -1  -1 466 460  -1  -1  -1  -1  -1  -1  -1  -1]
 [ -1  -1  -1  -1  -1  -1  -1  -1  -1  -1 635 624 608 594 573 556  -1 524 511 494 484 476 467  -1  -1 440  -1  -1  -1  -1  -1  -1  -1]
 [ -1  -1  -1  -1  -1  -1  -1  -1 634 621 609 592 575 559 539 525  -1  -1  -1 478 469 462  -1 444 430 419  -1  -1  -1  -1  -1  -1  -1]
 [ -1  -1  -1  -1  -1  -1  -1 631 619 604 593 576 560 540  -1  -1  -1  -1  -1 471 464 455 447 432 422 407 391  -1  -1  -1  -1  -1  -1]
 [ -1  -1  -1  -1  -1 632 617 605 595 577 561 542 526 512  -1  -1  -1  -1  -1 458 449 437 425 411 397 380 362  -1  -1  -1  -1  -1  -1]
 [ -1  -1  -1  -1 630 614 602 589 578 564 546 527 514 502  -1  -1  -1  -1  -1 452 439 428 415 402  -1 370 352 337  -1  -1  -1  -1  -1]
 [ -1  -1 629 615 600 590 579 562 543 529 515  -1 491 482  -1 468  -1  -1 443 431 420  -1 389  -1 358 342 325 311  -1  -1  -1  -1  -1]
 [ -1 628 613 597 587 574 563 547 530 516 504 493  -1 477  -1 463 454 448 434 423 410  -1  -1  -1 348 331 316 303 289  -1  -1  -1  -1]
 [612 598 584 571 557 544 531 517 505 495  -1  -1  -1  -1  -1  -1 436 426 414 400 383  -1  -1  -1  -1 308 293 281 264  -1  -1  -1  -1]
 [ -1 582 569 558 548 532 519 507 496 485 479  -1  -1  -1  -1  -1 427 416 404 388 374  -1 343 327 313 299 287 272 255 235  -1  -1  -1]
 [ -1 554 545 534 520 508 497 486  -1  -1  -1  -1  -1  -1  -1 421  -1 394 378 365 349 333 318 305 291 277 262 245 227 212  -1  -1  -1]
 [ -1  -1 533 521 509 498  -1  -1  -1  -1  -1  -1  -1  -1 424 412 399 384 371 354 339 323 310 296 285 269 253 234 220 199 185  -1  -1]
 [ -1  -1  -1 499  -1  -1  -1  -1  -1  -1  -1  -1  -1  -1 403 386 373 359 344 329 315 301 290 275 260 242 226  -1 191 175 160  -1  -1]
 [ -1  -1  -1  -1  -1  -1  -1  -1  -1  -1  -1  -1  -1  -1 393 377 363  -1 334 320 307 294 283  -1 250 232 218 200 184 169 151 136  -1]
 [ -1  -1  -1  -1  -1  -1  -1  -1  -1  -1  -1  -1  -1 381 369 355 340 324 312 298  -1 274 259 241  -1 207 192 176 161  -1  -1 108  -1]
 [ -1  -1  -1  -1  -1  -1  -1  -1  -1  -1  -1  -1  -1  -1 360 345 330 317 304 292 280 265 249 233 214 198 186 170 153 138 119 101  83]
 [ -1  -1  -1  -1  -1  -1  -1  -1  -1  -1  -1  -1  -1 351 335 321 309 297 286 273 257 240 224  -1 193 177 162 145 129 111  95  74  58]
 [ -1  -1  -1  -1  -1  -1  -1  -1  -1  -1  -1  -1  -1  -1 326 314 302  -1 278  -1 248 231 219 201 187 171 154 139 122  -1  88  67  -1]
 [ -1  -1  -1  -1  -1  -1  -1  -1  -1  -1  -1  -1  -1 319 306 295 284 270 256 239 225 208 194 178 164 147 131 114  97  78  -1  -1  -1]
 [ -1  -1  -1  -1  -1  -1  -1  -1  -1  -1  -1  -1  -1  -1 300 288 276 263 247 230 215 202 188 172 156 140 124  -1  90  71  55  -1  -1]
 [ -1  -1  -1  -1  -1  -1  -1  -1  -1  -1  -1  -1  -1  -1 282 268 254 238  -1 209 195 179 165 149 133 115  99  82  63  50  -1  -1  -1]
 [ -1  -1  -1  -1  -1  -1  -1  -1  -1  -1  -1  -1  -1  -1  -1 261 246 229 216 203  -1 173 157 141 127 109  93  75  59  46  32  19  -1]
 [ -1  -1  -1  -1  -1  -1  -1  -1  -1  -1  -1  -1  -1  -1  -1 237 221 210 196 180 166 150 137 120 103  86  68  54  41  27  15  -1  -1]
 [ -1  -1  -1  -1  -1  -1  -1  -1  -1  -1  -1  -1  -1  -1  -1 228 213 204 189  -1 158 143 128 112  98  80  62  49  35  23  12  -1  -1]
 [ -1  -1  -1  -1  -1  -1  -1  -1  -1  -1  -1  -1  -1  -1  -1  -1 197 181 167 152  -1  -1 106  91  72  -1  44  31  -1  -1  -1  -1  -1]
 [ -1  -1  -1  -1  -1  -1  -1  -1  -1  -1  -1  -1  -1  -1  -1  -1  -1 174 159 146 132 116 100  84  66  -1  38  28  17  -1  -1  -1  -1]
 [ -1  -1  -1  -1  -1  -1  -1  -1  -1  -1  -1  -1  -1  -1  -1 182 168 155  -1 125  -1  94  77  60  -1  -1  24  13  -1  -1  -1  -1  -1]
 [ -1  -1  -1  -1  -1  -1  -1  -1  -1  -1  -1  -1  -1  -1  -1  -1 163 148 135  -1  -1  89  70  56  -1  -1  20   8  -1  -1  -1  -1  -1]
 [ -1  -1  -1  -1  -1  -1  -1  -1  -1  -1  -1  -1  -1  -1  -1  -1 142  -1  -1  -1  -1  65  51  39  -1  18   5  -1  -1  -1  -1  -1  -1]
 [ -1  -1  -1  -1  -1  -1  -1  -1  -1  -1  -1  -1  -1  -1  -1  -1  -1  -1  -1  -1  -1  -1  -1  -1  -1  -1   2  -1  -1  -1  -1  -1  -1]]
   -> Island 489 Shape: (2, 2)
[[489 510]
 [500  -1]]
   -> Island 372 Shape: (2, 3)
[[392 372 350]
 [382 361  -1]]
   -> Island 205 Shape: (2, 2)
[[205 190]
 [183  -1]]
   -> Island 69 Shape: (5, 5)
[[ -1  -1  69  85  -1]
 [ -1  73  92  -1  -1]
 [ 64  81  96 110 126]
 [ 87 102 117 130 144]
 [ -1 107  -1  -1  -1]]
[Diag] Wave step complete: Added 63 structural ears.
Wave 10
   -> Island 401 Shape: (9, 4)
[[ -1  -1  -1  -1]
 [ -1  -1 435  -1]
 [ -1  -1 429 417]
 [ -1  -1 408 396]
 [ -1 413 401 385]
 [405 390 376 364]
 [ -1  -1 366 356]
 [ -1 357 346 332]
 [ -1  -1  -1 322]]
   -> Island 141 Shape: (37, 33)
[[ -1  -1  -1  -1  -1  -1  -1  -1  -1  -1  -1  -1  -1  -1  -1  -1  -1  -1  -1  -1  -1  -1  -1  -1  -1  -1  -1  -1  -1  -1  -1  -1  -1]
 [ -1  -1  -1  -1  -1  -1  -1  -1  -1  -1  -1  -1  -1  -1  -1  -1  -1  -1  -1  -1 633 616  -1  -1  -1  -1  -1  -1  -1  -1  -1  -1  -1]
 [ -1  -1  -1  -1  -1  -1  -1  -1  -1  -1  -1  -1  -1  -1  -1  -1  -1  -1  -1 636 618 599 580  -1  -1  -1  -1  -1  -1  -1  -1  -1  -1]
 [ -1  -1  -1  -1  -1  -1  -1  -1  -1  -1  -1  -1  -1  -1  -1  -1  -1  -1 620 601 583 565 549  -1  -1  -1  -1  -1  -1  -1  -1  -1  -1]
 [ -1  -1  -1  -1  -1  -1  -1  -1  -1  -1  -1  -1  -1  -1  -1  -1 639 622 603 585 566  -1 535 513  -1  -1  -1  -1  -1  -1  -1  -1  -1]
 [ -1  -1  -1  -1  -1  -1  -1  -1  -1  -1  -1  -1  -1  -1 637 623 606 586 568 550 536 518 503 490  -1  -1  -1  -1  -1  -1  -1  -1  -1]
 [ -1  -1  -1  -1  -1  -1  -1  -1  -1  -1  -1  -1  -1 638 625 610 588 570 552 537 522  -1 492 480 473  -1  -1  -1  -1  -1  -1  -1  -1]
 [ -1  -1  -1  -1  -1  -1  -1  -1  -1  -1  -1 640 626 607 591 572 553 538 523 506  -1  -1  -1 466 460  -1  -1  -1  -1  -1  -1  -1  -1]
 [ -1  -1  -1  -1  -1  -1  -1  -1  -1  -1 635 624 608 594 573 556  -1 524 511 494 484 476 467  -1  -1 440  -1  -1  -1  -1  -1  -1  -1]
 [ -1  -1  -1  -1  -1  -1  -1  -1 634 621 609 592 575 559 539 525  -1  -1  -1 478 469 462  -1 444 430 419  -1  -1  -1  -1  -1  -1  -1]
 [ -1  -1  -1  -1  -1  -1  -1 631 619 604 593 576 560 540  -1  -1  -1  -1  -1 471 464 455 447 432 422 407 391  -1  -1  -1  -1  -1  -1]
 [ -1  -1  -1  -1  -1 632 617 605 595 577 561 542 526 512  -1  -1  -1  -1  -1 458 449 437 425 411 397 380 362  -1  -1  -1  -1  -1  -1]
 [ -1  -1  -1  -1 630 614 602 589 578 564 546 527 514 502  -1  -1  -1  -1  -1 452 439 428 415 402  -1 370 352 337  -1  -1  -1  -1  -1]
 [ -1  -1 629 615 600 590 579 562 543 529 515  -1 491 482  -1 468  -1  -1 443 431 420  -1 389  -1 358 342 325 311  -1  -1  -1  -1  -1]
 [ -1 628 613 597 587 574 563 547 530 516 504 493 483 477  -1 463 454 448 434 423 410  -1  -1  -1 348 331 316 303 289  -1  -1  -1  -1]
 [612 598 584 571 557 544 531 517 505 495  -1  -1  -1  -1  -1  -1 436 426 414 400 383  -1  -1  -1  -1 308 293 281 264  -1  -1  -1  -1]
 [596 582 569 558 548 532 519 507 496 485 479  -1  -1  -1  -1  -1 427 416 404 388 374  -1 343 327 313 299 287 272 255 235  -1  -1  -1]
 [567 554 545 534 520 508 497 486  -1  -1  -1  -1  -1  -1  -1 421  -1 394 378 365 349 333 318 305 291 277 262 245 227 212  -1  -1  -1]
 [ -1 541 533 521 509 498  -1  -1  -1  -1  -1  -1  -1  -1 424 412 399 384 371 354 339 323 310 296 285 269 253 234 220 199 185  -1  -1]
 [ -1  -1  -1 499  -1  -1  -1  -1  -1  -1  -1  -1  -1  -1 403 386 373 359 344 329 315 301 290 275 260 242 226  -1 191 175 160  -1  -1]
 [ -1  -1  -1  -1  -1  -1  -1  -1  -1  -1  -1  -1  -1  -1 393 377 363  -1 334 320 307 294 283  -1 250 232 218 200 184 169 151 136  -1]
 [ -1  -1  -1  -1  -1  -1  -1  -1  -1  -1  -1  -1  -1 381 369 355 340 324 312 298  -1 274 259 241  -1 207 192 176 161  -1  -1 108  -1]
 [ -1  -1  -1  -1  -1  -1  -1  -1  -1  -1  -1  -1  -1  -1 360 345 330 317 304 292 280 265 249 233 214 198 186 170 153 138 119 101  83]
 [ -1  -1  -1  -1  -1  -1  -1  -1  -1  -1  -1  -1  -1 351 335 321 309 297 286 273 257 240 224  -1 193 177 162 145 129 111  95  74  58]
 [ -1  -1  -1  -1  -1  -1  -1  -1  -1  -1  -1  -1  -1  -1 326 314 302  -1 278  -1 248 231 219 201 187 171 154 139 122  -1  88  67  -1]
 [ -1  -1  -1  -1  -1  -1  -1  -1  -1  -1  -1  -1  -1 319 306 295 284 270 256 239 225 208 194 178 164 147 131 114  97  78  -1  -1  -1]
 [ -1  -1  -1  -1  -1  -1  -1  -1  -1  -1  -1  -1  -1  -1 300 288 276 263 247 230 215 202 188 172 156 140 124  -1  90  71  55  -1  -1]
 [ -1  -1  -1  -1  -1  -1  -1  -1  -1  -1  -1  -1  -1  -1 282 268 254 238  -1 209 195 179 165 149 133 115  99  82  63  50  -1  -1  -1]
 [ -1  -1  -1  -1  -1  -1  -1  -1  -1  -1  -1  -1  -1  -1  -1 261 246 229 216 203  -1 173 157 141 127 109  93  75  59  46  32  19  -1]
 [ -1  -1  -1  -1  -1  -1  -1  -1  -1  -1  -1  -1  -1  -1  -1 237 221 210 196 180 166 150 137 120 103  86  68  54  41  27  15  -1  -1]
 [ -1  -1  -1  -1  -1  -1  -1  -1  -1  -1  -1  -1  -1  -1  -1 228 213 204 189  -1 158 143 128 112  98  80  62  49  35  23  12  -1  -1]
 [ -1  -1  -1  -1  -1  -1  -1  -1  -1  -1  -1  -1  -1  -1  -1  -1 197 181 167 152  -1  -1 106  91  72  -1  44  31  -1  -1  -1  -1  -1]
 [ -1  -1  -1  -1  -1  -1  -1  -1  -1  -1  -1  -1  -1  -1  -1  -1  -1 174 159 146 132 116 100  84  66  -1  38  28  17  -1  -1  -1  -1]
 [ -1  -1  -1  -1  -1  -1  -1  -1  -1  -1  -1  -1  -1  -1  -1 182 168 155  -1 125  -1  94  77  60  -1  -1  24  13  -1  -1  -1  -1  -1]
 [ -1  -1  -1  -1  -1  -1  -1  -1  -1  -1  -1  -1  -1  -1  -1  -1 163 148 135  -1  -1  89  70  56  -1  -1  20   8  -1  -1  -1  -1  -1]
 [ -1  -1  -1  -1  -1  -1  -1  -1  -1  -1  -1  -1  -1  -1  -1  -1 142  -1  -1  -1  -1  65  51  39  -1  18   5  -1  -1  -1  -1  -1  -1]
 [ -1  -1  -1  -1  -1  -1  -1  -1  -1  -1  -1  -1  -1  -1  -1  -1  -1  -1  -1  -1  -1  -1  -1  -1  -1  -1   2  -1  -1  -1  -1  -1  -1]]
   -> Island 489 Shape: (2, 2)
[[489 510]
 [500  -1]]
   -> Island 372 Shape: (2, 3)
[[392 372 350]
 [382 361  -1]]
   -> Island 205 Shape: (2, 2)
[[205 190]
 [183  -1]]
   -> Island 69 Shape: (5, 5)
[[ -1  -1  69  85  -1]
 [ -1  73  92  -1  -1]
 [ 64  81  96 110 126]
 [ 87 102 117 130 144]
 [ -1 107  -1  -1  -1]]
[Diag] Wave step complete: Added 27 structural ears.
Wave 11
   -> Island 401 Shape: (9, 4)
[[ -1  -1  -1  -1]
 [ -1  -1 435  -1]
 [ -1  -1 429 417]
 [ -1  -1 408 396]
 [ -1 413 401 385]
 [405 390 376 364]
 [ -1  -1 366 356]
 [ -1 357 346 332]
 [ -1  -1  -1 322]]
   -> Island 141 Shape: (37, 34)
[[ -1  -1  -1  -1  -1  -1  -1  -1  -1  -1  -1  -1  -1  -1  -1  -1  -1  -1  -1  -1  -1  -1  -1  -1  -1  -1  -1  -1  -1  -1  -1  -1  -1  -1]
 [ -1  -1  -1  -1  -1  -1  -1  -1  -1  -1  -1  -1  -1  -1  -1  -1  -1  -1  -1  -1  -1 633 616  -1  -1  -1  -1  -1  -1  -1  -1  -1  -1  -1]
 [ -1  -1  -1  -1  -1  -1  -1  -1  -1  -1  -1  -1  -1  -1  -1  -1  -1  -1  -1  -1 636 618 599 580  -1  -1  -1  -1  -1  -1  -1  -1  -1  -1]
 [ -1  -1  -1  -1  -1  -1  -1  -1  -1  -1  -1  -1  -1  -1  -1  -1  -1  -1  -1 620 601 583 565 549  -1  -1  -1  -1  -1  -1  -1  -1  -1  -1]
 [ -1  -1  -1  -1  -1  -1  -1  -1  -1  -1  -1  -1  -1  -1  -1  -1  -1 639 622 603 585 566  -1 535 513  -1  -1  -1  -1  -1  -1  -1  -1  -1]
 [ -1  -1  -1  -1  -1  -1  -1  -1  -1  -1  -1  -1  -1  -1  -1 637 623 606 586 568 550 536 518 503 490  -1  -1  -1  -1  -1  -1  -1  -1  -1]
 [ -1  -1  -1  -1  -1  -1  -1  -1  -1  -1  -1  -1  -1  -1 638 625 610 588 570 552 537 522  -1 492 480 473  -1  -1  -1  -1  -1  -1  -1  -1]
 [ -1  -1  -1  -1  -1  -1  -1  -1  -1  -1  -1  -1 640 626 607 591 572 553 538 523 506  -1  -1  -1 466 460  -1  -1  -1  -1  -1  -1  -1  -1]
 [ -1  -1  -1  -1  -1  -1  -1  -1  -1  -1  -1 635 624 608 594 573 556  -1 524 511 494 484 476 467  -1  -1 440  -1  -1  -1  -1  -1  -1  -1]
 [ -1  -1  -1  -1  -1  -1  -1  -1  -1 634 621 609 592 575 559 539 525  -1  -1  -1 478 469 462  -1 444 430 419  -1  -1  -1  -1  -1  -1  -1]
 [ -1  -1  -1  -1  -1  -1  -1  -1 631 619 604 593 576 560 540  -1  -1  -1  -1  -1 471 464 455 447 432 422 407 391  -1  -1  -1  -1  -1  -1]
 [ -1  -1  -1  -1  -1  -1 632 617 605 595 577 561 542 526 512  -1  -1  -1  -1  -1 458 449 437 425 411 397 380 362  -1  -1  -1  -1  -1  -1]
 [ -1  -1  -1  -1  -1 630 614 602 589 578 564 546 527 514 502  -1  -1  -1  -1  -1 452 439 428 415 402  -1 370 352 337  -1  -1  -1  -1  -1]
 [ -1  -1  -1 629 615 600 590 579 562 543 529 515  -1 491 482  -1 468  -1  -1 443 431 420  -1 389  -1 358 342 325 311  -1  -1  -1  -1  -1]
 [ -1  -1 628 613 597 587 574 563 547 530 516 504 493 483 477  -1 463 454 448 434 423 410  -1  -1  -1 348 331 316 303 289  -1  -1  -1  -1]
 [627 612 598 584 571 557 544 531 517 505 495  -1  -1 470  -1  -1  -1 436 426 414 400 383  -1  -1 338  -1 308 293 281 264  -1  -1  -1  -1]
 [ -1 596 582 569 558 548 532 519 507 496 485 479  -1  -1  -1  -1  -1 427 416 404 388 374  -1 343 327 313 299 287 272 255 235  -1  -1  -1]
 [ -1 567 554 545 534 520 508 497 486  -1  -1  -1  -1  -1  -1  -1 421  -1 394 378 365 349 333 318 305 291 277 262 245 227 212  -1  -1  -1]
 [ -1  -1 541 533 521 509 498  -1  -1  -1  -1  -1  -1  -1  -1 424 412 399 384 371 354 339 323 310 296 285 269 253 234 220 199 185  -1  -1]
 [ -1  -1  -1  -1 499  -1  -1  -1  -1  -1  -1  -1  -1  -1  -1 403 386 373 359 344 329 315 301 290 275 260 242 226  -1 191 175 160  -1  -1]
 [ -1  -1  -1  -1  -1  -1  -1  -1  -1  -1  -1  -1  -1  -1  -1 393 377 363  -1 334 320 307 294 283  -1 250 232 218 200 184 169 151 136  -1]
 [ -1  -1  -1  -1  -1  -1  -1  -1  -1  -1  -1  -1  -1  -1 381 369 355 340 324 312 298  -1 274 259 241  -1 207 192 176 161  -1  -1 108  -1]
 [ -1  -1  -1  -1  -1  -1  -1  -1  -1  -1  -1  -1  -1  -1  -1 360 345 330 317 304 292 280 265 249 233 214 198 186 170 153 138 119 101  83]
 [ -1  -1  -1  -1  -1  -1  -1  -1  -1  -1  -1  -1  -1  -1 351 335 321 309 297 286 273 257 240 224  -1 193 177 162 145 129 111  95  74  58]
 [ -1  -1  -1  -1  -1  -1  -1  -1  -1  -1  -1  -1  -1  -1  -1 326 314 302  -1 278  -1 248 231 219 201 187 171 154 139 122  -1  88  67  -1]
 [ -1  -1  -1  -1  -1  -1  -1  -1  -1  -1  -1  -1  -1  -1 319 306 295 284 270 256 239 225 208 194 178 164 147 131 114  97  78  -1  -1  -1]
 [ -1  -1  -1  -1  -1  -1  -1  -1  -1  -1  -1  -1  -1  -1  -1 300 288 276 263 247 230 215 202 188 172 156 140 124  -1  90  71  55  -1  -1]
 [ -1  -1  -1  -1  -1  -1  -1  -1  -1  -1  -1  -1  -1  -1  -1 282 268 254 238  -1 209 195 179 165 149 133 115  99  82  63  50  -1  -1  -1]
 [ -1  -1  -1  -1  -1  -1  -1  -1  -1  -1  -1  -1  -1  -1  -1  -1 261 246 229 216 203  -1 173 157 141 127 109  93  75  59  46  32  19  -1]
 [ -1  -1  -1  -1  -1  -1  -1  -1  -1  -1  -1  -1  -1  -1  -1  -1 237 221 210 196 180 166 150 137 120 103  86  68  54  41  27  15  -1  -1]
 [ -1  -1  -1  -1  -1  -1  -1  -1  -1  -1  -1  -1  -1  -1  -1  -1 228 213 204 189  -1 158 143 128 112  98  80  62  49  35  23  12  -1  -1]
 [ -1  -1  -1  -1  -1  -1  -1  -1  -1  -1  -1  -1  -1  -1  -1  -1  -1 197 181 167 152  -1  -1 106  91  72  -1  44  31  -1  -1  -1  -1  -1]
 [ -1  -1  -1  -1  -1  -1  -1  -1  -1  -1  -1  -1  -1  -1  -1  -1  -1  -1 174 159 146 132 116 100  84  66  -1  38  28  17  -1  -1  -1  -1]
 [ -1  -1  -1  -1  -1  -1  -1  -1  -1  -1  -1  -1  -1  -1  -1  -1 182 168 155  -1 125  -1  94  77  60  -1  -1  24  13  -1  -1  -1  -1  -1]
 [ -1  -1  -1  -1  -1  -1  -1  -1  -1  -1  -1  -1  -1  -1  -1  -1  -1 163 148 135  -1  -1  89  70  56  -1  -1  20   8  -1  -1  -1  -1  -1]
 [ -1  -1  -1  -1  -1  -1  -1  -1  -1  -1  -1  -1  -1  -1  -1  -1  -1 142  -1  -1  -1  -1  65  51  39  -1  18   5  -1  -1  -1  -1  -1  -1]
 [ -1  -1  -1  -1  -1  -1  -1  -1  -1  -1  -1  -1  -1  -1  -1  -1  -1  -1  -1  -1  -1  -1  -1  -1  -1  -1  -1   2  -1  -1  -1  -1  -1  -1]]
   -> Island 489 Shape: (2, 2)
[[489 510]
 [500  -1]]
   -> Island 372 Shape: (2, 3)
[[392 372 350]
 [382 361  -1]]
   -> Island 205 Shape: (2, 2)
[[205 190]
 [183  -1]]
   -> Island 69 Shape: (5, 5)
[[ -1  -1  69  85  -1]
 [ -1  73  92  -1  -1]
 [ 64  81  96 110 126]
 [ 87 102 117 130 144]
 [ -1 107  -1  -1  -1]]
[Diag] Wave step complete: Added 10 structural ears.
Wave 12
   -> Island 401 Shape: (9, 4)
[[ -1  -1  -1  -1]
 [ -1  -1 435  -1]
 [ -1  -1 429 417]
 [ -1  -1 408 396]
 [ -1 413 401 385]
 [405 390 376 364]
 [ -1  -1 366 356]
 [ -1 357 346 332]
 [ -1  -1  -1 322]]
   -> Island 141 Shape: (37, 34)
[[ -1  -1  -1  -1  -1  -1  -1  -1  -1  -1  -1  -1  -1  -1  -1  -1  -1  -1  -1  -1  -1  -1  -1  -1  -1  -1  -1  -1  -1  -1  -1  -1  -1  -1]
 [ -1  -1  -1  -1  -1  -1  -1  -1  -1  -1  -1  -1  -1  -1  -1  -1  -1  -1  -1  -1  -1 633 616  -1  -1  -1  -1  -1  -1  -1  -1  -1  -1  -1]
 [ -1  -1  -1  -1  -1  -1  -1  -1  -1  -1  -1  -1  -1  -1  -1  -1  -1  -1  -1  -1 636 618 599 580  -1  -1  -1  -1  -1  -1  -1  -1  -1  -1]
 [ -1  -1  -1  -1  -1  -1  -1  -1  -1  -1  -1  -1  -1  -1  -1  -1  -1  -1  -1 620 601 583 565 549  -1  -1  -1  -1  -1  -1  -1  -1  -1  -1]
 [ -1  -1  -1  -1  -1  -1  -1  -1  -1  -1  -1  -1  -1  -1  -1  -1  -1 639 622 603 585 566  -1 535 513  -1  -1  -1  -1  -1  -1  -1  -1  -1]
 [ -1  -1  -1  -1  -1  -1  -1  -1  -1  -1  -1  -1  -1  -1  -1 637 623 606 586 568 550 536 518 503 490  -1  -1  -1  -1  -1  -1  -1  -1  -1]
 [ -1  -1  -1  -1  -1  -1  -1  -1  -1  -1  -1  -1  -1  -1 638 625 610 588 570 552 537 522  -1 492 480 473  -1  -1  -1  -1  -1  -1  -1  -1]
 [ -1  -1  -1  -1  -1  -1  -1  -1  -1  -1  -1  -1 640 626 607 591 572 553 538 523 506  -1  -1  -1 466 460  -1  -1  -1  -1  -1  -1  -1  -1]
 [ -1  -1  -1  -1  -1  -1  -1  -1  -1  -1  -1 635 624 608 594 573 556  -1 524 511 494 484 476 467  -1  -1 440  -1  -1  -1  -1  -1  -1  -1]
 [ -1  -1  -1  -1  -1  -1  -1  -1  -1 634 621 609 592 575 559 539 525  -1  -1  -1 478 469 462  -1 444 430 419  -1  -1  -1  -1  -1  -1  -1]
 [ -1  -1  -1  -1  -1  -1  -1  -1 631 619 604 593 576 560 540  -1  -1  -1  -1  -1 471 464 455 447 432 422 407 391  -1  -1  -1  -1  -1  -1]
 [ -1  -1  -1  -1  -1  -1 632 617 605 595 577 561 542 526 512  -1  -1  -1  -1  -1 458 449 437 425 411 397 380 362  -1  -1  -1  -1  -1  -1]
 [ -1  -1  -1  -1  -1 630 614 602 589 578 564 546 527 514 502  -1  -1  -1  -1  -1 452 439 428 415 402  -1 370 352 337  -1  -1  -1  -1  -1]
 [ -1  -1  -1 629 615 600 590 579 562 543 529 515  -1 491 482  -1 468  -1  -1 443 431 420  -1 389  -1 358 342 325 311  -1  -1  -1  -1  -1]
 [ -1  -1 628 613 597 587 574 563 547 530 516 504 493 483 477  -1 463 454 448 434 423 410  -1  -1  -1 348 331 316 303 289  -1  -1  -1  -1]
 [627 612 598 584 571 557 544 531 517 505 495  -1  -1 470  -1  -1  -1 436 426 414 400 383  -1  -1 338  -1 308 293 281 264  -1  -1  -1  -1]
 [611 596 582 569 558 548 532 519 507 496 485 479  -1  -1  -1  -1  -1 427 416 404 388 374  -1 343 327 313 299 287 272 255 235  -1  -1  -1]
 [581 567 554 545 534 520 508 497 486  -1  -1  -1  -1  -1  -1  -1 421  -1 394 378 365 349 333 318 305 291 277 262 245 227 212  -1  -1  -1]
 [ -1 555 541 533 521 509 498  -1  -1  -1  -1  -1  -1  -1  -1 424 412 399 384 371 354 339 323 310 296 285 269 253 234 220 199 185  -1  -1]
 [ -1  -1  -1  -1 499  -1  -1  -1  -1  -1  -1  -1  -1  -1  -1 403 386 373 359 344 329 315 301 290 275 260 242 226  -1 191 175 160  -1  -1]
 [ -1  -1  -1  -1  -1  -1  -1  -1  -1  -1  -1  -1  -1  -1  -1 393 377 363  -1 334 320 307 294 283  -1 250 232 218 200 184 169 151 136  -1]
 [ -1  -1  -1  -1  -1  -1  -1  -1  -1  -1  -1  -1  -1  -1 381 369 355 340 324 312 298  -1 274 259 241  -1 207 192 176 161  -1  -1 108  -1]
 [ -1  -1  -1  -1  -1  -1  -1  -1  -1  -1  -1  -1  -1  -1  -1 360 345 330 317 304 292 280 265 249 233 214 198 186 170 153 138 119 101  83]
 [ -1  -1  -1  -1  -1  -1  -1  -1  -1  -1  -1  -1  -1  -1 351 335 321 309 297 286 273 257 240 224  -1 193 177 162 145 129 111  95  74  58]
 [ -1  -1  -1  -1  -1  -1  -1  -1  -1  -1  -1  -1  -1  -1  -1 326 314 302  -1 278  -1 248 231 219 201 187 171 154 139 122  -1  88  67  -1]
 [ -1  -1  -1  -1  -1  -1  -1  -1  -1  -1  -1  -1  -1  -1 319 306 295 284 270 256 239 225 208 194 178 164 147 131 114  97  78  -1  -1  -1]
 [ -1  -1  -1  -1  -1  -1  -1  -1  -1  -1  -1  -1  -1  -1  -1 300 288 276 263 247 230 215 202 188 172 156 140 124  -1  90  71  55  -1  -1]
 [ -1  -1  -1  -1  -1  -1  -1  -1  -1  -1  -1  -1  -1  -1  -1 282 268 254 238  -1 209 195 179 165 149 133 115  99  82  63  50  -1  -1  -1]
 [ -1  -1  -1  -1  -1  -1  -1  -1  -1  -1  -1  -1  -1  -1  -1  -1 261 246 229 216 203  -1 173 157 141 127 109  93  75  59  46  32  19  -1]
 [ -1  -1  -1  -1  -1  -1  -1  -1  -1  -1  -1  -1  -1  -1  -1  -1 237 221 210 196 180 166 150 137 120 103  86  68  54  41  27  15  -1  -1]
 [ -1  -1  -1  -1  -1  -1  -1  -1  -1  -1  -1  -1  -1  -1  -1  -1 228 213 204 189  -1 158 143 128 112  98  80  62  49  35  23  12  -1  -1]
 [ -1  -1  -1  -1  -1  -1  -1  -1  -1  -1  -1  -1  -1  -1  -1  -1  -1 197 181 167 152  -1  -1 106  91  72  -1  44  31  -1  -1  -1  -1  -1]
 [ -1  -1  -1  -1  -1  -1  -1  -1  -1  -1  -1  -1  -1  -1  -1  -1  -1  -1 174 159 146 132 116 100  84  66  -1  38  28  17  -1  -1  -1  -1]
 [ -1  -1  -1  -1  -1  -1  -1  -1  -1  -1  -1  -1  -1  -1  -1  -1 182 168 155  -1 125  -1  94  77  60  -1  -1  24  13  -1  -1  -1  -1  -1]
 [ -1  -1  -1  -1  -1  -1  -1  -1  -1  -1  -1  -1  -1  -1  -1  -1  -1 163 148 135  -1  -1  89  70  56  -1  -1  20   8  -1  -1  -1  -1  -1]
 [ -1  -1  -1  -1  -1  -1  -1  -1  -1  -1  -1  -1  -1  -1  -1  -1  -1 142  -1  -1  -1  -1  65  51  39  -1  18   5  -1  -1  -1  -1  -1  -1]
 [ -1  -1  -1  -1  -1  -1  -1  -1  -1  -1  -1  -1  -1  -1  -1  -1  -1  -1  -1  -1  -1  -1  -1  -1  -1  -1  -1   2  -1  -1  -1  -1  -1  -1]]
   -> Island 489 Shape: (2, 2)
[[489 510]
 [500  -1]]
   -> Island 372 Shape: (2, 3)
[[392 372 350]
 [382 361  -1]]
   -> Island 205 Shape: (2, 2)
[[205 190]
 [183  -1]]
   -> Island 69 Shape: (5, 5)
[[ -1  -1  69  85  -1]
 [ -1  73  92  -1  -1]
 [ 64  81  96 110 126]
 [ 87 102 117 130 144]
 [ -1 107  -1  -1  -1]]
[Diag] Wave step complete: Added 8 structural ears.
Wave 13
   -> Island 401 Shape: (9, 4)
[[ -1  -1  -1  -1]
 [ -1  -1 435  -1]
 [ -1  -1 429 417]
 [ -1  -1 408 396]
 [ -1 413 401 385]
 [405 390 376 364]
 [ -1  -1 366 356]
 [ -1 357 346 332]
 [ -1  -1  -1 322]]
   -> Island 141 Shape: (37, 34)
[[ -1  -1  -1  -1  -1  -1  -1  -1  -1  -1  -1  -1  -1  -1  -1  -1  -1  -1  -1  -1  -1  -1  -1  -1  -1  -1  -1  -1  -1  -1  -1  -1  -1  -1]
 [ -1  -1  -1  -1  -1  -1  -1  -1  -1  -1  -1  -1  -1  -1  -1  -1  -1  -1  -1  -1  -1 633 616  -1  -1  -1  -1  -1  -1  -1  -1  -1  -1  -1]
 [ -1  -1  -1  -1  -1  -1  -1  -1  -1  -1  -1  -1  -1  -1  -1  -1  -1  -1  -1  -1 636 618 599 580  -1  -1  -1  -1  -1  -1  -1  -1  -1  -1]
 [ -1  -1  -1  -1  -1  -1  -1  -1  -1  -1  -1  -1  -1  -1  -1  -1  -1  -1  -1 620 601 583 565 549  -1  -1  -1  -1  -1  -1  -1  -1  -1  -1]
 [ -1  -1  -1  -1  -1  -1  -1  -1  -1  -1  -1  -1  -1  -1  -1  -1  -1 639 622 603 585 566  -1 535 513  -1  -1  -1  -1  -1  -1  -1  -1  -1]
 [ -1  -1  -1  -1  -1  -1  -1  -1  -1  -1  -1  -1  -1  -1  -1 637 623 606 586 568 550 536 518 503 490  -1  -1  -1  -1  -1  -1  -1  -1  -1]
 [ -1  -1  -1  -1  -1  -1  -1  -1  -1  -1  -1  -1  -1  -1 638 625 610 588 570 552 537 522  -1 492 480 473  -1  -1  -1  -1  -1  -1  -1  -1]
 [ -1  -1  -1  -1  -1  -1  -1  -1  -1  -1  -1  -1 640 626 607 591 572 553 538 523 506  -1  -1  -1 466 460  -1  -1  -1  -1  -1  -1  -1  -1]
 [ -1  -1  -1  -1  -1  -1  -1  -1  -1  -1  -1 635 624 608 594 573 556  -1 524 511 494 484 476 467  -1  -1 440  -1  -1  -1  -1  -1  -1  -1]
 [ -1  -1  -1  -1  -1  -1  -1  -1  -1 634 621 609 592 575 559 539 525  -1  -1  -1 478 469 462  -1 444 430 419  -1  -1  -1  -1  -1  -1  -1]
 [ -1  -1  -1  -1  -1  -1  -1  -1 631 619 604 593 576 560 540  -1  -1  -1  -1  -1 471 464 455 447 432 422 407 391  -1  -1  -1  -1  -1  -1]
 [ -1  -1  -1  -1  -1  -1 632 617 605 595 577 561 542 526 512  -1  -1  -1  -1  -1 458 449 437 425 411 397 380 362  -1  -1  -1  -1  -1  -1]
 [ -1  -1  -1  -1  -1 630 614 602 589 578 564 546 527 514 502  -1  -1  -1  -1  -1 452 439 428 415 402  -1 370 352 337  -1  -1  -1  -1  -1]
 [ -1  -1  -1 629 615 600 590 579 562 543 529 515  -1 491 482  -1 468  -1  -1 443 431 420  -1 389  -1 358 342 325 311  -1  -1  -1  -1  -1]
 [ -1  -1 628 613 597 587 574 563 547 530 516 504 493 483 477  -1 463 454 448 434 423 410  -1  -1  -1 348 331 316 303 289  -1  -1  -1  -1]
 [627 612 598 584 571 557 544 531 517 505 495  -1  -1 470  -1  -1  -1 436 426 414 400 383  -1  -1 338  -1 308 293 281 264  -1  -1  -1  -1]
 [611 596 582 569 558 548 532 519 507 496 485 479  -1  -1  -1  -1  -1 427 416 404 388 374  -1 343 327 313 299 287 272 255 235  -1  -1  -1]
 [581 567 554 545 534 520 508 497 486  -1  -1  -1  -1  -1  -1  -1 421  -1 394 378 365 349 333 318 305 291 277 262 245 227 212  -1  -1  -1]
 [ -1 555 541 533 521 509 498  -1  -1  -1  -1  -1  -1  -1  -1 424 412 399 384 371 354 339 323 310 296 285 269 253 234 220 199 185  -1  -1]
 [ -1 528  -1  -1 499  -1  -1  -1  -1  -1  -1  -1  -1  -1  -1 403 386 373 359 344 329 315 301 290 275 260 242 226  -1 191 175 160  -1  -1]
 [ -1  -1  -1  -1  -1  -1  -1  -1  -1  -1  -1  -1  -1  -1  -1 393 377 363  -1 334 320 307 294 283  -1 250 232 218 200 184 169 151 136  -1]
 [ -1  -1  -1  -1  -1  -1  -1  -1  -1  -1  -1  -1  -1  -1 381 369 355 340 324 312 298  -1 274 259 241  -1 207 192 176 161  -1  -1 108  -1]
 [ -1  -1  -1  -1  -1  -1  -1  -1  -1  -1  -1  -1  -1  -1  -1 360 345 330 317 304 292 280 265 249 233 214 198 186 170 153 138 119 101  83]
 [ -1  -1  -1  -1  -1  -1  -1  -1  -1  -1  -1  -1  -1  -1 351 335 321 309 297 286 273 257 240 224  -1 193 177 162 145 129 111  95  74  58]
 [ -1  -1  -1  -1  -1  -1  -1  -1  -1  -1  -1  -1  -1  -1  -1 326 314 302  -1 278  -1 248 231 219 201 187 171 154 139 122  -1  88  67  -1]
 [ -1  -1  -1  -1  -1  -1  -1  -1  -1  -1  -1  -1  -1  -1 319 306 295 284 270 256 239 225 208 194 178 164 147 131 114  97  78  -1  -1  -1]
 [ -1  -1  -1  -1  -1  -1  -1  -1  -1  -1  -1  -1  -1  -1  -1 300 288 276 263 247 230 215 202 188 172 156 140 124  -1  90  71  55  -1  -1]
 [ -1  -1  -1  -1  -1  -1  -1  -1  -1  -1  -1  -1  -1  -1  -1 282 268 254 238  -1 209 195 179 165 149 133 115  99  82  63  50  -1  -1  -1]
 [ -1  -1  -1  -1  -1  -1  -1  -1  -1  -1  -1  -1  -1  -1  -1  -1 261 246 229 216 203  -1 173 157 141 127 109  93  75  59  46  32  19  -1]
 [ -1  -1  -1  -1  -1  -1  -1  -1  -1  -1  -1  -1  -1  -1  -1  -1 237 221 210 196 180 166 150 137 120 103  86  68  54  41  27  15  -1  -1]
 [ -1  -1  -1  -1  -1  -1  -1  -1  -1  -1  -1  -1  -1  -1  -1  -1 228 213 204 189  -1 158 143 128 112  98  80  62  49  35  23  12  -1  -1]
 [ -1  -1  -1  -1  -1  -1  -1  -1  -1  -1  -1  -1  -1  -1  -1  -1  -1 197 181 167 152  -1  -1 106  91  72  -1  44  31  -1  -1  -1  -1  -1]
 [ -1  -1  -1  -1  -1  -1  -1  -1  -1  -1  -1  -1  -1  -1  -1  -1  -1  -1 174 159 146 132 116 100  84  66  -1  38  28  17  -1  -1  -1  -1]
 [ -1  -1  -1  -1  -1  -1  -1  -1  -1  -1  -1  -1  -1  -1  -1  -1 182 168 155  -1 125  -1  94  77  60  -1  -1  24  13  -1  -1  -1  -1  -1]
 [ -1  -1  -1  -1  -1  -1  -1  -1  -1  -1  -1  -1  -1  -1  -1  -1  -1 163 148 135  -1  -1  89  70  56  -1  -1  20   8  -1  -1  -1  -1  -1]
 [ -1  -1  -1  -1  -1  -1  -1  -1  -1  -1  -1  -1  -1  -1  -1  -1  -1 142  -1  -1  -1  -1  65  51  39  -1  18   5  -1  -1  -1  -1  -1  -1]
 [ -1  -1  -1  -1  -1  -1  -1  -1  -1  -1  -1  -1  -1  -1  -1  -1  -1  -1  -1  -1  -1  -1  -1  -1  -1  -1  -1   2  -1  -1  -1  -1  -1  -1]]
   -> Island 489 Shape: (2, 2)
[[489 510]
 [500  -1]]
   -> Island 372 Shape: (2, 3)
[[392 372 350]
 [382 361  -1]]
   -> Island 205 Shape: (2, 2)
[[205 190]
 [183  -1]]
   -> Island 69 Shape: (5, 5)
[[ -1  -1  69  85  -1]
 [ -1  73  92  -1  -1]
 [ 64  81  96 110 126]
 [ 87 102 117 130 144]
 [ -1 107  -1  -1  -1]]
[Diag] Wave step complete: Added 4 structural ears.
Wave 14
   -> Island 401 Shape: (9, 4)
[[ -1  -1  -1  -1]
 [ -1  -1 435  -1]
 [ -1  -1 429 417]
 [ -1  -1 408 396]
 [ -1 413 401 385]
 [405 390 376 364]
 [ -1  -1 366 356]
 [ -1 357 346 332]
 [ -1  -1  -1 322]]
   -> Island 141 Shape: (37, 34)
[[ -1  -1  -1  -1  -1  -1  -1  -1  -1  -1  -1  -1  -1  -1  -1  -1  -1  -1  -1  -1  -1  -1  -1  -1  -1  -1  -1  -1  -1  -1  -1  -1  -1  -1]
 [ -1  -1  -1  -1  -1  -1  -1  -1  -1  -1  -1  -1  -1  -1  -1  -1  -1  -1  -1  -1  -1 633 616  -1  -1  -1  -1  -1  -1  -1  -1  -1  -1  -1]
 [ -1  -1  -1  -1  -1  -1  -1  -1  -1  -1  -1  -1  -1  -1  -1  -1  -1  -1  -1  -1 636 618 599 580  -1  -1  -1  -1  -1  -1  -1  -1  -1  -1]
 [ -1  -1  -1  -1  -1  -1  -1  -1  -1  -1  -1  -1  -1  -1  -1  -1  -1  -1  -1 620 601 583 565 549  -1  -1  -1  -1  -1  -1  -1  -1  -1  -1]
 [ -1  -1  -1  -1  -1  -1  -1  -1  -1  -1  -1  -1  -1  -1  -1  -1  -1 639 622 603 585 566  -1 535 513  -1  -1  -1  -1  -1  -1  -1  -1  -1]
 [ -1  -1  -1  -1  -1  -1  -1  -1  -1  -1  -1  -1  -1  -1  -1 637 623 606 586 568 550 536 518 503 490  -1  -1  -1  -1  -1  -1  -1  -1  -1]
 [ -1  -1  -1  -1  -1  -1  -1  -1  -1  -1  -1  -1  -1  -1 638 625 610 588 570 552 537 522  -1 492 480 473  -1  -1  -1  -1  -1  -1  -1  -1]
 [ -1  -1  -1  -1  -1  -1  -1  -1  -1  -1  -1  -1 640 626 607 591 572 553 538 523 506  -1  -1  -1 466 460  -1  -1  -1  -1  -1  -1  -1  -1]
 [ -1  -1  -1  -1  -1  -1  -1  -1  -1  -1  -1 635 624 608 594 573 556  -1 524 511 494 484 476 467  -1  -1 440  -1  -1  -1  -1  -1  -1  -1]
 [ -1  -1  -1  -1  -1  -1  -1  -1  -1 634 621 609 592 575 559 539 525  -1  -1  -1 478 469 462  -1 444 430 419  -1  -1  -1  -1  -1  -1  -1]
 [ -1  -1  -1  -1  -1  -1  -1  -1 631 619 604 593 576 560 540  -1  -1  -1  -1  -1 471 464 455 447 432 422 407 391  -1  -1  -1  -1  -1  -1]
 [ -1  -1  -1  -1  -1  -1 632 617 605 595 577 561 542 526 512  -1  -1  -1  -1  -1 458 449 437 425 411 397 380 362  -1  -1  -1  -1  -1  -1]
 [ -1  -1  -1  -1  -1 630 614 602 589 578 564 546 527 514 502  -1  -1  -1  -1  -1 452 439 428 415 402  -1 370 352 337  -1  -1  -1  -1  -1]
 [ -1  -1  -1 629 615 600 590 579 562 543 529 515  -1 491 482  -1 468  -1  -1 443 431 420  -1 389  -1 358 342 325 311  -1  -1  -1  -1  -1]
 [ -1  -1 628 613 597 587 574 563 547 530 516 504 493 483 477  -1 463 454 448 434 423 410  -1  -1  -1 348 331 316 303 289  -1  -1  -1  -1]
 [627 612 598 584 571 557 544 531 517 505 495  -1  -1 470  -1  -1  -1 436 426 414 400 383  -1  -1 338  -1 308 293 281 264  -1  -1  -1  -1]
 [611 596 582 569 558 548 532 519 507 496 485 479  -1  -1  -1  -1  -1 427 416 404 388 374  -1 343 327 313 299 287 272 255 235  -1  -1  -1]
 [581 567 554 545 534 520 508 497 486  -1  -1  -1  -1  -1  -1  -1 421  -1 394 378 365 349 333 318 305 291 277 262 245 227 212  -1  -1  -1]
 [ -1 555 541 533 521 509 498  -1  -1  -1  -1  -1  -1  -1  -1 424 412 399 384 371 354 339 323 310 296 285 269 253 234 220 199 185  -1  -1]
 [ -1 528  -1  -1 499  -1  -1  -1  -1  -1  -1  -1  -1  -1  -1 403 386 373 359 344 329 315 301 290 275 260 242 226  -1 191 175 160  -1  -1]
 [ -1  -1  -1  -1  -1  -1  -1  -1  -1  -1  -1  -1  -1  -1  -1 393 377 363  -1 334 320 307 294 283  -1 250 232 218 200 184 169 151 136  -1]
 [ -1  -1  -1  -1  -1  -1  -1  -1  -1  -1  -1  -1  -1  -1 381 369 355 340 324 312 298  -1 274 259 241  -1 207 192 176 161  -1  -1 108  -1]
 [ -1  -1  -1  -1  -1  -1  -1  -1  -1  -1  -1  -1  -1  -1  -1 360 345 330 317 304 292 280 265 249 233 214 198 186 170 153 138 119 101  83]
 [ -1  -1  -1  -1  -1  -1  -1  -1  -1  -1  -1  -1  -1  -1 351 335 321 309 297 286 273 257 240 224  -1 193 177 162 145 129 111  95  74  58]
 [ -1  -1  -1  -1  -1  -1  -1  -1  -1  -1  -1  -1  -1  -1  -1 326 314 302  -1 278  -1 248 231 219 201 187 171 154 139 122  -1  88  67  -1]
 [ -1  -1  -1  -1  -1  -1  -1  -1  -1  -1  -1  -1  -1  -1 319 306 295 284 270 256 239 225 208 194 178 164 147 131 114  97  78  -1  -1  -1]
 [ -1  -1  -1  -1  -1  -1  -1  -1  -1  -1  -1  -1  -1  -1  -1 300 288 276 263 247 230 215 202 188 172 156 140 124  -1  90  71  55  -1  -1]
 [ -1  -1  -1  -1  -1  -1  -1  -1  -1  -1  -1  -1  -1  -1  -1 282 268 254 238  -1 209 195 179 165 149 133 115  99  82  63  50  -1  -1  -1]
 [ -1  -1  -1  -1  -1  -1  -1  -1  -1  -1  -1  -1  -1  -1  -1  -1 261 246 229 216 203  -1 173 157 141 127 109  93  75  59  46  32  19  -1]
 [ -1  -1  -1  -1  -1  -1  -1  -1  -1  -1  -1  -1  -1  -1  -1  -1 237 221 210 196 180 166 150 137 120 103  86  68  54  41  27  15  -1  -1]
 [ -1  -1  -1  -1  -1  -1  -1  -1  -1  -1  -1  -1  -1  -1  -1  -1 228 213 204 189  -1 158 143 128 112  98  80  62  49  35  23  12  -1  -1]
 [ -1  -1  -1  -1  -1  -1  -1  -1  -1  -1  -1  -1  -1  -1  -1  -1  -1 197 181 167 152  -1  -1 106  91  72  -1  44  31  -1  -1  -1  -1  -1]
 [ -1  -1  -1  -1  -1  -1  -1  -1  -1  -1  -1  -1  -1  -1  -1  -1  -1  -1 174 159 146 132 116 100  84  66  -1  38  28  17  -1  -1  -1  -1]
 [ -1  -1  -1  -1  -1  -1  -1  -1  -1  -1  -1  -1  -1  -1  -1  -1 182 168 155  -1 125  -1  94  77  60  -1  -1  24  13  -1  -1  -1  -1  -1]
 [ -1  -1  -1  -1  -1  -1  -1  -1  -1  -1  -1  -1  -1  -1  -1  -1  -1 163 148 135  -1  -1  89  70  56  -1  -1  20   8  -1  -1  -1  -1  -1]
 [ -1  -1  -1  -1  -1  -1  -1  -1  -1  -1  -1  -1  -1  -1  -1  -1  -1 142  -1  -1  -1  -1  65  51  39  -1  18   5  -1  -1  -1  -1  -1  -1]
 [ -1  -1  -1  -1  -1  -1  -1  -1  -1  -1  -1  -1  -1  -1  -1  -1  -1  -1  -1  -1  -1  -1  -1  -1  -1  -1  -1   2  -1  -1  -1  -1  -1  -1]]
   -> Island 489 Shape: (2, 2)
[[489 510]
 [500  -1]]
   -> Island 372 Shape: (2, 3)
[[392 372 350]
 [382 361  -1]]
   -> Island 205 Shape: (2, 2)
[[205 190]
 [183  -1]]
   -> Island 69 Shape: (5, 5)
[[ -1  -1  69  85  -1]
 [ -1  73  92  -1  -1]
 [ 64  81  96 110 126]
 [ 87 102 117 130 144]
 [ -1 107  -1  -1  -1]]
[Diag] Wave step complete: Added 3 structural ears.
Wave 15
   -> Island 401 Shape: (9, 4)
[[ -1  -1  -1  -1]
 [ -1  -1 435  -1]
 [ -1  -1 429 417]
 [ -1  -1 408 396]
 [ -1 413 401 385]
 [405 390 376 364]
 [ -1  -1 366 356]
 [ -1 357 346 332]
 [ -1  -1  -1 322]]
   -> Island 141 Shape: (37, 34)
[[ -1  -1  -1  -1  -1  -1  -1  -1  -1  -1  -1  -1  -1  -1  -1  -1  -1  -1  -1  -1  -1  -1  -1  -1  -1  -1  -1  -1  -1  -1  -1  -1  -1  -1]
 [ -1  -1  -1  -1  -1  -1  -1  -1  -1  -1  -1  -1  -1  -1  -1  -1  -1  -1  -1  -1  -1 633 616  -1  -1  -1  -1  -1  -1  -1  -1  -1  -1  -1]
 [ -1  -1  -1  -1  -1  -1  -1  -1  -1  -1  -1  -1  -1  -1  -1  -1  -1  -1  -1  -1 636 618 599 580  -1  -1  -1  -1  -1  -1  -1  -1  -1  -1]
 [ -1  -1  -1  -1  -1  -1  -1  -1  -1  -1  -1  -1  -1  -1  -1  -1  -1  -1  -1 620 601 583 565 549  -1  -1  -1  -1  -1  -1  -1  -1  -1  -1]
 [ -1  -1  -1  -1  -1  -1  -1  -1  -1  -1  -1  -1  -1  -1  -1  -1  -1 639 622 603 585 566  -1 535 513  -1  -1  -1  -1  -1  -1  -1  -1  -1]
 [ -1  -1  -1  -1  -1  -1  -1  -1  -1  -1  -1  -1  -1  -1  -1 637 623 606 586 568 550 536 518 503 490  -1  -1  -1  -1  -1  -1  -1  -1  -1]
 [ -1  -1  -1  -1  -1  -1  -1  -1  -1  -1  -1  -1  -1  -1 638 625 610 588 570 552 537 522  -1 492 480 473  -1  -1  -1  -1  -1  -1  -1  -1]
 [ -1  -1  -1  -1  -1  -1  -1  -1  -1  -1  -1  -1 640 626 607 591 572 553 538 523 506  -1  -1  -1 466 460  -1  -1  -1  -1  -1  -1  -1  -1]
 [ -1  -1  -1  -1  -1  -1  -1  -1  -1  -1  -1 635 624 608 594 573 556  -1 524 511 494 484 476 467  -1  -1 440  -1  -1  -1  -1  -1  -1  -1]
 [ -1  -1  -1  -1  -1  -1  -1  -1  -1 634 621 609 592 575 559 539 525  -1  -1  -1 478 469 462  -1 444 430 419  -1  -1  -1  -1  -1  -1  -1]
 [ -1  -1  -1  -1  -1  -1  -1  -1 631 619 604 593 576 560 540  -1  -1  -1  -1  -1 471 464 455 447 432 422 407 391  -1  -1  -1  -1  -1  -1]
 [ -1  -1  -1  -1  -1  -1 632 617 605 595 577 561 542 526 512  -1  -1  -1  -1  -1 458 449 437 425 411 397 380 362  -1  -1  -1  -1  -1  -1]
 [ -1  -1  -1  -1  -1 630 614 602 589 578 564 546 527 514 502  -1  -1  -1  -1  -1 452 439 428 415 402  -1 370 352 337  -1  -1  -1  -1  -1]
 [ -1  -1  -1 629 615 600 590 579 562 543 529 515  -1 491 482  -1 468  -1  -1 443 431 420  -1 389  -1 358 342 325 311  -1  -1  -1  -1  -1]
 [ -1  -1 628 613 597 587 574 563 547 530 516 504 493 483 477  -1 463 454 448 434 423 410  -1  -1  -1 348 331 316 303 289  -1  -1  -1  -1]
 [627 612 598 584 571 557 544 531 517 505 495  -1  -1 470  -1  -1  -1 436 426 414 400 383  -1  -1 338  -1 308 293 281 264  -1  -1  -1  -1]
 [611 596 582 569 558 548 532 519 507 496 485 479  -1  -1  -1  -1  -1 427 416 404 388 374  -1 343 327 313 299 287 272 255 235  -1  -1  -1]
 [581 567 554 545 534 520 508 497 486  -1  -1  -1  -1  -1  -1  -1 421  -1 394 378 365 349 333 318 305 291 277 262 245 227 212  -1  -1  -1]
 [ -1 555 541 533 521 509 498  -1  -1  -1  -1  -1  -1  -1  -1 424 412 399 384 371 354 339 323 310 296 285 269 253 234 220 199 185  -1  -1]
 [ -1 528  -1  -1 499  -1  -1  -1  -1  -1  -1  -1  -1  -1  -1 403 386 373 359 344 329 315 301 290 275 260 242 226  -1 191 175 160  -1  -1]
 [ -1  -1  -1  -1  -1  -1  -1  -1  -1  -1  -1  -1  -1  -1  -1 393 377 363  -1 334 320 307 294 283  -1 250 232 218 200 184 169 151 136  -1]
 [ -1  -1  -1  -1  -1  -1  -1  -1  -1  -1  -1  -1  -1  -1 381 369 355 340 324 312 298  -1 274 259 241  -1 207 192 176 161  -1  -1 108  -1]
 [ -1  -1  -1  -1  -1  -1  -1  -1  -1  -1  -1  -1  -1  -1  -1 360 345 330 317 304 292 280 265 249 233 214 198 186 170 153 138 119 101  83]
 [ -1  -1  -1  -1  -1  -1  -1  -1  -1  -1  -1  -1  -1  -1 351 335 321 309 297 286 273 257 240 224  -1 193 177 162 145 129 111  95  74  58]
 [ -1  -1  -1  -1  -1  -1  -1  -1  -1  -1  -1  -1  -1  -1  -1 326 314 302  -1 278  -1 248 231 219 201 187 171 154 139 122  -1  88  67  -1]
 [ -1  -1  -1  -1  -1  -1  -1  -1  -1  -1  -1  -1  -1  -1 319 306 295 284 270 256 239 225 208 194 178 164 147 131 114  97  78  -1  -1  -1]
 [ -1  -1  -1  -1  -1  -1  -1  -1  -1  -1  -1  -1  -1  -1  -1 300 288 276 263 247 230 215 202 188 172 156 140 124  -1  90  71  55  -1  -1]
 [ -1  -1  -1  -1  -1  -1  -1  -1  -1  -1  -1  -1  -1  -1  -1 282 268 254 238  -1 209 195 179 165 149 133 115  99  82  63  50  -1  -1  -1]
 [ -1  -1  -1  -1  -1  -1  -1  -1  -1  -1  -1  -1  -1  -1  -1  -1 261 246 229 216 203  -1 173 157 141 127 109  93  75  59  46  32  19  -1]
 [ -1  -1  -1  -1  -1  -1  -1  -1  -1  -1  -1  -1  -1  -1  -1  -1 237 221 210 196 180 166 150 137 120 103  86  68  54  41  27  15  -1  -1]
 [ -1  -1  -1  -1  -1  -1  -1  -1  -1  -1  -1  -1  -1  -1  -1  -1 228 213 204 189  -1 158 143 128 112  98  80  62  49  35  23  12  -1  -1]
 [ -1  -1  -1  -1  -1  -1  -1  -1  -1  -1  -1  -1  -1  -1  -1  -1  -1 197 181 167 152  -1  -1 106  91  72  -1  44  31  -1  -1  -1  -1  -1]
 [ -1  -1  -1  -1  -1  -1  -1  -1  -1  -1  -1  -1  -1  -1  -1  -1  -1  -1 174 159 146 132 116 100  84  66  -1  38  28  17  -1  -1  -1  -1]
 [ -1  -1  -1  -1  -1  -1  -1  -1  -1  -1  -1  -1  -1  -1  -1  -1 182 168 155  -1 125  -1  94  77  60  -1  -1  24  13  -1  -1  -1  -1  -1]
 [ -1  -1  -1  -1  -1  -1  -1  -1  -1  -1  -1  -1  -1  -1  -1  -1  -1 163 148 135  -1  -1  89  70  56  -1  -1  20   8  -1  -1  -1  -1  -1]
 [ -1  -1  -1  -1  -1  -1  -1  -1  -1  -1  -1  -1  -1  -1  -1  -1  -1 142  -1  -1  -1  -1  65  51  39  -1  18   5  -1  -1  -1  -1  -1  -1]
 [ -1  -1  -1  -1  -1  -1  -1  -1  -1  -1  -1  -1  -1  -1  -1  -1  -1  -1  -1  -1  -1  -1  -1  -1  -1  -1  -1   2  -1  -1  -1  -1  -1  -1]]
   -> Island 489 Shape: (2, 2)
[[489 510]
 [500  -1]]
   -> Island 372 Shape: (2, 3)
[[392 372 350]
 [382 361  -1]]
   -> Island 205 Shape: (2, 2)
[[205 190]
 [183  -1]]
   -> Island 69 Shape: (5, 5)
[[ -1  -1  69  85  -1]
 [ -1  73  92  -1  -1]
 [ 64  81  96 110 126]
 [ 87 102 117 130 144]
 [ -1 107  -1  -1  -1]]
[Diag] Wave step complete: Added 1 structural ears.
   -> Island 401 Shape: (9, 4)
[[ -1  -1  -1  -1]
 [ -1  -1 435  -1]
 [ -1  -1 429 417]
 [ -1  -1 408 396]
 [ -1 413 401 385]
 [405 390 376 364]
 [ -1  -1 366 356]
 [ -1 357 346 332]
 [ -1  -1  -1 322]]
   -> Island 141 Shape: (37, 34)
[[ -1  -1  -1  -1  -1  -1  -1  -1  -1  -1  -1  -1  -1  -1  -1  -1  -1  -1  -1  -1  -1  -1  -1  -1  -1  -1  -1  -1  -1  -1  -1  -1  -1  -1]
 [ -1  -1  -1  -1  -1  -1  -1  -1  -1  -1  -1  -1  -1  -1  -1  -1  -1  -1  -1  -1  -1 633 616  -1  -1  -1  -1  -1  -1  -1  -1  -1  -1  -1]
 [ -1  -1  -1  -1  -1  -1  -1  -1  -1  -1  -1  -1  -1  -1  -1  -1  -1  -1  -1  -1 636 618 599 580  -1  -1  -1  -1  -1  -1  -1  -1  -1  -1]
 [ -1  -1  -1  -1  -1  -1  -1  -1  -1  -1  -1  -1  -1  -1  -1  -1  -1  -1  -1 620 601 583 565 549  -1  -1  -1  -1  -1  -1  -1  -1  -1  -1]
 [ -1  -1  -1  -1  -1  -1  -1  -1  -1  -1  -1  -1  -1  -1  -1  -1  -1 639 622 603 585 566  -1 535 513  -1  -1  -1  -1  -1  -1  -1  -1  -1]
 [ -1  -1  -1  -1  -1  -1  -1  -1  -1  -1  -1  -1  -1  -1  -1 637 623 606 586 568 550 536 518 503 490  -1  -1  -1  -1  -1  -1  -1  -1  -1]
 [ -1  -1  -1  -1  -1  -1  -1  -1  -1  -1  -1  -1  -1  -1 638 625 610 588 570 552 537 522  -1 492 480 473  -1  -1  -1  -1  -1  -1  -1  -1]
 [ -1  -1  -1  -1  -1  -1  -1  -1  -1  -1  -1  -1 640 626 607 591 572 553 538 523 506  -1  -1  -1 466 460  -1  -1  -1  -1  -1  -1  -1  -1]
 [ -1  -1  -1  -1  -1  -1  -1  -1  -1  -1  -1 635 624 608 594 573 556  -1 524 511 494 484 476 467  -1  -1 440  -1  -1  -1  -1  -1  -1  -1]
 [ -1  -1  -1  -1  -1  -1  -1  -1  -1 634 621 609 592 575 559 539 525  -1  -1  -1 478 469 462  -1 444 430 419  -1  -1  -1  -1  -1  -1  -1]
 [ -1  -1  -1  -1  -1  -1  -1  -1 631 619 604 593 576 560 540  -1  -1  -1  -1  -1 471 464 455 447 432 422 407 391  -1  -1  -1  -1  -1  -1]
 [ -1  -1  -1  -1  -1  -1 632 617 605 595 577 561 542 526 512  -1  -1  -1  -1  -1 458 449 437 425 411 397 380 362  -1  -1  -1  -1  -1  -1]
 [ -1  -1  -1  -1  -1 630 614 602 589 578 564 546 527 514 502  -1  -1  -1  -1  -1 452 439 428 415 402  -1 370 352 337  -1  -1  -1  -1  -1]
 [ -1  -1  -1 629 615 600 590 579 562 543 529 515  -1 491 482  -1 468  -1  -1 443 431 420  -1 389  -1 358 342 325 311  -1  -1  -1  -1  -1]
 [ -1  -1 628 613 597 587 574 563 547 530 516 504 493 483 477  -1 463 454 448 434 423 410  -1  -1  -1 348 331 316 303 289  -1  -1  -1  -1]
 [627 612 598 584 571 557 544 531 517 505 495  -1  -1 470  -1  -1  -1 436 426 414 400 383  -1  -1 338  -1 308 293 281 264  -1  -1  -1  -1]
 [611 596 582 569 558 548 532 519 507 496 485 479  -1  -1  -1  -1  -1 427 416 404 388 374  -1 343 327 313 299 287 272 255 235  -1  -1  -1]
 [581 567 554 545 534 520 508 497 486  -1  -1  -1  -1  -1  -1  -1 421  -1 394 378 365 349 333 318 305 291 277 262 245 227 212  -1  -1  -1]
 [ -1 555 541 533 521 509 498  -1  -1  -1  -1  -1  -1  -1  -1 424 412 399 384 371 354 339 323 310 296 285 269 253 234 220 199 185  -1  -1]
 [ -1 528  -1  -1 499  -1  -1  -1  -1  -1  -1  -1  -1  -1  -1 403 386 373 359 344 329 315 301 290 275 260 242 226  -1 191 175 160  -1  -1]
 [ -1  -1  -1  -1  -1  -1  -1  -1  -1  -1  -1  -1  -1  -1  -1 393 377 363  -1 334 320 307 294 283  -1 250 232 218 200 184 169 151 136  -1]
 [ -1  -1  -1  -1  -1  -1  -1  -1  -1  -1  -1  -1  -1  -1 381 369 355 340 324 312 298  -1 274 259 241  -1 207 192 176 161  -1  -1 108  -1]
 [ -1  -1  -1  -1  -1  -1  -1  -1  -1  -1  -1  -1  -1  -1  -1 360 345 330 317 304 292 280 265 249 233 214 198 186 170 153 138 119 101  83]
 [ -1  -1  -1  -1  -1  -1  -1  -1  -1  -1  -1  -1  -1  -1 351 335 321 309 297 286 273 257 240 224  -1 193 177 162 145 129 111  95  74  58]
 [ -1  -1  -1  -1  -1  -1  -1  -1  -1  -1  -1  -1  -1  -1  -1 326 314 302  -1 278  -1 248 231 219 201 187 171 154 139 122  -1  88  67  -1]
 [ -1  -1  -1  -1  -1  -1  -1  -1  -1  -1  -1  -1  -1  -1 319 306 295 284 270 256 239 225 208 194 178 164 147 131 114  97  78  -1  -1  -1]
 [ -1  -1  -1  -1  -1  -1  -1  -1  -1  -1  -1  -1  -1  -1  -1 300 288 276 263 247 230 215 202 188 172 156 140 124  -1  90  71  55  -1  -1]
 [ -1  -1  -1  -1  -1  -1  -1  -1  -1  -1  -1  -1  -1  -1  -1 282 268 254 238  -1 209 195 179 165 149 133 115  99  82  63  50  -1  -1  -1]
 [ -1  -1  -1  -1  -1  -1  -1  -1  -1  -1  -1  -1  -1  -1  -1  -1 261 246 229 216 203  -1 173 157 141 127 109  93  75  59  46  32  19  -1]
 [ -1  -1  -1  -1  -1  -1  -1  -1  -1  -1  -1  -1  -1  -1  -1  -1 237 221 210 196 180 166 150 137 120 103  86  68  54  41  27  15  -1  -1]
 [ -1  -1  -1  -1  -1  -1  -1  -1  -1  -1  -1  -1  -1  -1  -1  -1 228 213 204 189  -1 158 143 128 112  98  80  62  49  35  23  12  -1  -1]
 [ -1  -1  -1  -1  -1  -1  -1  -1  -1  -1  -1  -1  -1  -1  -1  -1  -1 197 181 167 152  -1  -1 106  91  72  -1  44  31  -1  -1  -1  -1  -1]
 [ -1  -1  -1  -1  -1  -1  -1  -1  -1  -1  -1  -1  -1  -1  -1  -1  -1  -1 174 159 146 132 116 100  84  66  -1  38  28  17  -1  -1  -1  -1]
 [ -1  -1  -1  -1  -1  -1  -1  -1  -1  -1  -1  -1  -1  -1  -1  -1 182 168 155  -1 125  -1  94  77  60  -1  -1  24  13  -1  -1  -1  -1  -1]
 [ -1  -1  -1  -1  -1  -1  -1  -1  -1  -1  -1  -1  -1  -1  -1  -1  -1 163 148 135  -1  -1  89  70  56  -1  -1  20   8  -1  -1  -1  -1  -1]
 [ -1  -1  -1  -1  -1  -1  -1  -1  -1  -1  -1  -1  -1  -1  -1  -1  -1 142  -1  -1  -1  -1  65  51  39  -1  18   5  -1  -1  -1  -1  -1  -1]
 [ -1  -1  -1  -1  -1  -1  -1  -1  -1  -1  -1  -1  -1  -1  -1  -1  -1  -1  -1  -1  -1  -1  -1  -1  -1  -1  -1   2  -1  -1  -1  -1  -1  -1]]
   -> Island 489 Shape: (2, 2)
[[489 510]
 [500  -1]]
   -> Island 372 Shape: (2, 3)
[[392 372 350]
 [382 361  -1]]
   -> Island 205 Shape: (2, 2)
[[205 190]
 [183  -1]]
   -> Island 69 Shape: (5, 5)
[[ -1  -1  69  85  -1]
 [ -1  73  92  -1  -1]
 [ 64  81  96 110 126]
 [ 87 102 117 130 144]
 [ -1 107  -1  -1  -1]]
[+] Success! Generated 6 individual grid matrix islands.
row: 9, col 9, length: 18
valid_mask: [1 1 1 1 1 0 0 0 0 0 0 1 0 0 1 1]
patch:
 [[ 1  1  0  0  1  1  1  1 -1 -1 -1  1  1  1 -1  0  0  1]
 [ 1  0  0  1  1  0 -1 -1 -1 -1 -1  1  1  0  1  1  1  0]]
row: 10, col 8, length: 20
valid_mask: [1 1 1 1 1 0 0 0 0 0 0 0 1 1 1 1 1 1]
patch:
 [[ 0  1  0  0  1  1  0 -1 -1 -1 -1 -1  1  1  0  1  1  1  0  0]
 [ 0  1  1  1  1  0  1 -1 -1 -1 -1 -1  1  0  1  0  1  1  1  0]]
row: 11, col 5, length: 23
valid_mask: [1 1 1 1 1 1 1 1 0 0 0 0 0 0 0 1 1 1 1 0 0]
patch:
 [[-1  1  1  0  1  1  1  1  0  1 -1 -1 -1 -1 -1  1  0  1  0  1  1  1  0]
 [ 1  1  0  0  0  1  1  1  1  1 -1 -1 -1 -1 -1  1  1  0  0  0 -1  1  0]]
Hor:  {'origin_stream_phase': 22, 'recovered_sequence': [0, 0, 1, 0, 1, 0, 1, 1, 0, 1, 0, 0, 0, 0, 1, 1, 0, 0, 1, 0, 0], 'errors_corrected': [17, 18], 'missing_gaps': array([ 8,  9, 10, 11, 12, 13, 14, 19, 20], dtype=int64), 'status': 'Corrected bit flip at index [17, 18] via syndrome projection', 'direction_key': 'V_reverse'}
Vert:  {'origin_stream_phase': 5, 'recovered_sequence': [1, 1, 1, 1, 1, 0, 0, 1, 1, 0, 1, 0, 0, 1, 0, 0, 0, 0, 1, 0, 1, 0], 'errors_corrected': [15, 17], 'missing_gaps': array([ 0,  9, 10, 11, 12, 13, 14, 19, 20], dtype=int64), 'status': 'Corrected bit flip at index [15, 17] via syndrome projection', 'direction_key': 'U_forward'}
[Warning] Consistency check failed. Skip
row: 12, col 4, length: 25
valid_mask: [1 1 1 1 1 1 1 0 0 0 0 0 0 0 0 1 1 0 0 0 0 1 1]
patch:
 [[-1  1  1  0  0  0  1  1  1  1  1 -1 -1 -1 -1 -1  1  1  0  0  0 -1  1  0  1]
 [ 0  1  1  1  0  0  1  1 -1  0  1 -1  0 -1 -1  1  0  1 -1  0 -1  1  0  1  0]]
row: 13, col 3, length: 26
valid_mask: [1 1 1 1 1 1 1 0 0 1 0 0 0 0 0 1 1 0 0 0 0 0 1 1]
patch:
 [[ 0  0  1  1  1  0  0  1  1 -1  0  1 -1  0 -1 -1  1  0  1 -1  0 -1  1  0  1  0]
 [ 1  0  0  0  0  1  1  1  1  1  0  1 -1  0  0  0  1  1  0 -1 -1 -1  1  0  1  0]]
Hor:  {'origin_stream_phase': 5, 'recovered_sequence': [0, 0, 0, 1, 1, 1, 0, 0, 1, 1, 0, 1, 1, 1, 1, 1, 0, 1, 0, 0, 0, 1, 0, 0], 'errors_corrected': [9, 15, 16], 'missing_gaps': array([ 7,  8, 10, 11, 12, 13, 14, 17, 18, 19, 20, 21], dtype=int64), 'status': 'Corrected bit flip at index [9, 15, 16] via syndrome projection', 'direction_key': 'W_forward'}
Vert:  {'origin_stream_phase': 19, 'recovered_sequence': [1, 1, 0, 0, 0, 1, 0, 1, 0, 1, 1, 0, 1, 0, 0, 0, 0, 1, 1, 0, 0, 1, 0, 0, 1], 'errors_corrected': [5, 6, 7, 10, 16, 17, 24], 'missing_gaps': array([ 8,  9, 11, 12, 13, 14, 15, 18, 19, 20, 21], dtype=int64), 'status': 'Corrected bit flip at index [5, 6, 7, 10, 16, 17, 24] via syndrome projection', 'direction_key': 'V_reverse'}
[Warning] Consistency check failed. Skip
row: 14, col 2, length: 28
valid_mask: [1 1 1 1 1 1 1 1 0 0 0 0 0 0 0 1 1 1 0 0 0 0 0 0 1 1]
patch:
 [[ 0  1  0  0  0  0  1  1  1  1  1  0  1 -1  0  0  0  1  1  0 -1 -1 -1  1  0  1  0  1]
 [ 0  1  1  1  0  1  1  1  1 -1 -1  1 -1 -1 -1  1  1  0  1  0 -1 -1  0 -1  1  1  0  0]]
row: 15, col 1, length: 29
valid_mask: [1 1 1 1 1 1 1 1 0 0 0 0 0 0 0 0 1 1 1 0 0 0 0 0 1 1 1]
patch:
 [[ 0  0  1  1  1  0  1  1  1  1 -1 -1  1 -1 -1 -1  1  1  0  1  0 -1 -1  0 -1  1  1  0  0]
 [ 1  0  1  0  1  0  1  0  1  1  1 -1 -1 -1 -1 -1  1  1  1  1  1 -1  0  0  0  1  0  1  1]]
row: 16, col 0, length: 31
valid_mask: [1 1 1 1 1 1 1 1 0 0 0 0 0 0 0 0 0 0 1 1 0 0 1 1 1 1 1 1 1]
patch:
 [[ 1  1  0  1  0  1  0  1  0  1  1  1 -1 -1 -1 -1 -1  1  1  1  1  1 -1  0  0  0  1  0  1  1  0]
 [ 0  0  0  1  1  0  0  1  1 -1 -1 -1 -1 -1 -1 -1  0 -1  1  0  1  1  0  0  1  1  0  1  1  0  1]]
row: 17, col 1, length: 30
valid_mask: [1 1 1 1 1 0 0 0 0 0 0 0 0 0 0 0 1 1 1 1 1 1 1 1 1 1 1 1]
patch:
 [[ 0  0  1  1  0  0  1  1 -1 -1 -1 -1 -1 -1 -1  0 -1  1  0  1  1  0  0  1  1  0  1  1  0  1]
 [ 1  1  0  1  1  0 -1 -1 -1 -1 -1 -1 -1 -1  1  0  0  1  1  1  0  1  0  1  1  0  1  1  0  1]]
row: 18, col 0, length: 32
valid_mask: [0 0 0 0 0 0 0 0 0 0 0 0 0 0 0 1 1 1 1 1 1 1 1 1 1 1 1 0 0 1]
patch:
 [[-1  1  1  0  1  1  0 -1 -1 -1 -1 -1 -1 -1 -1  1  0  0  1  1  1  0  1  0  1  1  0  1  1  0  1  1]
 [-1  0 -1 -1  0 -1 -1 -1 -1 -1 -1 -1 -1 -1 -1  0  1  1  0  1  0  1  1  0  1  0  0  0 -1  0  0  1]]
row: 19, col 15, length: 17
valid_mask: [1 1 0 0 1 1 1 1 0 0 1 0 0 1 1]
patch:
 [[ 0  1  1  0  1  0  1  1  0  1  0  0  0 -1  0  0  1]
 [ 1  1  1 -1  1  1  1  0  0 -1  0  1  0  1  0  0  1]]
row: 20, col 14, length: 19
valid_mask: [1 1 0 0 1 1 0 0 0 0 0 0 1 1 1 0 0]
patch:
 [[-1  1  1  1 -1  1  1  1  0  0 -1  0  1  0  1  0  0  1  1]
 [ 0  0  0  1  0  1  0 -1  1  1  0 -1  1  1  0  0 -1 -1  1]]
row: 21, col 15, length: 18
valid_mask: [1 1 1 1 0 0 1 1 0 0 1 1 1 0 0 0]
patch:
 [[ 0  0  1  0  1  0 -1  1  1  0 -1  1  1  0  0 -1 -1  1]
 [ 0  0  0  0  0  1  0  0  0  0  1  1  0  0  0  1  1  1]]
row: 22, col 14, length: 20
valid_mask: [1 1 1 1 1 1 1 1 1 0 0 1 1 1 1 1 1 1]
patch:
 [[-1  0  0  0  0  0  1  0  0  0  0  1  1  0  0  0  1  1  1  0]
 [ 1  0  1  1  0  1  0  1  1  1 -1  1  0  1  0  1  1  1  0  1]]
row: 23, col 15, length: 18
valid_mask: [1 1 0 0 0 0 1 0 0 1 1 1 1 1 0 0]
patch:
 [[ 0  1  1  0  1  0  1  1  1 -1  1  0  1  0  1  1  1  0]
 [ 1  0  1 -1  1 -1  1  0  0  0  1  0  1  1  1 -1  1  0]]
row: 24, col 14, length: 16
valid_mask: [1 1 0 0 0 0 1 1 1 1 1 1 1 1]
patch:
 [[-1  1  0  1 -1  1 -1  1  0  0  0  1  0  1  1  1]
 [ 1  0  0  0  1  0  1  1  0  0  1  1  0  0  1  0]]
Hor:  {'origin_stream_phase': 22, 'recovered_sequence': [0, 1, 0, 1, 0, 1, 1, 1, 0, 1, 1, 0, 0, 0], 'errors_corrected': [9, 13], 'missing_gaps': array([2, 3, 4, 5], dtype=int64), 'status': 'Corrected bit flip at index [9, 13] via syndrome projection', 'direction_key': 'U_forward'}
Vert:  {'origin_stream_phase': 3, 'recovered_sequence': [1, 0, 0, 0, 1, 0, 1, 1, 1, 1, 1, 0, 1, 1, 0], 'errors_corrected': [1, 2, 7, 8, 14], 'missing_gaps': array([0, 3, 4, 5, 6], dtype=int64), 'status': 'Corrected bit flip at index [1, 2, 7, 8, 14] via syndrome projection', 'direction_key': 'W_reverse'}
[Warning] Consistency check failed. Skip
Hor:  {'origin_stream_phase': 10, 'recovered_sequence': [0, 1, 0, 0, 1, 0, 1, 1, 0, 0, 1, 1, 1, 1], 'errors_corrected': [11, 12], 'missing_gaps': array([2, 3, 4, 5], dtype=int64), 'status': 'Corrected bit flip at index [11, 12] via syndrome projection', 'direction_key': 'U_reverse'}
Vert:  {'origin_stream_phase': 4, 'recovered_sequence': [0, 0, 0, 0, 1, 1, 1, 0, 0, 1, 1, 0, 1, 1, 1], 'errors_corrected': [1, 2], 'missing_gaps': array([0, 3, 4, 5, 6], dtype=int64), 'status': 'Corrected bit flip at index [1, 2] via syndrome projection', 'direction_key': 'W_forward'}
[Warning] Consistency check failed. Skip
Hor:  {'origin_stream_phase': 30, 'recovered_sequence': [0, 1, 0, 0, 0, 0, 1, 1, 0, 0, 1, 0, 0, 1], 'errors_corrected': [], 'missing_gaps': array([2, 3, 4, 5], dtype=int64), 'status': 'Corrected bit flip at index [] via syndrome projection', 'direction_key': 'V_reverse'}
Vert:  {'origin_stream_phase': 3, 'recovered_sequence': [0, 0, 1, 1, 1, 1, 1, 0, 0, 1, 1, 0, 1, 0, 0], 'errors_corrected': [1, 13, 14], 'missing_gaps': array([0, 3, 4, 5, 6], dtype=int64), 'status': 'Corrected bit flip at index [1, 13, 14] via syndrome projection', 'direction_key': 'U_forward'}
[Warning] Consistency check failed. Skip
Hor:  {'origin_stream_phase': 12, 'recovered_sequence': [0, 1, 1, 0, 1, 1, 1, 1, 1, 0, 1, 0, 0, 0], 'errors_corrected': [8, 13], 'missing_gaps': array([2, 3, 4, 5], dtype=int64), 'status': 'Corrected bit flip at index [8, 13] via syndrome projection', 'direction_key': 'W_forward'}
Vert:  {'origin_stream_phase': 19, 'recovered_sequence': [1, 1, 0, 0, 0, 1, 0, 1, 0, 1, 1, 0, 1, 0, 0], 'errors_corrected': [2, 7, 13, 14], 'missing_gaps': array([0, 3, 4, 5, 6], dtype=int64), 'status': 'Corrected bit flip at index [2, 7, 13, 14] via syndrome projection', 'direction_key': 'V_reverse'}
[Warning] Consistency check failed. Skip
row: 25, col 15, length: 16
valid_mask: [1 1 1 1 1 1 1 1 1 1 1 1 0 0]
patch:
 [[ 0  0  0  1  0  1  1  0  0  1  1  0  0  1  0  0]
 [ 0  1  0  1  1  1  0  1  1  0  0  0  0 -1  1  1]]
row: 26, col 14, length: 17
valid_mask: [0 1 1 1 0 0 1 1 1 1 1 1 0 0 1]
patch:
 [[-1  0  1  0  1  1  1  0  1  1  0  0  0  0 -1  1  1]
 [-1  0  0  1  0 -1  1  0  0  0  0  0  1  0  0  0  1]]
row: 27, col 15, length: 16
valid_mask: [0 1 0 0 1 0 0 1 1 1 1 1 1 1]
patch:
 [[ 0  0  1  0 -1  1  0  0  0  0  0  1  0  0  0  1]
 [-1  1  1  1  0  1 -1  0  1  0  0  1  1  1  1  0]]
Hor:  {'origin_stream_phase': 0, 'recovered_sequence': [1, 1, 0, 0, 0, 1, 1, 1, 1, 1, 0, 0, 1, 1], 'errors_corrected': [12], 'missing_gaps': array([0, 2, 3, 5, 6], dtype=int64), 'status': 'Corrected bit flip at index [12] via syndrome projection', 'direction_key': 'U_forward'}
Vert:  {'origin_stream_phase': 8, 'recovered_sequence': [0, 1, 1, 1, 1, 1, 0, 1, 1, 0, 0, 1, 1, 1, 0], 'errors_corrected': [12, 13], 'missing_gaps': array([0, 3, 4, 5, 6], dtype=int64), 'status': 'Corrected bit flip at index [12, 13] via syndrome projection', 'direction_key': 'W_reverse'}
[Warning] Consistency check failed. Skip
Hor:  {'origin_stream_phase': 11, 'recovered_sequence': [0, 1, 1, 1, 1, 1, 0, 1, 1, 1, 0, 0, 0, 1], 'errors_corrected': [4], 'missing_gaps': array([0, 2, 3, 5, 6], dtype=int64), 'status': 'Corrected bit flip at index [4] via syndrome projection', 'direction_key': 'V_reverse'}
Vert:  {'origin_stream_phase': 21, 'recovered_sequence': [0, 0, 1, 0, 1, 0, 1, 1, 1, 0, 1, 1, 0, 0, 0], 'errors_corrected': [1, 10], 'missing_gaps': array([0, 3, 4, 5, 6], dtype=int64), 'status': 'Corrected bit flip at index [1, 10] via syndrome projection', 'direction_key': 'U_forward'}
[Warning] Consistency check failed. Skip
row: 28, col 16, length: 16
valid_mask: [1 1 1 0 0 1 1 1 1 1 1 1 1 1]
patch:
 [[ 1  1  1  0  1 -1  0  1  0  0  1  1  1  1  0  0]
 [ 1  1  1  1  1  1  1  1  0  1  1  0  0  1  0  1]]
row: 29, col 15, length: 17
valid_mask: [0 1 1 1 0 0 1 1 1 1 1 1 1 1 1]
patch:
 [[-1  1  1  1  1  1  1  1  1  0  1  1  0  0  1  0  1]
 [-1  0  1  0  0 -1  0  1  0  0  0  0  1  0  1  0  0]]
Hor:  {'origin_stream_phase': 30, 'recovered_sequence': [0, 1, 0, 0, 1, 0, 0, 0, 1, 0, 1, 1, 1, 1, 1], 'errors_corrected': [2, 6, 12, 13, 14], 'missing_gaps': array([0, 4, 5], dtype=int64), 'status': 'Corrected bit flip at index [2, 6, 12, 13, 14] via syndrome projection', 'direction_key': 'W_reverse'}
Vert:  {'origin_stream_phase': 8, 'recovered_sequence': [0, 1, 1, 1, 0, 1, 1, 1, 1, 1, 0, 0, 1, 0, 0, 1], 'errors_corrected': [3], 'missing_gaps': array([0, 4, 5], dtype=int64), 'status': 'Corrected bit flip at index [3] via syndrome projection', 'direction_key': 'V_forward'}
[Warning] Consistency check failed. Skip
row: 0, col 0, length: 23
valid_mask: [1 1 1 1 1 1 0 0 1 1 1 1 1 1 1 1 1 1 1 0 0]
patch:
 [[-1  0  0  0  0  1  1  0  1  1  0  0  1  0  1  0  0  1  1  1  1  1  0]
 [ 0  0  1  0  1  1  1 -1  0  0  1  0  1  0  0  1  0  1  0  1 -1  1  0]]
Hor:  {'origin_stream_phase': 15, 'recovered_sequence': [0, 1, 1, 0, 0, 1, 1, 1, 1, 1, 0, 0, 0, 1, 1, 0, 1, 1, 1, 0, 1], 'errors_corrected': [], 'missing_gaps': array([ 6,  7, 19, 20], dtype=int64), 'status': 'Corrected bit flip at index [] via syndrome projection', 'direction_key': 'U_reverse'}
Vert:  {'origin_stream_phase': 16, 'recovered_sequence': [1, 1, 1, 1, 1, 0, 1, 0, 0, 0, 1, 0, 0, 1, 0, 1, 0, 1, 1, 0, 0, 0], 'errors_corrected': [], 'missing_gaps': array([ 0,  6,  7, 19, 20], dtype=int64), 'status': 'Corrected bit flip at index [] via syndrome projection', 'direction_key': 'W_forward'}
{'status': 'success', 'row': 30, 'col': 0, 'b': (-15, -1, 16), 'horizontal_axis': 'U', 'direction': 'reverse', 'errors_corrected': 0, 'erasures': 9}
[Info] Consistency check passed. Best result updated.
[[-1  0  0  0  0  1  1  0  1  1  0  0  1  0  1  0  0  1  1  1  1  1  0]
 [ 0  0  1  0  1  1  1 -1  0  0  1  0  1  0  0  1  0  1  0  1 -1  1  0]]
row: 1, col 1, length: 22
valid_mask: [1 0 0 1 0 0 0 1 1 1 1 1 1 1 1 1 1 0 0 0]
patch:
 [[ 0  1  0  1  1  1 -1  0  0  1  0  1  0  0  1  0  1  0  1 -1  1  0]
 [ 0  1 -1  1  1 -1 -1  0  1  1  1  0  1  1  1  1  0  0  0 -1  1  1]]
Hor:  {'origin_stream_phase': 2, 'recovered_sequence': [0, 1, 0, 1, 0, 0, 0, 1, 1, 1, 0, 1, 1, 1, 1, 1, 0, 0, 1, 0], 'errors_corrected': [3, 7, 15, 16], 'missing_gaps': array([ 1,  2,  4,  5,  6, 17, 18, 19], dtype=int64), 'status': 'Corrected bit flip at index [3, 7, 15, 16] via syndrome projection', 'direction_key': 'V_forward'}
Vert:  {'origin_stream_phase': 15, 'recovered_sequence': [0, 1, 1, 0, 0, 1, 1, 1, 1, 1, 0, 0, 0, 1, 1, 0, 1, 1, 1, 0, 1], 'errors_corrected': [], 'missing_gaps': array([ 1,  2,  4,  5,  6, 18, 19], dtype=int64), 'status': 'Corrected bit flip at index [] via syndrome projection', 'direction_key': 'U_reverse'}
[Warning] Consistency check failed. Skip
Hor:  {'origin_stream_phase': 1, 'recovered_sequence': [0, 0, 0, 0, 1, 1, 0, 0, 1, 0, 0, 1, 1, 1, 1, 1, 0, 1, 1, 1], 'errors_corrected': [9, 15, 16], 'missing_gaps': array([ 1,  2,  4,  5,  6, 17, 18, 19], dtype=int64), 'status': 'Corrected bit flip at index [9, 15, 16] via syndrome projection', 'direction_key': 'V_reverse'}
Vert:  {'origin_stream_phase': 30, 'recovered_sequence': [0, 1, 1, 0, 0, 0, 1, 1, 1, 1, 1, 0, 0, 1, 1, 0, 1, 0, 0, 1, 0], 'errors_corrected': [10, 17, 20], 'missing_gaps': array([ 1,  2,  4,  5,  6, 18, 19], dtype=int64), 'status': 'Corrected bit flip at index [10, 17, 20] via syndrome projection', 'direction_key': 'U_forward'}
[Warning] Consistency check failed. Skip
row: 2, col 0, length: 23
valid_mask: [1 0 0 0 0 0 0 0 1 0 0 1 1 1 1 1 0 0 0 0 1]
patch:
 [[-1  0  1 -1  1  1 -1 -1  0  1  1  1  0  1  1  1  1  0  0  0 -1  1  1]
 [ 1  1  1  1 -1 -1  1 -1  1  1 -1  1  0  1  0  1  1 -1  0  0  1  1  1]]
row: 3, col 1, length: 21
valid_mask: [1 0 0 0 0 0 1 0 0 0 0 0 0 1 0 0 1 1 1]
patch:
 [[ 1  1  1 -1 -1  1 -1  1  1 -1  1  0  1  0  1  1 -1  0  0  1  1]
 [ 0  1  1  1 -1  1  1  1  0  0 -1  1 -1  1  0  1  0  1  0  0  1]]
row: 4, col 0, length: 27
valid_mask: [0 1 1 0 0 1 1 1 1 0 0 0 0 1 1 1 1 1 1 1 0 0 1 0 0]
patch:
 [[-1  0  1  1  1 -1  1  1  1  0  0 -1  1 -1  1  0  1  0  1  0  0  1 -1  0  1 -1  0]
 [-1  0  1  0  1  1  1  0  1  0  0 -1  0  0  1  0  0  0  1  0  0  1  0  1  1  0  1]]
Hor:  {'origin_stream_phase': 15, 'recovered_sequence': [0, 1, 1, 1, 1, 1, 0, 1, 0, 0, 0, 1, 0, 0, 1, 0, 1, 0, 1, 1, 0, 0, 0, 0, 1], 'errors_corrected': [5, 6, 7, 8, 14, 15], 'missing_gaps': array([ 0,  3,  4,  9, 10, 11, 12, 20, 21, 23, 24], dtype=int64), 'status': 'Corrected bit flip at index [5, 6, 7, 8, 14, 15] via syndrome projection', 'direction_key': 'W_forward'}
Vert:  {'origin_stream_phase': 16, 'recovered_sequence': [1, 0, 1, 1, 1, 0, 0, 0, 1, 0, 1, 0, 1, 1, 0, 1, 0, 0, 0, 0, 1, 1, 0, 0, 1, 0], 'errors_corrected': [6, 7, 8, 16, 20, 23], 'missing_gaps': array([ 0,  4,  5, 10, 11, 12, 13, 21, 22, 24, 25], dtype=int64), 'status': 'Corrected bit flip at index [6, 7, 8, 16, 20, 23] via syndrome projection', 'direction_key': 'V_reverse'}
[Warning] Consistency check failed. Skip
row: 5, col 1, length: 26
valid_mask: [1 1 1 1 1 1 1 1 0 0 0 0 1 1 1 1 1 1 1 1 1 1 1 1]
patch:
 [[ 0  1  0  1  1  1  0  1  0  0 -1  0  0  1  0  0  0  1  0  0  1  0  1  1  0  1]
 [ 0  0  1  1  1  1  1  0  0 -1 -1 -1  0  1  1  0  1  1  0  1  1  1  1  0  0  0]]
row: 6, col 0, length: 27
valid_mask: [1 1 1 1 0 0 1 1 0 0 0 0 1 1 1 1 0 0 1 1 1 0 0 1 1]
patch:
 [[-1  0  0  1  1  1  1  1  0  0 -1 -1 -1  0  1  1  0  1  1  0  1  1  1  1  0  0  0]
 [ 1  1  0  1  0 -1  1  1  1  1 -1 -1  0  0  1  1  0 -1  1  0  1  0 -1  0  1  1  0]]
row: 7, col 1, length: 26
valid_mask: [1 1 0 0 0 0 0 0 0 0 0 0 1 1 0 0 1 1 1 0 0 1 1 1]
patch:
 [[ 1  0  1  0 -1  1  1  1  1 -1 -1  0  0  1  1  0 -1  1  0  1  0 -1  0  1  1  0]
 [ 0  1  0  0 -1 -1 -1  1  0  0  0 -1  0  0  0 -1  0  1  1  0  0  0  0  1  0  1]]
row: 8, col 0, length: 27
valid_mask: [1 1 0 0 0 0 0 0 1 1 0 0 1 1 0 0 1 0 0 1 1 1 1 1 1]
patch:
 [[-1  0  1  0  0 -1 -1 -1  1  0  0  0 -1  0  0  0 -1  0  1  1  0  0  0  0  1  0  1]
 [ 0  0  1 -1 -1 -1 -1 -1  1  1  1  1  1  1  1  0  1  0 -1  1  1  0  1  1  0  0  0]]
Hor:  {'origin_stream_phase': 1, 'recovered_sequence': [1, 0, 0, 0, 1, 1, 1, 1, 1, 0, 0, 1, 1, 0, 1, 0, 0, 1, 0, 0, 0, 0, 1, 0, 1], 'errors_corrected': [8, 12, 20, 21], 'missing_gaps': array([ 2,  3,  4,  5,  6,  7, 10, 11, 14, 15, 17, 18], dtype=int64), 'status': 'Corrected bit flip at index [8, 12, 20, 21] via syndrome projection', 'direction_key': 'U_forward'}
Vert:  {'origin_stream_phase': 0, 'recovered_sequence': [1, 0, 0, 1, 0, 0, 0, 1, 0, 1, 1, 1, 1, 1, 0, 1, 1, 0, 0, 1, 1, 1, 0, 0, 0, 0], 'errors_corrected': [8, 9, 10, 13, 14, 24, 25], 'missing_gaps': array([ 0,  2,  3,  4,  5,  6,  7, 11, 12, 15, 16, 17, 18], dtype=int64), 'status': 'Corrected bit flip at index [8, 9, 10, 13, 14, 24, 25] via syndrome projection', 'direction_key': 'W_reverse'}
[Warning] Consistency check failed. Skip
Hor:  {'origin_stream_phase': 11, 'recovered_sequence': [1, 0, 0, 1, 0, 1, 1, 0, 0, 1, 1, 1, 1, 1, 0, 0, 0, 1, 1, 0, 1, 1, 1, 0, 1], 'errors_corrected': [9, 12, 13], 'missing_gaps': array([ 2,  3,  4,  5,  6,  7, 10, 11, 14, 15, 17, 18], dtype=int64), 'status': 'Corrected bit flip at index [9, 12, 13] via syndrome projection', 'direction_key': 'U_reverse'}
Vert:  {'origin_stream_phase': 20, 'recovered_sequence': [1, 0, 1, 0, 0, 0, 1, 0, 0, 1, 0, 1, 0, 1, 1, 0, 0, 0, 0, 1, 1, 1, 0, 0, 1, 1], 'errors_corrected': [8, 9, 13], 'missing_gaps': array([ 0,  2,  3,  4,  5,  6,  7, 11, 12, 15, 16, 17, 18], dtype=int64), 'status': 'Corrected bit flip at index [8, 9, 13] via syndrome projection', 'direction_key': 'W_forward'}
[Warning] Consistency check failed. Skip
row: 9, col 1, length: 27
valid_mask: [0 0 0 0 0 0 0 0 1 1 1 1 1 1 1 0 0 1 1 1 1 1 1 1 1]
patch:
 [[ 0  1 -1 -1 -1 -1 -1  1  1  1  1  1  1  1  0  1  0 -1  1  1  0  1  1  0  0  0  1]
 [ 1  1  1  1 -1 -1 -1 -1  1  0  1  1  0  1  0  1  0  1  0  1  0  0  1  1  1  0  0]]
row: 10, col 0, length: 29
valid_mask: [1 1 1 0 0 0 0 0 1 1 1 1 1 1 0 0 1 1 1 1 1 1 1 1 0 0 1]
patch:
 [[-1  1  1  1  1 -1 -1 -1 -1  1  0  1  1  0  1  0  1  0  1  0  1  0  0  1  1  1  0  0  1]
 [ 0  0  1  1 -1 -1 -1 -1  0  1  1  0  1  0  1 -1  0  1  0  0  0  0  0  1  0 -1  0  1  1]]
row: 11, col 1, length: 28
valid_mask: [1 0 0 0 0 0 1 1 1 1 1 1 0 0 1 1 1 1 1 1 1 1 0 0 0 0]
patch:
 [[ 0  1  1 -1 -1 -1 -1  0  1  1  0  1  0  1 -1  0  1  0  0  0  0  0  1  0 -1  0  1  1]
 [ 1  0  1 -1 -1 -1  0  0  1  1  1  1  1  1  0  0  1  0  0  1  0  0  0  0  0 -1 -1  1]]
Hor:  {'origin_stream_phase': 9, 'recovered_sequence': [1, 0, 0, 1, 1, 0, 1, 0, 0, 1, 0, 0, 0, 0, 1, 0, 1, 0, 1, 1, 1, 0, 1, 1, 0, 0], 'errors_corrected': [7, 8, 10, 11, 21], 'missing_gaps': array([ 1,  2,  3,  4,  5, 12, 13, 22, 23, 24, 25], dtype=int64), 'status': 'Corrected bit flip at index [7, 8, 10, 11, 21] via syndrome projection', 'direction_key': 'U_forward'}
Vert:  {'origin_stream_phase': 8, 'recovered_sequence': [0, 1, 1, 1, 1, 1, 0, 1, 1, 0, 0, 1, 1, 1, 0, 0, 0, 0, 1, 1, 0, 1, 0, 1, 0, 0, 1], 'errors_corrected': [7, 8, 9, 10, 22], 'missing_gaps': array([ 2,  3,  4,  5,  6, 13, 14, 23, 24, 25, 26], dtype=int64), 'status': 'Corrected bit flip at index [7, 8, 9, 10, 22] via syndrome projection', 'direction_key': 'W_reverse'}
[Warning] Consistency check failed. Skip
row: 12, col 0, length: 30
valid_mask: [1 1 0 0 0 0 0 0 0 0 0 1 1 1 1 1 1 1 1 1 1 1 1 1 0 0 0 0]
patch:
 [[-1  1  0  1 -1 -1 -1  0  0  1  1  1  1  1  1  0  0  1  0  0  1  0  0  0  0  0 -1 -1  1  0]
 [ 1  0  1  0  1 -1 -1  0 -1  1 -1  1  0  1  1  1  0  1  1  1  0  1  1  0  1  1 -1 -1  1  1]]
row: 13, col 1, length: 25
valid_mask: [1 1 0 0 0 0 0 0 0 1 1 0 0 1 1 0 0 1 1 1 1 1 1]
patch:
 [[ 0  1  0  1 -1 -1  0 -1  1 -1  1  0  1  1  1  0  1  1  1  0  1  1  0  1  1]
 [ 1  0  1  0  1  1 -1 -1 -1  0  0  1 -1  0  0  1 -1  1  0  0  0  1  0  0  1]]
row: 14, col 0, length: 27
valid_mask: [1 1 1 1 1 0 0 0 0 0 1 0 0 1 1 0 0 1 1 0 0 1 0 0 1]
patch:
 [[-1  1  0  1  0  1  1 -1 -1 -1  0  0  1 -1  0  0  1 -1  1  0  0  0  1  0  0  1  0]
 [ 1  0  1  1  1  0  1 -1 -1 -1  0  1  1  1  0  0  1  0  1  1 -1  1  1 -1  1  1  1]]
row: 15, col 1, length: 27
valid_mask: [1 1 1 0 0 0 0 0 0 1 1 1 1 1 0 0 1 0 0 1 0 0 0 1 1]
patch:
 [[ 0  1  1  1  0  1 -1 -1 -1  0  1  1  1  0  0  1  0  1  1 -1  1  1 -1  1  1  1  1]
 [ 1  0  1  1 -1  0  1 -1 -1  1  0  1  0  0  1 -1  1  1 -1  1  1  0 -1  1  0  1  0]]
row: 16, col 0, length: 27
valid_mask: [1 1 1 0 0 0 0 0 0 0 0 1 1 1 0 0 1 0 0 1 0 0 0 0 0]
patch:
 [[-1  1  0  1  1 -1  0  1 -1 -1  1  0  1  0  0  1 -1  1  1 -1  1  1  0 -1  1  0  1]
 [ 1  0  1  1  1  1 -1 -1 -1 -1 -1  1  0  0  1  1  0  1  0  0  1 -1  1  0 -1  1  1]]
row: 17, col 1, length: 23
valid_mask: [1 1 1 0 0 0 0 0 0 0 0 1 1 1 1 1 1 1 0 0 1]
patch:
 [[ 0  1  1  1  1 -1 -1 -1 -1 -1  1  0  0  1  1  0  1  0  0  1 -1  1  0]
 [ 1  1  1  1  1 -1 -1 -1 -1 -1 -1  0  0  0  0  0  0  1  1  1  0  0  0]]
Hor:  {'origin_stream_phase': 25, 'recovered_sequence': [0, 0, 0, 0, 1, 0, 1, 1, 0, 1, 0, 1, 0, 0, 0, 1, 1, 1, 0, 1, 1], 'errors_corrected': [13, 14], 'missing_gaps': array([ 3,  4,  5,  6,  7,  8,  9, 10, 18, 19], dtype=int64), 'status': 'Corrected bit flip at index [13, 14] via syndrome projection', 'direction_key': 'V_forward'}
Vert:  {'origin_stream_phase': 2, 'recovered_sequence': [1, 0, 1, 0, 1, 0, 0, 0, 0, 1, 0, 0, 1, 0, 1, 1, 0, 0, 1, 1, 1, 1], 'errors_corrected': [2], 'missing_gaps': array([ 4,  5,  6,  7,  8,  9, 10, 19, 20], dtype=int64), 'status': 'Corrected bit flip at index [2] via syndrome projection', 'direction_key': 'U_reverse'}
[Warning] Consistency check failed. Skip
row: 18, col 0, length: 23
valid_mask: [1 1 1 1 0 0 0 0 0 0 0 0 0 1 1 1 1 1 1 1 1]
patch:
 [[-1  1  1  1  1  1 -1 -1 -1 -1 -1 -1  0  0  0  0  0  0  1  1  1  0  0]
 [ 0  0  0  0  1  1  1 -1 -1 -1 -1 -1 -1  1  1  0  1  0  1  1  0  0  0]]
Hor:  {'origin_stream_phase': 22, 'recovered_sequence': [0, 0, 1, 0, 1, 0, 1, 1, 0, 1, 0, 0, 0, 0, 1, 1, 0, 0, 1, 0, 0], 'errors_corrected': [2, 3, 17, 18], 'missing_gaps': array([ 4,  5,  6,  7,  8,  9, 10, 11, 12], dtype=int64), 'status': 'Corrected bit flip at index [2, 3, 17, 18] via syndrome projection', 'direction_key': 'V_reverse'}
Vert:  {'origin_stream_phase': 24, 'recovered_sequence': [0, 1, 0, 1, 1, 1, 0, 1, 1, 0, 0, 0, 1, 1, 1, 1, 1, 0, 0, 1, 1, 0], 'errors_corrected': [1, 4, 13], 'missing_gaps': array([ 0,  5,  6,  7,  8,  9, 10, 11, 12], dtype=int64), 'status': 'Corrected bit flip at index [1, 4, 13] via syndrome projection', 'direction_key': 'U_forward'}
[Warning] Consistency check failed. Skip
row: 19, col 1, length: 22
valid_mask: [1 1 1 1 0 0 0 0 0 0 0 0 0 0 1 1 1 1 1 1]
patch:
 [[ 0  0  0  1  1  1 -1 -1 -1 -1 -1 -1  1  1  0  1  0  1  1  0  0  0]
 [ 1  0  0  1  1  1 -1 -1 -1 -1 -1 -1 -1 -1  1  0  0  1  1  1  1  1]]
Target coords: 30 0
Processing test case compound_rotation_4_0016...
[Diag] Reference step from all edges: 35.70 px; max edge: 41.19
[DIAG] scaler:
 [[10.90659992 10.92288548 10.78249807 10.49029491  9.99425536  9.49735903  0.        ]
 [10.81276263 10.80344285 10.66633096 10.36586224  9.88602348  9.4608007   0.        ]
 [10.55800738 10.57949429 10.4476642  10.12695609  9.65544305  9.3419035   0.        ]
 [10.31885149 10.27999742 10.13013505  9.8433455   9.38870584  9.10027177  5.34049844]
 [ 0.          0.          9.92599207  9.55650641  9.13563133  1.71919038  0.        ]]
[Diag] Total Delaunay faces: 817
[Diag] Drop by edge length:  85
[Diag] Drop by angle check: 0
[Diag] Validated geometric seeds left: 732
Wave 0
   -> Island 35 Shape: (2, 2)
[[35 51]
 [42 -1]]
   -> Island 3 Shape: (2, 2)
[[ 3  1]
 [ 0 -1]]
   -> Island 252 Shape: (2, 2)
[[252 267]
 [233  -1]]
   -> Island 387 Shape: (2, 2)
[[387 369]
 [357  -1]]
   -> Island 304 Shape: (2, 2)
[[304 333]
 [315  -1]]
   -> Island 213 Shape: (2, 2)
[[213 243]
 [223  -1]]
   -> Island 300 Shape: (2, 2)
[[300 281]
 [268  -1]]
   -> Island 74 Shape: (2, 2)
[[ 74  91]
 [104  -1]]
   -> Island 408 Shape: (2, 2)
[[408 379]
 [396  -1]]
   -> Island 119 Shape: (2, 2)
[[119  84]
 [105  -1]]
   -> Island 365 Shape: (2, 2)
[[365 398]
 [380  -1]]
   -> Island 107 Shape: (2, 2)
[[107 139]
 [124  -1]]
   -> Island 135 Shape: (2, 2)
[[135 118]
 [106  -1]]
   -> Island 359 Shape: (2, 2)
[[359 339]
 [330  -1]]
   -> Island 364 Shape: (2, 2)
[[364 382]
 [394  -1]]
   -> Island 259 Shape: (2, 2)
[[259 240]
 [229  -1]]
   -> Island 211 Shape: (2, 2)
[[211 180]
 [197  -1]]
   -> Island 125 Shape: (2, 2)
[[125 138]
 [108  -1]]
   -> Island 305 Shape: (2, 2)
[[305 285]
 [273  -1]]
   -> Island 10 Shape: (2, 2)
[[10 18]
 [27 -1]]
   -> Island 36 Shape: (2, 2)
[[36 50]
 [21 -1]]
   -> Island 63 Shape: (2, 2)
[[63 82]
 [95 -1]]
   -> Island 246 Shape: (2, 2)
[[246 256]
 [225  -1]]
[Diag] Wave step complete: Added 59 structural ears.
Wave 1
   -> Island 35 Shape: (2, 2)
[[35 51]
 [42 -1]]
   -> Island 3 Shape: (2, 2)
[[ 3  1]
 [ 0 -1]]
   -> Island 252 Shape: (4, 3)
[[ -1  -1  -1]
 [ -1 284  -1]
 [ -1 252 267]
 [220 233 248]]
   -> Island 387 Shape: (4, 2)
[[ -1  -1]
 [401  -1]
 [387 369]
 [357 337]]
   -> Island 304 Shape: (4, 3)
[[ -1  -1  -1]
 [ -1 323  -1]
 [ -1 304 333]
 [286 315 343]]
   -> Island 213 Shape: (4, 3)
[[ -1  -1  -1]
 [ -1 231  -1]
 [ -1 213 243]
 [193 223 254]]
   -> Island 300 Shape: (4, 3)
[[ -1  -1  -1]
 [ -1 314  -1]
 [ -1 300 281]
 [287 268 250]]
   -> Island 74 Shape: (4, 3)
[[ -1  -1  -1]
 [ -1  61  -1]
 [ -1  74  91]
 [ 87 104 122]]
   -> Island 408 Shape: (4, 2)
[[ -1  -1]
 [391  -1]
 [408 379]
 [396 367]]
   -> Island 119 Shape: (4, 3)
[[ -1  -1  -1]
 [ -1  98  -1]
 [ -1 119  84]
 [137 105  71]]
   -> Island 365 Shape: (4, 3)
[[ -1  -1  -1]
 [ -1 384  -1]
 [ -1 365 398]
 [349 380 409]]
   -> Island 107 Shape: (4, 3)
[[ -1  -1  -1]
 [ -1 126  -1]
 [ -1 107 139]
 [ 89 124 154]]
   -> Island 135 Shape: (4, 3)
[[ -1  -1  -1]
 [ -1 149  -1]
 [ -1 135 118]
 [123 106  86]]
   -> Island 359 Shape: (4, 3)
[[ -1  -1  -1]
 [ -1 370  -1]
 [ -1 359 339]
 [348 330 311]]
   -> Island 364 Shape: (4, 3)
[[ -1  -1  -1]
 [ -1 351  -1]
 [ -1 364 382]
 [376 394 410]]
   -> Island 259 Shape: (4, 3)
[[ -1  -1  -1]
 [ -1 270  -1]
 [ -1 259 240]
 [247 229 210]]
   -> Island 211 Shape: (4, 3)
[[ -1  -1  -1]
 [ -1 192  -1]
 [ -1 211 180]
 [230 197 163]]
   -> Island 125 Shape: (4, 3)
[[ -1  -1  -1]
 [ -1 156  -1]
 [ -1 125 138]
 [ 94 108 120]]
   -> Island 305 Shape: (4, 3)
[[ -1  -1  -1]
 [ -1 317  -1]
 [ -1 305 285]
 [291 273 253]]
   -> Island 10 Shape: (2, 3)
[[-1 10 18]
 [15 27 46]]
   -> Island 36 Shape: (4, 2)
[[-1 -1]
 [70 -1]
 [36 50]
 [21 31]]
   -> Island 63 Shape: (4, 3)
[[ -1  -1  -1]
 [ -1  48  -1]
 [ -1  63  82]
 [ 76  95 115]]
   -> Island 246 Shape: (4, 3)
[[ -1  -1  -1]
 [ -1 276  -1]
 [ -1 246 256]
 [214 225 238]]
[Diag] Wave step complete: Added 109 structural ears.
Wave 2
   -> Island 35 Shape: (2, 2)
[[35 51]
 [42 -1]]
   -> Island 3 Shape: (2, 2)
[[ 3  1]
 [ 0 -1]]
   -> Island 252 Shape: (5, 4)
[[ -1  -1  -1  -1]
 [271 284 298  -1]
 [239 252 267 279]
 [220 233 248  -1]
 [ -1 203 216  -1]]
   -> Island 387 Shape: (5, 4)
[[ -1  -1  -1  -1]
 [414 401 383  -1]
 [ -1 387 369 352]
 [ -1 357 337  -1]
 [ -1  -1 325  -1]]
   -> Island 304 Shape: (4, 4)
[[ -1  -1  -1  -1]
 [294 323 353  -1]
 [275 304 333 362]
 [286 315 343  -1]]
   -> Island 213 Shape: (5, 4)
[[ -1  -1  -1  -1]
 [201 231 262  -1]
 [182 213 243 272]
 [193 223 254  -1]
 [ -1 206 236  -1]]
   -> Island 300 Shape: (5, 4)
[[ -1  -1  -1  -1]
 [332 314 296  -1]
 [319 300 281 263]
 [287 268 250  -1]
 [ -1 255 237  -1]]
   -> Island 74 Shape: (5, 4)
[[ -1  -1  -1  -1]
 [ 43  61  81  -1]
 [ 57  74  91 110]
 [ 87 104 122  -1]
 [ -1 116 134  -1]]
   -> Island 408 Shape: (5, 4)
[[ -1  -1  -1  -1]
 [415 391 360  -1]
 [ -1 408 379 347]
 [ -1 396 367  -1]
 [ -1  -1 385  -1]]
   -> Island 119 Shape: (5, 4)
[[ -1  -1  -1  -1]
 [131  98  67  -1]
 [150 119  84  53]
 [137 105  71  -1]
 [ -1 121  90  -1]]
   -> Island 365 Shape: (5, 3)
[[ -1  -1  -1]
 [354 384 413]
 [335 365 398]
 [349 380 409]
 [ -1 361 392]]
   -> Island 107 Shape: (5, 4)
[[ -1  -1  -1  -1]
 [ 96 126 159  -1]
 [ 77 107 139 173]
 [ 89 124 154  -1]
 [ -1 103 136  -1]]
   -> Island 135 Shape: (5, 4)
[[ -1  -1  -1  -1]
 [165 149 130  -1]
 [153 135 118 100]
 [123 106  86  -1]
 [ -1  92  73  -1]]
   -> Island 359 Shape: (5, 4)
[[ -1  -1  -1  -1]
 [388 370 350  -1]
 [377 359 339 321]
 [348 330 311  -1]
 [ -1 318 299  -1]]
   -> Island 364 Shape: (5, 4)
[[ -1  -1  -1  -1]
 [334 351 371  -1]
 [345 364 382 402]
 [376 394 410  -1]
 [ -1 405  -1  -1]]
   -> Island 259 Shape: (5, 4)
[[ -1  -1  -1  -1]
 [289 270 251  -1]
 [278 259 240 221]
 [247 229 210  -1]
 [ -1 215 198  -1]]
   -> Island 211 Shape: (4, 4)
[[ -1  -1  -1  -1]
 [224 192 160  -1]
 [242 211 180 146]
 [230 197 163  -1]]
   -> Island 125 Shape: (5, 4)
[[ -1  -1  -1  -1]
 [144 156 171  -1]
 [113 125 138 151]
 [ 94 108 120  -1]
 [ -1  75  88  -1]]
   -> Island 305 Shape: (5, 4)
[[ -1  -1  -1  -1]
 [336 317 297  -1]
 [324 305 285 266]
 [291 273 253  -1]
 [ -1 260 241  -1]]
   -> Island 10 Shape: (3, 4)
[[-1 10 18 32]
 [15 27 46 -1]
 [-1 40 62 -1]]
   -> Island 36 Shape: (4, 4)
[[-1 -1 -1 -1]
 [56 70 83 -1]
 [-1 36 50 64]
 [-1 21 31 -1]]
   -> Island 63 Shape: (5, 4)
[[ -1  -1  -1  -1]
 [ -1  48  68  -1]
 [ 44  63  82 101]
 [ 76  95 115  -1]
 [ -1 109 127  -1]]
   -> Island 246 Shape: (5, 4)
[[ -1  -1  -1  -1]
 [265 276 288  -1]
 [234 246 256 269]
 [214 225 238  -1]
 [ -1 195 208  -1]]
[Diag] Wave step complete: Added 208 structural ears.
Wave 3
   -> Island 35 Shape: (2, 2)
[[35 51]
 [42 -1]]
   -> Island 3 Shape: (2, 2)
[[ 3  1]
 [ 0 -1]]
   -> Island 252 Shape: (24, 15)
[[ -1  -1  -1  -1  -1  -1  -1  -1  -1  -1  -1  -1  -1  -1  -1]
 [ -1  -1  -1  -1  -1  -1  -1  -1  -1  -1  48  68  -1  -1  -1]
 [ -1  -1  -1  -1  -1  -1  -1  -1  -1  44  63  82 101  -1  -1]
 [ -1  -1  -1  -1  -1  -1  -1  38  58  76  95 115 132  -1  -1]
 [ -1  -1  -1  -1  -1  -1  -1  53  71  90 109 127 146 163  -1]
 [ -1  -1  -1  -1  -1  -1  67  84 105 121  -1 160 180 197  -1]
 [ -1  -1  -1  24  -1  60  79  98 119 137 155 174 192 211 230]
 [ -1  21  36  56  75  94 113 131 150 168  -1 205 224 242 261]
 [ -1  31  50  70  88 108 125 144  -1  -1  -1  -1  -1  -1  -1]
 [ 45  64  83 102 120 138 156 176  -1  -1  -1  -1  -1  -1  -1]
 [ -1  -1  -1  -1 133 151 171 188 207  -1  -1  -1  -1  -1  -1]
 [ -1  -1  -1  -1  -1  -1 203 220 239  -1  -1  -1  -1  -1  -1]
 [ -1  -1  -1  -1  -1  -1 216 233 252 271  -1  -1  -1  -1  -1]
 [ -1  -1  -1  -1  -1 226 248 267 284 303  -1  -1  -1  -1  -1]
 [ -1  -1  -1  -1 222 241 260 279 298 316 335 354 375  -1  -1]
 [177 198 215 235 253 273 291 310 329 349 365 384 403  -1  -1]
 [190 210 229 247 266 285 305 324  -1 361 380 398 413  -1  -1]
 [221 240 259 278 297 317 336 355  -1 392 409  -1  -1  -1  -1]
 [ -1 251 270 289  -1 328 347 367 385  -1  -1  -1  -1  -1  -1]
 [ -1 283 302 322 340 360 379 396 412  -1  -1  -1  -1  -1  -1]
 [ -1  -1  -1 334 351 371 391 408  -1  -1  -1  -1  -1  -1  -1]
 [ -1  -1 345 364 382 402 415  -1  -1  -1  -1  -1  -1  -1  -1]
 [ -1  -1 356 376 394 410  -1  -1  -1  -1  -1  -1  -1  -1  -1]
 [ -1  -1 386 405  -1  -1  -1  -1  -1  -1  -1  -1  -1  -1  -1]]
   -> Island 304 Shape: (4, 5)
[[ -1  -1 312 344  -1]
 [ -1 294 323 353  -1]
 [ -1 275 304 333 362]
 [257 286 315 343 372]]
   -> Island 213 Shape: (8, 9)
[[ -1  -1 295 307  -1  -1  -1  -1  -1]
 [ -1 265 276 288  -1  -1  -1  -1  -1]
 [ -1 234 246 256 269  -1  -1  -1  -1]
 [202 214 225 238 249 262 272 282  -1]
 [ -1 183 195 208 219 231 243 254 264]
 [ -1  -1  -1  -1 201 213 223 236  -1]
 [ -1  -1  -1  -1  -1 182 193 206  -1]
 [ -1  -1  -1  -1  -1 164 175  -1  -1]]
   -> Island 300 Shape: (6, 8)
[[ -1  -1 411  -1  -1  -1  -1  -1]
 [414 401 383  -1 346 327  -1  -1]
 [ -1 387 369 352 332 314 296  -1]
 [ -1 357 337 319 300 281 263  -1]
 [ -1  -1 325 306 287 268 250 232]
 [ -1  -1  -1 274 255 237 218  -1]]
   -> Island 74 Shape: (5, 5)
[[ -1  -1  30  49  -1]
 [ -1  43  61  81  -1]
 [ -1  57  74  91 110]
 [ 69  87 104 122 141]
 [ -1  99 116 134 152]]
   -> Island 107 Shape: (5, 5)
[[ -1  -1 114 145  -1]
 [ -1  96 126 159  -1]
 [ -1  77 107 139 173]
 [ 59  89 124 154 184]
 [ -1  72 103 136 166]]
   -> Island 135 Shape: (5, 5)
[[ -1  -1 178 158  -1]
 [ -1 165 149 130  -1]
 [ -1 153 135 118 100]
 [143 123 106  86  66]
 [ -1 111  92  73  55]]
   -> Island 359 Shape: (5, 5)
[[ -1  -1 400 381  -1]
 [ -1 388 370 350  -1]
 [ -1 377 359 339 321]
 [368 348 330 311 292]
 [ -1 338 318 299 280]]
   -> Island 10 Shape: (5, 4)
[[-1 -1 -1 -1]
 [-1 -1 11 -1]
 [-1 10 18 32]
 [15 27 46 65]
 [25 40 62 78]]
[Diag] Wave step complete: Added 349 structural ears.
Wave 4
   -> Island 35 Shape: (2, 2)
[[35 51]
 [42 -1]]
   -> Island 3 Shape: (2, 2)
[[ 3  1]
 [ 0 -1]]
   -> Island 252 Shape: (32, 15)
[[ -1  -1  -1  -1  -1  -1  -1  -1  -1  -1  -1  -1  -1  -1  -1]
 [ 68 101 132 163 197 230 261 293 325 357 387 414  -1  -1  -1]
 [ 48  82 115 146 180 211 242 274 306 337 369 401  -1  -1  -1]
 [ 63  95 127 160 192 224 255 287 319 352 383 411  -1  -1  -1]
 [ 44  76 109 142 174 205 237 268 300 332 366 397  -1  -1  -1]
 [ 58  90 121 155  -1 218 250 281 314 346  -1  -1  -1  -1  -1]
 [ 38  71 105 137 168  -1 232 263 296 327  -1  -1  -1  -1  -1]
 [ 53  84 119 150 181  -1 244 277 308 342 375 403  -1  -1  -1]
 [ 33  67  98 131 162  -1 227 258 290 320 354 384 413  -1  -1]
 [ 47  79 113 144 176 207 239 271 303 335 365 398  -1  -1  -1]
 [ -1  60  94 125 156 188 220 252 284 316 349 380 409  -1  -1]
 [ 41  75 108 138 171 203 233 267 298 329 361 392  -1  -1  -1]
 [ 24  56  88 120 151 185 216 248 279 310 341 374 404  -1  -1]
 [ 36  70 102 133 167 196 226 260 291 324 355 385 412  -1  -1]
 [ 21  50  83 114 145 179 209 241 273 305 336 367 396  -1  -1]
 [ 31  64  96 126 159 191 222 253 285 317 347 379 408  -1  -1]
 [ 17  45  77 107 139 173 204 235 266 297 328 360 391 415  -1]
 [ -1  59  89 124 154 184 215 247 278 309 340 371 402  -1  -1]
 [ -1  -1  72 103 136 166 198 229 259 289 322 351 382 410  -1]
 [ 23  54  85 117 148 177 210 240 270 302 334 364 394  -1  -1]
 [ 11  32  65  -1  -1  -1 190 221 251 283 313 345 376 405  -1]
 [ 18  46  78 111 143 170 202 234 265 295 326 356 386  -1  -1]
 [ 10  27  62  92 123 153 183 214 246 276 307 338 368 395  -1]
 [ 15  40  73 106 135 165 195 225 256 288 318 348 377 406  -1]
 [  7  25  55  86 118 149 178 208 238 269 299 330 359 388  -1]
 [ -1  -1  66 100 130 158 189 219 249 280 311 339 370 400  -1]
 [ -1  -1  49  81 110 141 172 201 231 262 292 321 350 381  -1]
 [ -1  30  61  91 122 152 182 213 243 272 301 331 363  -1  -1]
 [ -1  16  43  74 104 134 164 193 223 254 282 312 344 373  -1]
 [ -1  26  57  87 116 147 175 206 236 264 294 323 353  -1  -1]
 [ -1  -1  37  69  99 128  -1 187 217 245 275 304 333 362 390]
 [ -1  -1  -1  -1  -1  -1  -1  -1  -1 257 286 315 343 372  -1]]
[Diag] Wave step complete: Added 511 structural ears.
Wave 5
   -> Island 35 Shape: (2, 2)
[[35 51]
 [42 -1]]
   -> Island 3 Shape: (2, 2)
[[ 3  1]
 [ 0 -1]]
   -> Island 252 Shape: (32, 15)
[[ -1  -1  -1  -1  -1  -1  -1  -1  -1  -1  -1  -1  -1  -1  -1]
 [ 68 101 132 163 197 230 261 293 325 357 387 414  -1  -1  -1]
 [ 48  82 115 146 180 211 242 274 306 337 369 401  -1  -1  -1]
 [ 63  95 127 160 192 224 255 287 319 352 383 411  -1  -1  -1]
 [ 44  76 109 142 174 205 237 268 300 332 366 397 417  -1  -1]
 [ 58  90 121 155 186 218 250 281 314 346 378  -1  -1  -1  -1]
 [ 38  71 105 137 168 200 232 263 296 327 358 393  -1  -1  -1]
 [ 53  84 119 150 181 212 244 277 308 342 375 403  -1  -1  -1]
 [ 33  67  98 131 162 194 227 258 290 320 354 384 413  -1  -1]
 [ 47  79 113 144 176 207 239 271 303 335 365 398  -1  -1  -1]
 [ 29  60  94 125 156 188 220 252 284 316 349 380 409  -1  -1]
 [ 41  75 108 138 171 203 233 267 298 329 361 392  -1  -1  -1]
 [ 24  56  88 120 151 185 216 248 279 310 341 374 404  -1  -1]
 [ 36  70 102 133 167 196 226 260 291 324 355 385 412  -1  -1]
 [ 21  50  83 114 145 179 209 241 273 305 336 367 396  -1  -1]
 [ 31  64  96 126 159 191 222 253 285 317 347 379 408  -1  -1]
 [ 17  45  77 107 139 173 204 235 266 297 328 360 391 415  -1]
 [ 28  59  89 124 154 184 215 247 278 309 340 371 402  -1  -1]
 [ -1  39  72 103 136 166 198 229 259 289 322 351 382 410  -1]
 [ 23  54  85 117 148 177 210 240 270 302 334 364 394  -1  -1]
 [ 11  32  65  97 129 161 190 221 251 283 313 345 376 405  -1]
 [ 18  46  78 111 143 170 202 234 265 295 326 356 386  -1  -1]
 [ 10  27  62  92 123 153 183 214 246 276 307 338 368 395  -1]
 [ 15  40  73 106 135 165 195 225 256 288 318 348 377 406  -1]
 [  7  25  55  86 118 149 178 208 238 269 299 330 359 388  -1]
 [ 12  34  66 100 130 158 189 219 249 280 311 339 370 400  -1]
 [ -1  19  49  81 110 141 172 201 231 262 292 321 350 381 407]
 [  9  30  61  91 122 152 182 213 243 272 301 331 363 389  -1]
 [ -1  16  43  74 104 134 164 193 223 254 282 312 344 373  -1]
 [ -1  26  57  87 116 147 175 206 236 264 294 323 353  -1  -1]
 [ -1  -1  37  69  99 128 157 187 217 245 275 304 333 362 390]
 [ -1  -1  52  80 112  -1  -1  -1 228 257 286 315 343 372  -1]]
[Diag] Wave step complete: Added 505 structural ears.
Wave 6
   -> Island 35 Shape: (2, 2)
[[35 51]
 [42 -1]]
   -> Island 3 Shape: (2, 2)
[[ 3  1]
 [ 0 -1]]
   -> Island 252 Shape: (32, 15)
[[ -1  -1  -1  -1  -1  -1  -1  -1  -1  -1  -1  -1  -1  -1  -1]
 [ 68 101 132 163 197 230 261 293 325 357 387 414  -1  -1  -1]
 [ 48  82 115 146 180 211 242 274 306 337 369 401  -1  -1  -1]
 [ 63  95 127 160 192 224 255 287 319 352 383 411  -1  -1  -1]
 [ 44  76 109 142 174 205 237 268 300 332 366 397 417  -1  -1]
 [ 58  90 121 155 186 218 250 281 314 346 378  -1  -1  -1  -1]
 [ 38  71 105 137 168 200 232 263 296 327 358 393 416  -1  -1]
 [ 53  84 119 150 181 212 244 277 308 342 375 403  -1  -1  -1]
 [ 33  67  98 131 162 194 227 258 290 320 354 384 413  -1  -1]
 [ 47  79 113 144 176 207 239 271 303 335 365 398  -1  -1  -1]
 [ 29  60  94 125 156 188 220 252 284 316 349 380 409  -1  -1]
 [ 41  75 108 138 171 203 233 267 298 329 361 392  -1  -1  -1]
 [ 24  56  88 120 151 185 216 248 279 310 341 374 404  -1  -1]
 [ 36  70 102 133 167 196 226 260 291 324 355 385 412  -1  -1]
 [ 21  50  83 114 145 179 209 241 273 305 336 367 396  -1  -1]
 [ 31  64  96 126 159 191 222 253 285 317 347 379 408  -1  -1]
 [ 17  45  77 107 139 173 204 235 266 297 328 360 391 415  -1]
 [ 28  59  89 124 154 184 215 247 278 309 340 371 402  -1  -1]
 [ -1  39  72 103 136 166 198 229 259 289 322 351 382 410  -1]
 [ 23  54  85 117 148 177 210 240 270 302 334 364 394  -1  -1]
 [ 11  32  65  97 129 161 190 221 251 283 313 345 376 405  -1]
 [ 18  46  78 111 143 170 202 234 265 295 326 356 386  -1  -1]
 [ 10  27  62  92 123 153 183 214 246 276 307 338 368 395  -1]
 [ 15  40  73 106 135 165 195 225 256 288 318 348 377 406  -1]
 [  7  25  55  86 118 149 178 208 238 269 299 330 359 388  -1]
 [ 12  34  66 100 130 158 189 219 249 280 311 339 370 400  -1]
 [ -1  19  49  81 110 141 172 201 231 262 292 321 350 381 407]
 [  9  30  61  91 122 152 182 213 243 272 301 331 363 389  -1]
 [  4  16  43  74 104 134 164 193 223 254 282 312 344 373  -1]
 [  8  26  57  87 116 147 175 206 236 264 294 323 353  -1  -1]
 [ -1  13  37  69  99 128 157 187 217 245 275 304 333 362 390]
 [ -1  22  52  80 112 140 169 199 228 257 286 315 343 372  -1]]
[Diag] Wave step complete: Added 252 structural ears.
Wave 7
   -> Island 35 Shape: (2, 2)
[[35 51]
 [42 -1]]
   -> Island 3 Shape: (2, 2)
[[ 3  1]
 [ 0 -1]]
   -> Island 252 Shape: (32, 15)
[[ -1  -1  -1  -1  -1  -1  -1  -1  -1  -1  -1  -1  -1  -1  -1]
 [ 68 101 132 163 197 230 261 293 325 357 387 414  -1  -1  -1]
 [ 48  82 115 146 180 211 242 274 306 337 369 401  -1  -1  -1]
 [ 63  95 127 160 192 224 255 287 319 352 383 411  -1  -1  -1]
 [ 44  76 109 142 174 205 237 268 300 332 366 397 417  -1  -1]
 [ 58  90 121 155 186 218 250 281 314 346 378  -1  -1  -1  -1]
 [ 38  71 105 137 168 200 232 263 296 327 358 393 416  -1  -1]
 [ 53  84 119 150 181 212 244 277 308 342 375 403  -1  -1  -1]
 [ 33  67  98 131 162 194 227 258 290 320 354 384 413  -1  -1]
 [ 47  79 113 144 176 207 239 271 303 335 365 398  -1  -1  -1]
 [ 29  60  94 125 156 188 220 252 284 316 349 380 409  -1  -1]
 [ 41  75 108 138 171 203 233 267 298 329 361 392  -1  -1  -1]
 [ 24  56  88 120 151 185 216 248 279 310 341 374 404  -1  -1]
 [ 36  70 102 133 167 196 226 260 291 324 355 385 412  -1  -1]
 [ 21  50  83 114 145 179 209 241 273 305 336 367 396  -1  -1]
 [ 31  64  96 126 159 191 222 253 285 317 347 379 408  -1  -1]
 [ 17  45  77 107 139 173 204 235 266 297 328 360 391 415  -1]
 [ 28  59  89 124 154 184 215 247 278 309 340 371 402  -1  -1]
 [ 14  39  72 103 136 166 198 229 259 289 322 351 382 410  -1]
 [ 23  54  85 117 148 177 210 240 270 302 334 364 394  -1  -1]
 [ 11  32  65  97 129 161 190 221 251 283 313 345 376 405  -1]
 [ 18  46  78 111 143 170 202 234 265 295 326 356 386  -1  -1]
 [ 10  27  62  92 123 153 183 214 246 276 307 338 368 395  -1]
 [ 15  40  73 106 135 165 195 225 256 288 318 348 377 406  -1]
 [  7  25  55  86 118 149 178 208 238 269 299 330 359 388  -1]
 [ 12  34  66 100 130 158 189 219 249 280 311 339 370 400  -1]
 [  5  19  49  81 110 141 172 201 231 262 292 321 350 381 407]
 [  9  30  61  91 122 152 182 213 243 272 301 331 363 389  -1]
 [  4  16  43  74 104 134 164 193 223 254 282 312 344 373 399]
 [  8  26  57  87 116 147 175 206 236 264 294 323 353  -1  -1]
 [ -1  13  37  69  99 128 157 187 217 245 275 304 333 362 390]
 [ -1  22  52  80 112 140 169 199 228 257 286 315 343 372  -1]]
[Diag] Wave step complete: Added 81 structural ears.
Wave 8
   -> Island 35 Shape: (2, 2)
[[35 51]
 [42 -1]]
   -> Island 3 Shape: (2, 2)
[[ 3  1]
 [ 0 -1]]
   -> Island 252 Shape: (32, 15)
[[ -1  -1  -1  -1  -1  -1  -1  -1  -1  -1  -1  -1  -1  -1  -1]
 [ 68 101 132 163 197 230 261 293 325 357 387 414  -1  -1  -1]
 [ 48  82 115 146 180 211 242 274 306 337 369 401  -1  -1  -1]
 [ 63  95 127 160 192 224 255 287 319 352 383 411  -1  -1  -1]
 [ 44  76 109 142 174 205 237 268 300 332 366 397 417  -1  -1]
 [ 58  90 121 155 186 218 250 281 314 346 378  -1  -1  -1  -1]
 [ 38  71 105 137 168 200 232 263 296 327 358 393 416  -1  -1]
 [ 53  84 119 150 181 212 244 277 308 342 375 403  -1  -1  -1]
 [ 33  67  98 131 162 194 227 258 290 320 354 384 413  -1  -1]
 [ 47  79 113 144 176 207 239 271 303 335 365 398  -1  -1  -1]
 [ 29  60  94 125 156 188 220 252 284 316 349 380 409  -1  -1]
 [ 41  75 108 138 171 203 233 267 298 329 361 392  -1  -1  -1]
 [ 24  56  88 120 151 185 216 248 279 310 341 374 404  -1  -1]
 [ 36  70 102 133 167 196 226 260 291 324 355 385 412  -1  -1]
 [ 21  50  83 114 145 179 209 241 273 305 336 367 396  -1  -1]
 [ 31  64  96 126 159 191 222 253 285 317 347 379 408  -1  -1]
 [ 17  45  77 107 139 173 204 235 266 297 328 360 391 415  -1]
 [ 28  59  89 124 154 184 215 247 278 309 340 371 402  -1  -1]
 [ 14  39  72 103 136 166 198 229 259 289 322 351 382 410  -1]
 [ 23  54  85 117 148 177 210 240 270 302 334 364 394  -1  -1]
 [ 11  32  65  97 129 161 190 221 251 283 313 345 376 405  -1]
 [ 18  46  78 111 143 170 202 234 265 295 326 356 386  -1  -1]
 [ 10  27  62  92 123 153 183 214 246 276 307 338 368 395  -1]
 [ 15  40  73 106 135 165 195 225 256 288 318 348 377 406  -1]
 [  7  25  55  86 118 149 178 208 238 269 299 330 359 388  -1]
 [ 12  34  66 100 130 158 189 219 249 280 311 339 370 400  -1]
 [  5  19  49  81 110 141 172 201 231 262 292 321 350 381 407]
 [  9  30  61  91 122 152 182 213 243 272 301 331 363 389  -1]
 [  4  16  43  74 104 134 164 193 223 254 282 312 344 373 399]
 [  8  26  57  87 116 147 175 206 236 264 294 323 353  -1  -1]
 [  2  13  37  69  99 128 157 187 217 245 275 304 333 362 390]
 [  6  22  52  80 112 140 169 199 228 257 286 315 343 372  -1]]
[Diag] Wave step complete: Added 17 structural ears.
Wave 9
   -> Island 35 Shape: (2, 2)
[[35 51]
 [42 -1]]
   -> Island 3 Shape: (2, 2)
[[ 3  1]
 [ 0 -1]]
   -> Island 252 Shape: (32, 15)
[[ -1  -1  -1  -1  -1  -1  -1  -1  -1  -1  -1  -1  -1  -1  -1]
 [ 68 101 132 163 197 230 261 293 325 357 387 414  -1  -1  -1]
 [ 48  82 115 146 180 211 242 274 306 337 369 401  -1  -1  -1]
 [ 63  95 127 160 192 224 255 287 319 352 383 411  -1  -1  -1]
 [ 44  76 109 142 174 205 237 268 300 332 366 397 417  -1  -1]
 [ 58  90 121 155 186 218 250 281 314 346 378  -1  -1  -1  -1]
 [ 38  71 105 137 168 200 232 263 296 327 358 393 416  -1  -1]
 [ 53  84 119 150 181 212 244 277 308 342 375 403  -1  -1  -1]
 [ 33  67  98 131 162 194 227 258 290 320 354 384 413  -1  -1]
 [ 47  79 113 144 176 207 239 271 303 335 365 398  -1  -1  -1]
 [ 29  60  94 125 156 188 220 252 284 316 349 380 409  -1  -1]
 [ 41  75 108 138 171 203 233 267 298 329 361 392  -1  -1  -1]
 [ 24  56  88 120 151 185 216 248 279 310 341 374 404  -1  -1]
 [ 36  70 102 133 167 196 226 260 291 324 355 385 412  -1  -1]
 [ 21  50  83 114 145 179 209 241 273 305 336 367 396  -1  -1]
 [ 31  64  96 126 159 191 222 253 285 317 347 379 408  -1  -1]
 [ 17  45  77 107 139 173 204 235 266 297 328 360 391 415  -1]
 [ 28  59  89 124 154 184 215 247 278 309 340 371 402  -1  -1]
 [ 14  39  72 103 136 166 198 229 259 289 322 351 382 410  -1]
 [ 23  54  85 117 148 177 210 240 270 302 334 364 394  -1  -1]
 [ 11  32  65  97 129 161 190 221 251 283 313 345 376 405  -1]
 [ 18  46  78 111 143 170 202 234 265 295 326 356 386  -1  -1]
 [ 10  27  62  92 123 153 183 214 246 276 307 338 368 395  -1]
 [ 15  40  73 106 135 165 195 225 256 288 318 348 377 406  -1]
 [  7  25  55  86 118 149 178 208 238 269 299 330 359 388  -1]
 [ 12  34  66 100 130 158 189 219 249 280 311 339 370 400  -1]
 [  5  19  49  81 110 141 172 201 231 262 292 321 350 381 407]
 [  9  30  61  91 122 152 182 213 243 272 301 331 363 389  -1]
 [  4  16  43  74 104 134 164 193 223 254 282 312 344 373 399]
 [  8  26  57  87 116 147 175 206 236 264 294 323 353  -1  -1]
 [  2  13  37  69  99 128 157 187 217 245 275 304 333 362 390]
 [  6  22  52  80 112 140 169 199 228 257 286 315 343 372  -1]]
[Diag] Wave step complete: Added 3 structural ears.
Wave 10
   -> Island 35 Shape: (2, 2)
[[35 51]
 [42 -1]]
   -> Island 3 Shape: (2, 2)
[[ 3  1]
 [ 0 -1]]
   -> Island 252 Shape: (32, 15)
[[ -1  -1  -1  -1  -1  -1  -1  -1  -1  -1  -1  -1  -1  -1  -1]
 [ 68 101 132 163 197 230 261 293 325 357 387 414  -1  -1  -1]
 [ 48  82 115 146 180 211 242 274 306 337 369 401  -1  -1  -1]
 [ 63  95 127 160 192 224 255 287 319 352 383 411  -1  -1  -1]
 [ 44  76 109 142 174 205 237 268 300 332 366 397 417  -1  -1]
 [ 58  90 121 155 186 218 250 281 314 346 378  -1  -1  -1  -1]
 [ 38  71 105 137 168 200 232 263 296 327 358 393 416  -1  -1]
 [ 53  84 119 150 181 212 244 277 308 342 375 403  -1  -1  -1]
 [ 33  67  98 131 162 194 227 258 290 320 354 384 413  -1  -1]
 [ 47  79 113 144 176 207 239 271 303 335 365 398  -1  -1  -1]
 [ 29  60  94 125 156 188 220 252 284 316 349 380 409  -1  -1]
 [ 41  75 108 138 171 203 233 267 298 329 361 392  -1  -1  -1]
 [ 24  56  88 120 151 185 216 248 279 310 341 374 404  -1  -1]
 [ 36  70 102 133 167 196 226 260 291 324 355 385 412  -1  -1]
 [ 21  50  83 114 145 179 209 241 273 305 336 367 396  -1  -1]
 [ 31  64  96 126 159 191 222 253 285 317 347 379 408  -1  -1]
 [ 17  45  77 107 139 173 204 235 266 297 328 360 391 415  -1]
 [ 28  59  89 124 154 184 215 247 278 309 340 371 402  -1  -1]
 [ 14  39  72 103 136 166 198 229 259 289 322 351 382 410  -1]
 [ 23  54  85 117 148 177 210 240 270 302 334 364 394  -1  -1]
 [ 11  32  65  97 129 161 190 221 251 283 313 345 376 405  -1]
 [ 18  46  78 111 143 170 202 234 265 295 326 356 386  -1  -1]
 [ 10  27  62  92 123 153 183 214 246 276 307 338 368 395  -1]
 [ 15  40  73 106 135 165 195 225 256 288 318 348 377 406  -1]
 [  7  25  55  86 118 149 178 208 238 269 299 330 359 388  -1]
 [ 12  34  66 100 130 158 189 219 249 280 311 339 370 400  -1]
 [  5  19  49  81 110 141 172 201 231 262 292 321 350 381 407]
 [  9  30  61  91 122 152 182 213 243 272 301 331 363 389  -1]
 [  4  16  43  74 104 134 164 193 223 254 282 312 344 373 399]
 [  8  26  57  87 116 147 175 206 236 264 294 323 353  -1  -1]
 [  2  13  37  69  99 128 157 187 217 245 275 304 333 362 390]
 [  6  22  52  80 112 140 169 199 228 257 286 315 343 372  -1]]
[Diag] Wave step complete: Added 2 structural ears.
   -> Island 35 Shape: (2, 2)
[[35 51]
 [42 -1]]
   -> Island 3 Shape: (2, 2)
[[ 3  1]
 [ 0 -1]]
   -> Island 252 Shape: (32, 15)
[[ -1  -1  -1  -1  -1  -1  -1  -1  -1  -1  -1  -1  -1  -1  -1]
 [ 68 101 132 163 197 230 261 293 325 357 387 414  -1  -1  -1]
 [ 48  82 115 146 180 211 242 274 306 337 369 401  -1  -1  -1]
 [ 63  95 127 160 192 224 255 287 319 352 383 411  -1  -1  -1]
 [ 44  76 109 142 174 205 237 268 300 332 366 397 417  -1  -1]
 [ 58  90 121 155 186 218 250 281 314 346 378  -1  -1  -1  -1]
 [ 38  71 105 137 168 200 232 263 296 327 358 393 416  -1  -1]
 [ 53  84 119 150 181 212 244 277 308 342 375 403  -1  -1  -1]
 [ 33  67  98 131 162 194 227 258 290 320 354 384 413  -1  -1]
 [ 47  79 113 144 176 207 239 271 303 335 365 398  -1  -1  -1]
 [ 29  60  94 125 156 188 220 252 284 316 349 380 409  -1  -1]
 [ 41  75 108 138 171 203 233 267 298 329 361 392  -1  -1  -1]
 [ 24  56  88 120 151 185 216 248 279 310 341 374 404  -1  -1]
 [ 36  70 102 133 167 196 226 260 291 324 355 385 412  -1  -1]
 [ 21  50  83 114 145 179 209 241 273 305 336 367 396  -1  -1]
 [ 31  64  96 126 159 191 222 253 285 317 347 379 408  -1  -1]
 [ 17  45  77 107 139 173 204 235 266 297 328 360 391 415  -1]
 [ 28  59  89 124 154 184 215 247 278 309 340 371 402  -1  -1]
 [ 14  39  72 103 136 166 198 229 259 289 322 351 382 410  -1]
 [ 23  54  85 117 148 177 210 240 270 302 334 364 394  -1  -1]
 [ 11  32  65  97 129 161 190 221 251 283 313 345 376 405  -1]
 [ 18  46  78 111 143 170 202 234 265 295 326 356 386  -1  -1]
 [ 10  27  62  92 123 153 183 214 246 276 307 338 368 395  -1]
 [ 15  40  73 106 135 165 195 225 256 288 318 348 377 406  -1]
 [  7  25  55  86 118 149 178 208 238 269 299 330 359 388  -1]
 [ 12  34  66 100 130 158 189 219 249 280 311 339 370 400  -1]
 [  5  19  49  81 110 141 172 201 231 262 292 321 350 381 407]
 [  9  30  61  91 122 152 182 213 243 272 301 331 363 389  -1]
 [  4  16  43  74 104 134 164 193 223 254 282 312 344 373 399]
 [  8  26  57  87 116 147 175 206 236 264 294 323 353  -1  -1]
 [  2  13  37  69  99 128 157 187 217 245 275 304 333 362 390]
 [  6  22  52  80 112 140 169 199 228 257 286 315 343 372  -1]]
[+] Success! Generated 3 individual grid matrix islands.
row: 1, col 1, length: 11
valid_mask: [1 1 1 1 1 1 1 1 1]
patch:
 [[0 0 0 1 1 0 1 1 0 0 1]
 [0 1 0 1 1 1 1 0 0 1 0]]
Hor:  {'origin_stream_phase': 29, 'recovered_sequence': [1, 0, 1, 1, 0, 0, 0, 1, 1], 'errors_corrected': [4, 7, 8], 'missing_gaps': array([], dtype=int64), 'status': 'Corrected bit flip at index [4, 7, 8] via syndrome projection', 'direction_key': 'U_forward'}
Vert:  {'origin_stream_phase': 15, 'recovered_sequence': [1, 1, 0, 0, 1, 1, 1, 0, 0, 0], 'errors_corrected': [7, 8], 'missing_gaps': array([], dtype=int64), 'status': 'Corrected bit flip at index [7, 8] via syndrome projection', 'direction_key': 'W_reverse'}
[Warning] Consistency check failed. Skip
Hor:  {'origin_stream_phase': 29, 'recovered_sequence': [1, 0, 1, 1, 1, 0, 1, 0, 1], 'errors_corrected': [6, 8], 'missing_gaps': array([], dtype=int64), 'status': 'Corrected bit flip at index [6, 8] via syndrome projection', 'direction_key': 'U_reverse'}
Vert:  {'origin_stream_phase': 2, 'recovered_sequence': [1, 1, 0, 0, 0, 0, 1, 1, 1, 0], 'errors_corrected': [4, 5], 'missing_gaps': array([], dtype=int64), 'status': 'Corrected bit flip at index [4, 5] via syndrome projection', 'direction_key': 'W_forward'}
[Warning] Consistency check failed. Skip
Hor:  {'origin_stream_phase': 29, 'recovered_sequence': [1, 0, 1, 1, 0, 1, 0, 1, 0], 'errors_corrected': [4, 5, 7], 'missing_gaps': array([], dtype=int64), 'status': 'Corrected bit flip at index [4, 5, 7] via syndrome projection', 'direction_key': 'V_forward'}
Vert:  {'origin_stream_phase': 16, 'recovered_sequence': [1, 1, 0, 0, 1, 1, 1, 1, 1, 0], 'errors_corrected': [], 'missing_gaps': array([], dtype=int64), 'status': 'Corrected bit flip at index [] via syndrome projection', 'direction_key': 'U_reverse'}
[Warning] Consistency check failed. Skip
row: 2, col 0, length: 12
valid_mask: [1 1 1 1 1 1 1 1 1 1]
patch:
 [[0 0 1 0 1 1 1 1 0 0 1 0]
 [0 1 1 1 1 1 0 0 1 1 1 1]]
Hor:  {'origin_stream_phase': 30, 'recovered_sequence': [0, 1, 1, 0, 0, 0, 1, 1, 1, 1], 'errors_corrected': [5], 'missing_gaps': array([], dtype=int64), 'status': 'Corrected bit flip at index [5] via syndrome projection', 'direction_key': 'U_forward'}
Vert:  {'origin_stream_phase': 26, 'recovered_sequence': [1, 1, 0, 1, 0, 1, 0, 0, 1, 0, 0], 'errors_corrected': [2, 8, 9, 10], 'missing_gaps': array([], dtype=int64), 'status': 'Corrected bit flip at index [2, 8, 9, 10] via syndrome projection', 'direction_key': 'W_reverse'}
[Warning] Consistency check failed. Skip
Hor:  {'origin_stream_phase': 15, 'recovered_sequence': [0, 1, 1, 0, 0, 1, 1, 1, 1, 1], 'errors_corrected': [], 'missing_gaps': array([], dtype=int64), 'status': 'Corrected bit flip at index [] via syndrome projection', 'direction_key': 'U_reverse'}
Vert:  {'origin_stream_phase': 17, 'recovered_sequence': [1, 1, 1, 1, 0, 1, 0, 0, 0, 1, 0], 'errors_corrected': [10], 'missing_gaps': array([], dtype=int64), 'status': 'Corrected bit flip at index [10] via syndrome projection', 'direction_key': 'W_forward'}
[Warning] Consistency check failed. Skip
Hor:  {'origin_stream_phase': 22, 'recovered_sequence': [0, 1, 1, 0, 0, 0, 0, 1, 0, 1], 'errors_corrected': [5, 6, 8], 'missing_gaps': array([], dtype=int64), 'status': 'Corrected bit flip at index [5, 6, 8] via syndrome projection', 'direction_key': 'V_forward'}
Vert:  {'origin_stream_phase': 1, 'recovered_sequence': [1, 1, 0, 1, 0, 1, 0, 0, 0, 0, 1], 'errors_corrected': [2, 9], 'missing_gaps': array([], dtype=int64), 'status': 'Corrected bit flip at index [2, 9] via syndrome projection', 'direction_key': 'U_reverse'}
[Warning] Consistency check failed. Skip
Hor:  {'origin_stream_phase': 14, 'recovered_sequence': [0, 1, 1, 0, 0, 1, 1, 1, 0, 0], 'errors_corrected': [8, 9], 'missing_gaps': array([], dtype=int64), 'status': 'Corrected bit flip at index [8, 9] via syndrome projection', 'direction_key': 'W_reverse'}
Vert:  {'origin_stream_phase': 14, 'recovered_sequence': [1, 1, 1, 1, 0, 0, 1, 0, 0, 1, 1], 'errors_corrected': [5, 6], 'missing_gaps': array([], dtype=int64), 'status': 'Corrected bit flip at index [5, 6] via syndrome projection', 'direction_key': 'V_forward'}
[Warning] Consistency check failed. Skip
row: 3, col 1, length: 11
valid_mask: [1 1 1 1 1 1 1 1 1]
patch:
 [[1 1 1 1 1 0 0 1 1 1 1]
 [1 1 0 1 1 0 1 1 0 1 1]]
Hor:  {'origin_stream_phase': 22, 'recovered_sequence': [0, 1, 1, 0, 0, 0, 0, 1, 0], 'errors_corrected': [3, 4, 8], 'missing_gaps': array([], dtype=int64), 'status': 'Corrected bit flip at index [3, 4, 8] via syndrome projection', 'direction_key': 'V_forward'}
Vert:  {'origin_stream_phase': 15, 'recovered_sequence': [0, 1, 1, 0, 0, 1, 1, 1, 1, 1], 'errors_corrected': [9], 'missing_gaps': array([], dtype=int64), 'status': 'Corrected bit flip at index [9] via syndrome projection', 'direction_key': 'U_reverse'}
[Warning] Consistency check failed. Skip
Hor:  {'origin_stream_phase': 17, 'recovered_sequence': [0, 1, 1, 1, 0, 0, 0, 1, 0], 'errors_corrected': [4, 8], 'missing_gaps': array([], dtype=int64), 'status': 'Corrected bit flip at index [4, 8] via syndrome projection', 'direction_key': 'V_reverse'}
Vert:  {'origin_stream_phase': 30, 'recovered_sequence': [0, 1, 1, 0, 0, 0, 1, 1, 1, 1], 'errors_corrected': [5, 9], 'missing_gaps': array([], dtype=int64), 'status': 'Corrected bit flip at index [5, 9] via syndrome projection', 'direction_key': 'U_forward'}
[Warning] Consistency check failed. Skip
Hor:  {'origin_stream_phase': 1, 'recovered_sequence': [0, 1, 1, 0, 0, 0, 0, 1, 1], 'errors_corrected': [3, 4], 'missing_gaps': array([], dtype=int64), 'status': 'Corrected bit flip at index [3, 4] via syndrome projection', 'direction_key': 'W_forward'}
Vert:  {'origin_stream_phase': 4, 'recovered_sequence': [0, 1, 1, 0, 0, 1, 0, 0, 1, 1], 'errors_corrected': [6, 7, 9], 'missing_gaps': array([], dtype=int64), 'status': 'Corrected bit flip at index [6, 7, 9] via syndrome projection', 'direction_key': 'V_reverse'}
[Warning] Consistency check failed. Skip
row: 6, col 0, length: 12
valid_mask: [1 1 1 1 1 1 1 1 1 1]
patch:
 [[1 0 0 0 0 0 1 0 1 1 0 1]
 [0 0 1 1 0 0 1 0 0 1 1 1]]
row: 7, col 1, length: 11
valid_mask: [1 1 1 1 1 1 1 1 1]
patch:
 [[0 1 1 0 0 1 0 0 1 1 1]
 [1 0 1 0 1 1 0 0 0 1 0]]
Hor:  {'origin_stream_phase': 3, 'recovered_sequence': [1, 0, 1, 0, 0, 0, 1, 1, 1], 'errors_corrected': [4, 5, 7], 'missing_gaps': array([], dtype=int64), 'status': 'Corrected bit flip at index [4, 5, 7] via syndrome projection', 'direction_key': 'V_forward'}
Vert:  {'origin_stream_phase': 13, 'recovered_sequence': [0, 1, 0, 1, 1, 0, 0, 1, 1, 1], 'errors_corrected': [], 'missing_gaps': array([], dtype=int64), 'status': 'Corrected bit flip at index [] via syndrome projection', 'direction_key': 'U_reverse'}
[Warning] Consistency check failed. Skip
Hor:  {'origin_stream_phase': 24, 'recovered_sequence': [1, 0, 1, 0, 1, 1, 0, 1, 0], 'errors_corrected': [6, 7, 8], 'missing_gaps': array([], dtype=int64), 'status': 'Corrected bit flip at index [6, 7, 8] via syndrome projection', 'direction_key': 'V_reverse'}
Vert:  {'origin_stream_phase': 24, 'recovered_sequence': [0, 1, 0, 1, 1, 1, 0, 1, 1, 0], 'errors_corrected': [5, 9], 'missing_gaps': array([], dtype=int64), 'status': 'Corrected bit flip at index [5, 9] via syndrome projection', 'direction_key': 'U_forward'}
[Warning] Consistency check failed. Skip
Hor:  {'origin_stream_phase': 29, 'recovered_sequence': [1, 0, 1, 0, 1, 1, 0, 0, 0], 'errors_corrected': [6, 8], 'missing_gaps': array([], dtype=int64), 'status': 'Corrected bit flip at index [6, 8] via syndrome projection', 'direction_key': 'W_forward'}
Vert:  {'origin_stream_phase': 25, 'recovered_sequence': [0, 1, 0, 1, 1, 0, 1, 0, 0, 0], 'errors_corrected': [6, 7, 8, 9], 'missing_gaps': array([], dtype=int64), 'status': 'Corrected bit flip at index [6, 7, 8, 9] via syndrome projection', 'direction_key': 'V_reverse'}
[Warning] Consistency check failed. Skip
row: 8, col 0, length: 12
valid_mask: [1 1 1 1 1 1 1 1 1 1]
patch:
 [[1 1 0 1 0 1 1 0 0 0 1 0]
 [0 1 0 0 1 0 0 0 0 0 0 1]]
Hor:  {'origin_stream_phase': 12, 'recovered_sequence': [0, 0, 1, 0, 1, 1, 0, 0, 1, 1], 'errors_corrected': [], 'missing_gaps': array([], dtype=int64), 'status': 'Corrected bit flip at index [] via syndrome projection', 'direction_key': 'U_reverse'}
Vert:  {'origin_stream_phase': 20, 'recovered_sequence': [1, 0, 1, 0, 0, 0, 1, 0, 0, 1, 0], 'errors_corrected': [], 'missing_gaps': array([], dtype=int64), 'status': 'Corrected bit flip at index [] via syndrome projection', 'direction_key': 'W_forward'}
{'status': 'success', 'row': 23, 'col': 30, 'b': (-12, -8, 20), 'horizontal_axis': 'U', 'direction': 'reverse', 'errors_corrected': 0, 'erasures': 0}
[Info] Consistency check passed. Best result updated.
[[1 1 0 1 0 1 1 0 0 0 1 0]
 [0 1 0 0 1 0 0 0 0 0 0 1]]
row: 9, col 1, length: 11
valid_mask: [1 1 1 1 1 1 1 1 1]
patch:
 [[1 0 0 1 0 0 0 0 0 0 1]
 [0 1 1 1 0 1 0 0 0 1 1]]
Hor:  {'origin_stream_phase': 15, 'recovered_sequence': [1, 1, 1, 0, 0, 1, 0, 0, 1], 'errors_corrected': [3, 4, 8], 'missing_gaps': array([], dtype=int64), 'status': 'Corrected bit flip at index [3, 4, 8] via syndrome projection', 'direction_key': 'V_forward'}
Vert:  {'origin_stream_phase': 12, 'recovered_sequence': [0, 0, 1, 0, 1, 1, 0, 0, 1, 1], 'errors_corrected': [], 'missing_gaps': array([], dtype=int64), 'status': 'Corrected bit flip at index [] via syndrome projection', 'direction_key': 'U_reverse'}
[Warning] Consistency check failed. Skip
row: 10, col 0, length: 12
valid_mask: [1 1 1 1 1 1 1 1 1 1]
patch:
 [[0 0 1 1 1 0 1 0 0 0 1 1]
 [1 1 1 1 1 0 0 1 1 0 1 0]]
Hor:  {'origin_stream_phase': 11, 'recovered_sequence': [1, 0, 0, 1, 0, 1, 1, 0, 0, 1], 'errors_corrected': [], 'missing_gaps': array([], dtype=int64), 'status': 'Corrected bit flip at index [] via syndrome projection', 'direction_key': 'U_reverse'}
Vert:  {'origin_stream_phase': 21, 'recovered_sequence': [0, 1, 0, 0, 0, 1, 0, 0, 1, 0, 1], 'errors_corrected': [], 'missing_gaps': array([], dtype=int64), 'status': 'Corrected bit flip at index [] via syndrome projection', 'direction_key': 'W_forward'}
{'status': 'success', 'row': 21, 'col': 30, 'b': (-11, -10, 21), 'horizontal_axis': 'U', 'direction': 'reverse', 'errors_corrected': 0, 'erasures': 0}
row: 11, col 1, length: 11
valid_mask: [1 1 1 1 1 1 1 1 1]
patch:
 [[1 1 1 1 0 0 1 1 0 1 0]
 [0 1 1 1 1 1 1 0 1 0 1]]
Hor:  {'origin_stream_phase': 1, 'recovered_sequence': [1, 0, 1, 0, 1, 0, 0, 0, 1], 'errors_corrected': [8], 'missing_gaps': array([], dtype=int64), 'status': 'Corrected bit flip at index [8] via syndrome projection', 'direction_key': 'V_forward'}
Vert:  {'origin_stream_phase': 11, 'recovered_sequence': [1, 0, 0, 1, 0, 1, 1, 0, 0, 1], 'errors_corrected': [9], 'missing_gaps': array([], dtype=int64), 'status': 'Corrected bit flip at index [9] via syndrome projection', 'direction_key': 'U_reverse'}
[Warning] Consistency check failed. Skip
Hor:  {'origin_stream_phase': 0, 'recovered_sequence': [1, 0, 1, 1, 0, 0, 0, 0, 1], 'errors_corrected': [3, 4, 8], 'missing_gaps': array([], dtype=int64), 'status': 'Corrected bit flip at index [3, 4, 8] via syndrome projection', 'direction_key': 'W_forward'}
Vert:  {'origin_stream_phase': 0, 'recovered_sequence': [1, 0, 0, 0, 0, 1, 1, 0, 0, 1], 'errors_corrected': [3, 9], 'missing_gaps': array([], dtype=int64), 'status': 'Corrected bit flip at index [3, 9] via syndrome projection', 'direction_key': 'V_reverse'}
[Warning] Consistency check failed. Skip
row: 12, col 0, length: 13
valid_mask: [1 1 1 1 1 1 1 1 1 1 1]
patch:
 [[0 0 1 1 1 1 1 1 0 1 0 1 1]
 [1 0 1 1 1 0 0 0 0 1 1 1 1]]
Hor:  {'origin_stream_phase': 10, 'recovered_sequence': [0, 1, 0, 0, 1, 0, 1, 1, 0, 0, 1], 'errors_corrected': [9, 10], 'missing_gaps': array([], dtype=int64), 'status': 'Corrected bit flip at index [9, 10] via syndrome projection', 'direction_key': 'U_reverse'}
Vert:  {'origin_stream_phase': 22, 'recovered_sequence': [1, 0, 0, 0, 1, 0, 0, 1, 0, 1, 0, 1], 'errors_corrected': [10, 11], 'missing_gaps': array([], dtype=int64), 'status': 'Corrected bit flip at index [10, 11] via syndrome projection', 'direction_key': 'W_forward'}
{'status': 'success', 'row': 19, 'col': 30, 'b': (-10, -12, 22), 'horizontal_axis': 'U', 'direction': 'reverse', 'errors_corrected': 4, 'erasures': 0}
row: 13, col 1, length: 12
valid_mask: [1 1 1 1 1 1 1 1 1 1]
patch:
 [[0 1 1 1 0 0 0 0 1 1 1 1]
 [0 1 0 0 1 0 0 1 1 1 1 1]]
Hor:  {'origin_stream_phase': 20, 'recovered_sequence': [1, 1, 1, 1, 1, 0, 0, 0, 1, 1], 'errors_corrected': [8, 9], 'missing_gaps': array([], dtype=int64), 'status': 'Corrected bit flip at index [8, 9] via syndrome projection', 'direction_key': 'U_reverse'}
Vert:  {'origin_stream_phase': 27, 'recovered_sequence': [0, 0, 1, 0, 1, 0, 1, 1, 0, 0, 0], 'errors_corrected': [1, 2], 'missing_gaps': array([], dtype=int64), 'status': 'Corrected bit flip at index [1, 2] via syndrome projection', 'direction_key': 'W_forward'}
[Warning] Consistency check failed. Skip
Hor:  {'origin_stream_phase': 20, 'recovered_sequence': [1, 0, 0, 1, 1, 0, 0, 0, 0, 1], 'errors_corrected': [1, 2, 9], 'missing_gaps': array([], dtype=int64), 'status': 'Corrected bit flip at index [1, 2, 9] via syndrome projection', 'direction_key': 'V_forward'}
Vert:  {'origin_stream_phase': 10, 'recovered_sequence': [0, 1, 0, 0, 1, 0, 1, 1, 0, 0, 1], 'errors_corrected': [10], 'missing_gaps': array([], dtype=int64), 'status': 'Corrected bit flip at index [10] via syndrome projection', 'direction_key': 'U_reverse'}
[Warning] Consistency check failed. Skip
Hor:  {'origin_stream_phase': 17, 'recovered_sequence': [1, 1, 1, 1, 0, 1, 0, 0, 0, 1], 'errors_corrected': [4, 5, 9], 'missing_gaps': array([], dtype=int64), 'status': 'Corrected bit flip at index [4, 5, 9] via syndrome projection', 'direction_key': 'W_forward'}
Vert:  {'origin_stream_phase': 30, 'recovered_sequence': [0, 1, 0, 0, 0, 0, 1, 1, 0, 0, 1], 'errors_corrected': [4, 10], 'missing_gaps': array([], dtype=int64), 'status': 'Corrected bit flip at index [4, 10] via syndrome projection', 'direction_key': 'V_reverse'}
[Warning] Consistency check failed. Skip
row: 14, col 0, length: 13
valid_mask: [1 1 1 1 1 1 1 1 1 1 1]
patch:
 [[1 0 1 0 0 1 0 0 1 1 1 1 1]
 [1 0 1 0 1 0 1 0 1 0 0 1 1]]
Hor:  {'origin_stream_phase': 20, 'recovered_sequence': [0, 0, 0, 1, 0, 1, 0, 1, 1, 1, 0], 'errors_corrected': [2, 3, 9, 10], 'missing_gaps': array([], dtype=int64), 'status': 'Corrected bit flip at index [2, 3, 9, 10] via syndrome projection', 'direction_key': 'U_forward'}
Vert:  {'origin_stream_phase': 23, 'recovered_sequence': [0, 0, 0, 1, 1, 0, 1, 0, 1, 0, 0, 1], 'errors_corrected': [4, 10, 11], 'missing_gaps': array([], dtype=int64), 'status': 'Corrected bit flip at index [4, 10, 11] via syndrome projection', 'direction_key': 'W_reverse'}
[Warning] Consistency check failed. Skip
Hor:  {'origin_stream_phase': 9, 'recovered_sequence': [0, 0, 1, 0, 0, 1, 0, 1, 1, 0, 0], 'errors_corrected': [10], 'missing_gaps': array([], dtype=int64), 'status': 'Corrected bit flip at index [10] via syndrome projection', 'direction_key': 'U_reverse'}
Vert:  {'origin_stream_phase': 23, 'recovered_sequence': [0, 0, 0, 1, 0, 0, 1, 0, 1, 0, 1, 1], 'errors_corrected': [11], 'missing_gaps': array([], dtype=int64), 'status': 'Corrected bit flip at index [11] via syndrome projection', 'direction_key': 'W_forward'}
[Warning] Consistency check failed. Skip
row: 15, col 1, length: 12
valid_mask: [1 1 1 1 1 1 1 1 1 1]
patch:
 [[0 1 0 1 0 1 0 1 0 0 1 1]
 [0 1 0 0 1 0 0 1 1 0 1 1]]
row: 16, col 0, length: 13
valid_mask: [1 1 1 1 1 1 1 1 1 1 1]
patch:
 [[1 0 1 0 0 1 0 0 1 1 0 1 1]
 [1 0 1 1 1 0 0 0 0 0 0 0 0]]
Hor:  {'origin_stream_phase': 8, 'recovered_sequence': [0, 0, 0, 1, 0, 0, 1, 0, 1, 1, 0], 'errors_corrected': [], 'missing_gaps': array([], dtype=int64), 'status': 'Corrected bit flip at index [] via syndrome projection', 'direction_key': 'U_reverse'}
Vert:  {'origin_stream_phase': 24, 'recovered_sequence': [0, 0, 1, 0, 0, 1, 0, 1, 0, 1, 1, 0], 'errors_corrected': [], 'missing_gaps': array([], dtype=int64), 'status': 'Corrected bit flip at index [] via syndrome projection', 'direction_key': 'W_forward'}
{'status': 'success', 'row': 15, 'col': 30, 'b': (-8, -16, 24), 'horizontal_axis': 'U', 'direction': 'reverse', 'errors_corrected': 0, 'erasures': 0}
row: 17, col 1, length: 12
valid_mask: [1 1 1 1 1 1 1 1 1 1]
patch:
 [[0 1 1 1 0 0 0 0 0 0 0 0]
 [0 1 1 1 1 1 1 0 0 1 0 0]]
Hor:  {'origin_stream_phase': 23, 'recovered_sequence': [1, 1, 0, 0, 0, 0, 1, 0, 1, 1], 'errors_corrected': [1, 2], 'missing_gaps': array([], dtype=int64), 'status': 'Corrected bit flip at index [1, 2] via syndrome projection', 'direction_key': 'V_forward'}
Vert:  {'origin_stream_phase': 8, 'recovered_sequence': [0, 0, 0, 1, 0, 0, 1, 0, 1, 1, 0], 'errors_corrected': [], 'missing_gaps': array([], dtype=int64), 'status': 'Corrected bit flip at index [] via syndrome projection', 'direction_key': 'U_reverse'}
[Warning] Consistency check failed. Skip
row: 18, col 0, length: 13
valid_mask: [1 1 1 1 1 1 1 1 1 1 1]
patch:
 [[1 0 1 1 1 1 1 1 0 0 1 0 0]
 [0 1 1 1 1 0 0 1 0 1 1 0 0]]
Hor:  {'origin_stream_phase': 7, 'recovered_sequence': [0, 0, 0, 0, 1, 0, 0, 1, 0, 1, 1], 'errors_corrected': [], 'missing_gaps': array([], dtype=int64), 'status': 'Corrected bit flip at index [] via syndrome projection', 'direction_key': 'U_reverse'}
Vert:  {'origin_stream_phase': 25, 'recovered_sequence': [0, 1, 0, 0, 1, 0, 1, 0, 1, 1, 0, 0], 'errors_corrected': [], 'missing_gaps': array([], dtype=int64), 'status': 'Corrected bit flip at index [] via syndrome projection', 'direction_key': 'W_forward'}
{'status': 'success', 'row': 13, 'col': 30, 'b': (-7, -18, 25), 'horizontal_axis': 'U', 'direction': 'reverse', 'errors_corrected': 0, 'erasures': 0}
row: 19, col 1, length: 12
valid_mask: [1 1 1 1 1 1 1 1 1 1]
patch:
 [[1 1 1 1 0 0 1 0 1 1 0 0]
 [0 0 0 1 1 0 1 0 0 0 0 1]]
row: 20, col 0, length: 13
valid_mask: [1 1 1 1 1 1 1 1 1 1 1]
patch:
 [[0 0 0 0 1 1 0 1 0 0 0 0 1]
 [1 0 0 0 1 0 0 1 1 0 0 0 1]]
Hor:  {'origin_stream_phase': 1, 'recovered_sequence': [1, 1, 0, 1, 0, 1, 0, 0, 0, 0, 1], 'errors_corrected': [1, 2, 8], 'missing_gaps': array([], dtype=int64), 'status': 'Corrected bit flip at index [1, 2, 8] via syndrome projection', 'direction_key': 'U_reverse'}
Vert:  {'origin_stream_phase': 26, 'recovered_sequence': [1, 0, 0, 1, 0, 1, 0, 1, 1, 0, 0, 0], 'errors_corrected': [3, 4], 'missing_gaps': array([], dtype=int64), 'status': 'Corrected bit flip at index [3, 4] via syndrome projection', 'direction_key': 'W_forward'}
[Warning] Consistency check failed. Skip
row: 21, col 1, length: 12
valid_mask: [1 1 1 1 1 1 1 1 1 1]
patch:
 [[0 0 0 1 0 0 1 1 0 0 0 1]
 [0 1 1 0 1 1 1 1 0 1 1 1]]
Hor:  {'origin_stream_phase': 25, 'recovered_sequence': [1, 0, 1, 1, 1, 0, 1, 1, 0, 0], 'errors_corrected': [1, 2, 8, 9], 'missing_gaps': array([], dtype=int64), 'status': 'Corrected bit flip at index [1, 2, 8, 9] via syndrome projection', 'direction_key': 'U_forward'}
Vert:  {'origin_stream_phase': 29, 'recovered_sequence': [1, 0, 1, 0, 0, 1, 0, 0, 0, 1, 0], 'errors_corrected': [2, 8, 9, 10], 'missing_gaps': array([], dtype=int64), 'status': 'Corrected bit flip at index [2, 8, 9, 10] via syndrome projection', 'direction_key': 'W_reverse'}
[Warning] Consistency check failed. Skip
Hor:  {'origin_stream_phase': 9, 'recovered_sequence': [1, 1, 1, 1, 1, 0, 1, 1, 0, 0], 'errors_corrected': [2, 8, 9], 'missing_gaps': array([], dtype=int64), 'status': 'Corrected bit flip at index [2, 8, 9] via syndrome projection', 'direction_key': 'W_reverse'}
Vert:  {'origin_stream_phase': 15, 'recovered_sequence': [1, 1, 1, 0, 0, 1, 0, 0, 1, 1, 0], 'errors_corrected': [1, 2, 9, 10], 'missing_gaps': array([], dtype=int64), 'status': 'Corrected bit flip at index [1, 2, 9, 10] via syndrome projection', 'direction_key': 'V_forward'}
[Warning] Consistency check failed. Skip
row: 22, col 0, length: 14
valid_mask: [1 1 1 1 1 1 1 1 1 1 1 1]
patch:
 [[1 0 1 1 0 1 1 1 1 0 1 1 1 0]
 [0 1 0 1 0 0 0 1 0 1 0 0 0 1]]
Hor:  {'origin_stream_phase': 5, 'recovered_sequence': [0, 1, 0, 0, 0, 0, 1, 0, 0, 1, 0, 1], 'errors_corrected': [], 'missing_gaps': array([], dtype=int64), 'status': 'Corrected bit flip at index [] via syndrome projection', 'direction_key': 'U_reverse'}
Vert:  {'origin_stream_phase': 27, 'recovered_sequence': [0, 0, 1, 0, 1, 0, 1, 1, 0, 0, 0, 0, 1], 'errors_corrected': [12], 'missing_gaps': array([], dtype=int64), 'status': 'Corrected bit flip at index [12] via syndrome projection', 'direction_key': 'W_forward'}
[Warning] Consistency check failed. Skip
row: 23, col 1, length: 13
valid_mask: [1 1 1 1 1 1 1 1 1 1 1]
patch:
 [[1 0 1 0 0 0 1 0 1 0 0 0 1]
 [1 0 0 1 1 1 0 0 1 0 1 1 0]]
Hor:  {'origin_stream_phase': 19, 'recovered_sequence': [0, 0, 0, 0, 1, 0, 1, 0, 1, 1, 1], 'errors_corrected': [1, 2], 'missing_gaps': array([], dtype=int64), 'status': 'Corrected bit flip at index [1, 2] via syndrome projection', 'direction_key': 'U_forward'}
Vert:  {'origin_stream_phase': 28, 'recovered_sequence': [0, 1, 0, 1, 0, 0, 1, 0, 0, 0, 1, 0], 'errors_corrected': [3, 9, 10], 'missing_gaps': array([], dtype=int64), 'status': 'Corrected bit flip at index [3, 9, 10] via syndrome projection', 'direction_key': 'W_reverse'}
[Warning] Consistency check failed. Skip
Hor:  {'origin_stream_phase': 28, 'recovered_sequence': [0, 1, 0, 1, 1, 0, 1, 0, 1, 0, 0], 'errors_corrected': [2, 3, 9, 10], 'missing_gaps': array([], dtype=int64), 'status': 'Corrected bit flip at index [2, 3, 9, 10] via syndrome projection', 'direction_key': 'V_forward'}
Vert:  {'origin_stream_phase': 5, 'recovered_sequence': [0, 1, 0, 0, 0, 0, 1, 0, 0, 1, 0, 1], 'errors_corrected': [11], 'missing_gaps': array([], dtype=int64), 'status': 'Corrected bit flip at index [11] via syndrome projection', 'direction_key': 'U_reverse'}
[Warning] Consistency check failed. Skip
row: 24, col 0, length: 14
valid_mask: [1 1 1 1 1 1 1 1 1 1 1 1]
patch:
 [[1 1 0 0 1 1 1 0 0 1 0 1 1 0]
 [0 0 0 0 0 0 1 1 1 0 1 0 1 1]]
Hor:  {'origin_stream_phase': 4, 'recovered_sequence': [1, 0, 1, 0, 0, 0, 0, 1, 0, 0, 1, 0], 'errors_corrected': [], 'missing_gaps': array([], dtype=int64), 'status': 'Corrected bit flip at index [] via syndrome projection', 'direction_key': 'U_reverse'}
Vert:  {'origin_stream_phase': 28, 'recovered_sequence': [0, 1, 0, 1, 0, 1, 1, 0, 0, 0, 0, 1, 1], 'errors_corrected': [], 'missing_gaps': array([], dtype=int64), 'status': 'Corrected bit flip at index [] via syndrome projection', 'direction_key': 'W_forward'}
{'status': 'success', 'row': 7, 'col': 30, 'b': (-4, -24, 28), 'horizontal_axis': 'U', 'direction': 'reverse', 'errors_corrected': 0, 'erasures': 0}
row: 25, col 1, length: 13
valid_mask: [1 1 1 1 1 1 1 1 1 1 1]
patch:
 [[0 0 0 0 0 1 1 1 0 1 0 1 1]
 [0 1 1 0 0 1 1 1 1 0 1 1 1]]
Hor:  {'origin_stream_phase': 25, 'recovered_sequence': [1, 0, 1, 1, 1, 0, 1, 1, 0, 0, 0], 'errors_corrected': [], 'missing_gaps': array([], dtype=int64), 'status': 'Corrected bit flip at index [] via syndrome projection', 'direction_key': 'U_forward'}
Vert:  {'origin_stream_phase': 27, 'recovered_sequence': [1, 0, 1, 0, 1, 0, 0, 1, 0, 0, 0, 1], 'errors_corrected': [4, 10, 11], 'missing_gaps': array([], dtype=int64), 'status': 'Corrected bit flip at index [4, 10, 11] via syndrome projection', 'direction_key': 'W_reverse'}
[Warning] Consistency check failed. Skip
row: 26, col 0, length: 14
valid_mask: [1 1 1 1 1 1 1 1 1 1 1 1]
patch:
 [[0 0 1 1 0 0 1 1 1 1 0 1 1 1]
 [0 1 0 1 0 1 1 1 1 1 0 0 1 0]]
Hor:  {'origin_stream_phase': 3, 'recovered_sequence': [0, 1, 0, 1, 0, 0, 0, 0, 1, 0, 0, 1], 'errors_corrected': [], 'missing_gaps': array([], dtype=int64), 'status': 'Corrected bit flip at index [] via syndrome projection', 'direction_key': 'U_reverse'}
Vert:  {'origin_stream_phase': 29, 'recovered_sequence': [1, 0, 1, 0, 1, 1, 0, 0, 0, 0, 1, 1, 1], 'errors_corrected': [], 'missing_gaps': array([], dtype=int64), 'status': 'Corrected bit flip at index [] via syndrome projection', 'direction_key': 'W_forward'}
{'status': 'success', 'row': 5, 'col': 30, 'b': (-3, -26, 29), 'horizontal_axis': 'U', 'direction': 'reverse', 'errors_corrected': 0, 'erasures': 0}
row: 27, col 1, length: 13
valid_mask: [1 1 1 1 1 1 1 1 1 1 1]
patch:
 [[1 0 1 0 1 1 1 1 1 0 0 1 0]
 [0 1 1 1 0 0 0 0 0 0 0 1 1]]
row: 28, col 0, length: 13
valid_mask: [1 1 1 1 1 1 1 1 1 1 1]
patch:
 [[0 0 1 1 1 0 0 0 0 0 0 0 1]
 [0 0 0 0 0 1 1 1 1 1 0 1 1]]
Hor:  {'origin_stream_phase': 20, 'recovered_sequence': [1, 1, 1, 1, 1, 0, 0, 0, 1, 1, 0], 'errors_corrected': [1, 2, 8], 'missing_gaps': array([], dtype=int64), 'status': 'Corrected bit flip at index [1, 2, 8] via syndrome projection', 'direction_key': 'U_reverse'}
Vert:  {'origin_stream_phase': 30, 'recovered_sequence': [0, 1, 0, 1, 1, 0, 0, 0, 0, 1, 1, 1], 'errors_corrected': [3, 4], 'missing_gaps': array([], dtype=int64), 'status': 'Corrected bit flip at index [3, 4] via syndrome projection', 'direction_key': 'W_forward'}
[Warning] Consistency check failed. Skip
Hor:  {'origin_stream_phase': 16, 'recovered_sequence': [1, 0, 1, 1, 1, 0, 0, 0, 1, 0, 1], 'errors_corrected': [2, 8, 9, 10], 'missing_gaps': array([], dtype=int64), 'status': 'Corrected bit flip at index [2, 8, 9, 10] via syndrome projection', 'direction_key': 'V_reverse'}
Vert:  {'origin_stream_phase': 14, 'recovered_sequence': [0, 1, 0, 0, 1, 0, 0, 0, 0, 1, 0, 1], 'errors_corrected': [4, 10], 'missing_gaps': array([], dtype=int64), 'status': 'Corrected bit flip at index [4, 10] via syndrome projection', 'direction_key': 'U_forward'}
[Warning] Consistency check failed. Skip
row: 29, col 1, length: 12
valid_mask: [1 1 1 1 1 1 1 1 1 1]
patch:
 [[0 0 0 0 1 1 1 1 1 0 1 1]
 [1 0 0 1 0 1 1 1 1 0 0 0]]
Hor:  {'origin_stream_phase': 13, 'recovered_sequence': [1, 1, 1, 1, 1, 0, 0, 1, 0, 0], 'errors_corrected': [1, 2], 'missing_gaps': array([], dtype=int64), 'status': 'Corrected bit flip at index [1, 2] via syndrome projection', 'direction_key': 'V_forward'}
Vert:  {'origin_stream_phase': 2, 'recovered_sequence': [1, 0, 1, 0, 1, 0, 0, 0, 0, 1, 0], 'errors_corrected': [], 'missing_gaps': array([], dtype=int64), 'status': 'Corrected bit flip at index [] via syndrome projection', 'direction_key': 'U_reverse'}
[Warning] Consistency check failed. Skip
row: 30, col 0, length: 14
valid_mask: [1 1 1 1 1 1 1 1 1 1 1 1]
patch:
 [[0 1 0 0 1 0 1 1 1 1 0 0 0 0]
 [1 0 1 0 0 1 0 0 0 1 1 1 1 1]]
Target coords: 23 30
Processing test case compound_rotation_5_0019...
[Diag] Reference step from all edges: 33.97 px; max edge: 41.53
[DIAG] scaler:
 [[ 0.          0.         10.90038885 10.63221338 10.03734249  9.08164242  8.2818616 ]
 [ 0.         10.43177123 10.46764421 10.18942791  9.62129278  8.89662801  0.        ]
 [ 0.          3.34604575  9.96467818  9.55079667  8.94674288  8.56638144  0.        ]
 [ 2.0352472   0.          0.          8.69057366  8.44980452  0.          0.        ]
 [ 0.          0.          0.          0.          0.          0.          0.        ]]
[Diag] Total Delaunay faces: 1222
[Diag] Drop by edge length:  155
[Diag] Drop by angle check: 0
[Diag] Validated geometric seeds left: 1067
Wave 0
   -> Island 203 Shape: (2, 2)
[[203 239]
 [206  -1]]
   -> Island 30 Shape: (2, 2)
[[30 33]
 [29 -1]]
   -> Island 503 Shape: (2, 2)
[[503 507]
 [468  -1]]
   -> Island 556 Shape: (2, 2)
[[556 549]
 [523  -1]]
   -> Island 418 Shape: (2, 2)
[[418 394]
 [398  -1]]
   -> Island 163 Shape: (2, 2)
[[163 189]
 [166  -1]]
   -> Island 147 Shape: (2, 2)
[[147 125]
 [124  -1]]
   -> Island 46 Shape: (2, 2)
[[46 35]
 [45 -1]]
   -> Island 464 Shape: (2, 2)
[[464 496]
 [495  -1]]
   -> Island 286 Shape: (2, 2)
[[286 317]
 [316  -1]]
   -> Island 432 Shape: (2, 2)
[[432 397]
 [382  -1]]
   -> Island 135 Shape: (2, 2)
[[135 113]
 [133  -1]]
   -> Island 320 Shape: (2, 2)
[[320 350]
 [351  -1]]
   -> Island 447 Shape: (2, 2)
[[447 481]
 [483  -1]]
   -> Island 190 Shape: (2, 2)
[[190 160]
 [161  -1]]
   -> Island 174 Shape: (2, 2)
[[174 175]
 [151  -1]]
   -> Island 431 Shape: (2, 2)
[[431 396]
 [401  -1]]
   -> Island 313 Shape: (2, 2)
[[313 312]
 [343  -1]]
   -> Island 264 Shape: (2, 2)
[[264 296]
 [265  -1]]
   -> Island 543 Shape: (2, 2)
[[543 570]
 [539  -1]]
   -> Island 531 Shape: (2, 2)
[[531 532]
 [563  -1]]
   -> Island 51 Shape: (2, 2)
[[51 64]
 [52 -1]]
   -> Island 55 Shape: (2, 2)
[[55 54]
 [40 -1]]
   -> Island 606 Shape: (2, 2)
[[606 605]
 [585  -1]]
   -> Island 611 Shape: (2, 2)
[[611 583]
 [615  -1]]
   -> Island 274 Shape: (2, 2)
[[274 308]
 [307  -1]]
[Diag] Wave step complete: Added 66 structural ears.
Wave 1
   -> Island 203 Shape: (2, 2)
[[203 239]
 [206  -1]]
   -> Island 30 Shape: (2, 2)
[[30 33]
 [29 -1]]
   -> Island 503 Shape: (4, 3)
[[ -1  -1  -1]
 [ -1 536  -1]
 [ -1 503 507]
 [471 468 474]]
   -> Island 556 Shape: (4, 3)
[[ -1  -1  -1]
 [ -1 587  -1]
 [ -1 556 549]
 [519 523 525]]
   -> Island 418 Shape: (4, 3)
[[ -1  -1  -1]
 [ -1 416  -1]
 [ -1 418 394]
 [421 398 361]]
   -> Island 163 Shape: (4, 3)
[[ -1  -1  -1]
 [ -1 187  -1]
 [ -1 163 189]
 [144 166 188]]
   -> Island 147 Shape: (4, 3)
[[ -1  -1  -1]
 [ -1 146  -1]
 [ -1 147 125]
 [145 124 103]]
   -> Island 46 Shape: (4, 3)
[[-1 -1 -1]
 [-1 37 -1]
 [-1 46 35]
 [60 45 34]]
   -> Island 464 Shape: (4, 2)
[[ -1  -1]
 [465  -1]
 [464 496]
 [495 527]]
   -> Island 286 Shape: (4, 3)
[[ -1  -1  -1]
 [ -1 283  -1]
 [ -1 286 317]
 [285 316 349]]
   -> Island 432 Shape: (4, 3)
[[ -1  -1  -1]
 [ -1 429  -1]
 [ -1 432 397]
 [420 382 354]]
   -> Island 135 Shape: (4, 3)
[[ -1  -1  -1]
 [ -1 115  -1]
 [ -1 135 113]
 [156 133 114]]
   -> Island 320 Shape: (4, 3)
[[ -1  -1  -1]
 [ -1 321  -1]
 [ -1 320 350]
 [322 351 383]]
   -> Island 447 Shape: (4, 3)
[[ -1  -1  -1]
 [ -1 442  -1]
 [ -1 447 481]
 [446 483 517]]
   -> Island 190 Shape: (4, 3)
[[ -1  -1  -1]
 [ -1 191  -1]
 [ -1 190 160]
 [186 161  -1]]
   -> Island 174 Shape: (4, 3)
[[ -1  -1  -1]
 [ -1 201  -1]
 [ -1 174 175]
 [150 151 152]]
   -> Island 431 Shape: (4, 3)
[[ -1  -1  -1]
 [ -1 426  -1]
 [ -1 431 396]
 [419 401 364]]
   -> Island 313 Shape: (4, 3)
[[ -1  -1  -1]
 [ -1 280  -1]
 [ -1 313 312]
 [345 343 342]]
   -> Island 264 Shape: (4, 3)
[[ -1  -1  -1]
 [ -1 298  -1]
 [ -1 264 296]
 [236 265 297]]
   -> Island 543 Shape: (4, 3)
[[ -1  -1  -1]
 [ -1 574  -1]
 [ -1 543 570]
 [513 539 572]]
   -> Island 531 Shape: (4, 3)
[[ -1  -1  -1]
 [ -1 500  -1]
 [ -1 531 532]
 [562 563 564]]
   -> Island 51 Shape: (4, 3)
[[-1 -1 -1]
 [-1 63 -1]
 [-1 51 64]
 [39 52 66]]
   -> Island 55 Shape: (4, 2)
[[-1 -1]
 [71 -1]
 [55 54]
 [40 41]]
   -> Island 606 Shape: (2, 3)
[[ -1 606 605]
 [576 585  -1]]
   -> Island 611 Shape: (4, 2)
[[ -1  -1]
 [588  -1]
 [611 583]
 [615 584]]
   -> Island 274 Shape: (4, 3)
[[ -1  -1  -1]
 [ -1 269  -1]
 [ -1 274 308]
 [272 307 334]]
[Diag] Wave step complete: Added 126 structural ears.
Wave 2
   -> Island 203 Shape: (2, 2)
[[203 239]
 [206  -1]]
   -> Island 30 Shape: (2, 2)
[[30 33]
 [29 -1]]
   -> Island 503 Shape: (5, 4)
[[ -1  -1  -1  -1]
 [537 536 540  -1]
 [501 503 507 506]
 [471 468 474  -1]
 [ -1 434 439  -1]]
   -> Island 556 Shape: (5, 4)
[[ -1  -1  -1  -1]
 [582 587 581  -1]
 [550 556 549 544]
 [519 523 525  -1]
 [ -1 494 493  -1]]
   -> Island 418 Shape: (5, 4)
[[ -1  -1  -1  -1]
 [444 416 393  -1]
 [445 418 394 360]
 [421 398 361  -1]
 [ -1 399 365  -1]]
   -> Island 163 Shape: (4, 4)
[[ -1  -1  -1  -1]
 [164 187 218  -1]
 [142 163 189 216]
 [144 166 188  -1]]
   -> Island 147 Shape: (5, 4)
[[ -1  -1  -1  -1]
 [171 146 126  -1]
 [169 147 125 104]
 [145 124 103  -1]
 [ -1 121 102  -1]]
   -> Island 46 Shape: (5, 4)
[[-1 -1 -1 -1]
 [49 37 25 -1]
 [62 46 35 24]
 [60 45 34 -1]
 [-1 59 43 -1]]
   -> Island 464 Shape: (5, 4)
[[ -1  -1  -1  -1]
 [436 465 497  -1]
 [ -1 464 496 528]
 [ -1 495 527  -1]
 [ -1  -1 526  -1]]
   -> Island 286 Shape: (5, 4)
[[ -1  -1  -1  -1]
 [252 283 315  -1]
 [254 286 317 346]
 [285 316 349  -1]
 [ -1 319 347  -1]]
   -> Island 432 Shape: (5, 4)
[[ -1  -1  -1  -1]
 [462 429 385  -1]
 [459 432 397 357]
 [420 382 354  -1]
 [ -1 386 353  -1]]
   -> Island 135 Shape: (5, 4)
[[ -1  -1  -1  -1]
 [134 115  95  -1]
 [157 135 113  92]
 [156 133 114  -1]
 [ -1 154 131  -1]]
   -> Island 320 Shape: (5, 4)
[[ -1  -1  -1  -1]
 [288 321 352  -1]
 [290 320 350 381]
 [322 351 383  -1]
 [ -1 358 387  -1]]
   -> Island 447 Shape: (5, 4)
[[ -1  -1  -1  -1]
 [409 442 475  -1]
 [411 447 481 508]
 [446 483 517  -1]
 [ -1 480 514  -1]]
   -> Island 190 Shape: (4, 3)
[[ -1  -1  -1]
 [220 191 165]
 [219 190 160]
 [186 161  -1]]
   -> Island 174 Shape: (5, 4)
[[ -1  -1  -1  -1]
 [199 201 200  -1]
 [173 174 175 176]
 [150 151 152  -1]
 [ -1 129 128  -1]]
   -> Island 431 Shape: (5, 4)
[[ -1  -1  -1  -1]
 [455 426 400  -1]
 [456 431 396 363]
 [419 401 364  -1]
 [ -1 391 369  -1]]
   -> Island 313 Shape: (5, 4)
[[ -1  -1  -1  -1]
 [282 280 281  -1]
 [314 313 312 311]
 [345 343 342  -1]
 [ -1 375 373  -1]]
   -> Island 264 Shape: (5, 4)
[[ -1  -1  -1  -1]
 [263 298 331  -1]
 [233 264 296 327]
 [236 265 297  -1]
 [ -1 235 268  -1]]
   -> Island 543 Shape: (5, 4)
[[ -1  -1  -1  -1]
 [548 574 601  -1]
 [515 543 570 599]
 [513 539 572  -1]
 [ -1 511 538  -1]]
   -> Island 531 Shape: (5, 4)
[[ -1  -1  -1  -1]
 [499 500 502  -1]
 [530 531 532 533]
 [562 563 564  -1]
 [ -1 592 593  -1]]
   -> Island 51 Shape: (4, 4)
[[-1 -1 -1 -1]
 [48 63 81 -1]
 [38 51 64 83]
 [39 52 66 -1]]
   -> Island 55 Shape: (4, 4)
[[-1 -1 -1 -1]
 [70 71 72 -1]
 [-1 55 54 58]
 [-1 40 41 -1]]
   -> Island 606 Shape: (3, 3)
[[602 606 605]
 [576 585  -1]
 [ -1 542  -1]]
   -> Island 611 Shape: (5, 4)
[[ -1  -1  -1  -1]
 [610 588 551  -1]
 [ -1 611 583 545]
 [ -1 615 584  -1]
 [ -1  -1 616  -1]]
   -> Island 274 Shape: (5, 4)
[[ -1  -1  -1  -1]
 [242 269 302  -1]
 [241 274 308 329]
 [272 307 334  -1]
 [ -1 301 333  -1]]
[Diag] Wave step complete: Added 248 structural ears.
Wave 3
   -> Island 203 Shape: (2, 2)
[[203 239]
 [206  -1]]
   -> Island 30 Shape: (2, 2)
[[30 33]
 [29 -1]]
   -> Island 503 Shape: (8, 6)
[[ -1  -1  -1  -1  -1  -1]
 [ -1  -1  -1 617  -1  -1]
 [ -1  -1  -1 602 606 605]
 [ -1 568 573 576 585  -1]
 [ -1 537 536 540 542 547]
 [501 503 507 506  -1  -1]
 [466 471 468 474 473  -1]
 [435 434 439 438  -1  -1]]
   -> Island 556 Shape: (9, 5)
[[ -1  -1 518 485  -1]
 [ -1 544 525 493  -1]
 [ -1 581 549 523 494]
 [607 587 556 519 491]
 [ -1 613 582 550 520]
 [ -1 610 588 551  -1]
 [ -1  -1 611 583 545]
 [ -1  -1 615 584 546]
 [ -1  -1  -1 616 578]]
   -> Island 418 Shape: (5, 5)
[[ -1  -1 441 415  -1]
 [ -1 444 416 393  -1]
 [ -1 445 418 394 360]
 [449 421 398 361 332]
 [ -1 422 399 365 338]]
   -> Island 163 Shape: (4, 5)
[[ -1  -1 184 211  -1]
 [ -1 164 187 218  -1]
 [ -1 142 163 189 216]
 [123 144 166 188 217]]
   -> Island 147 Shape: (7, 9)
[[ -1  -1  -1  -1  -1  -1 231 232  -1]
 [ -1  -1  -1  -1  -1 199 201 200  -1]
 [ -1 170 169 171 172 173 174 175 176]
 [143 145 147 146 149 150 151 152 153]
 [ -1 121 124 125 126 127 129 128 130]
 [ -1 102 103 104  -1  -1  -1  -1  -1]
 [ -1  -1  84  85  -1  -1  -1  -1  -1]]
   -> Island 46 Shape: (5, 5)
[[-1 -1 36 26 -1]
 [-1 49 37 25 -1]
 [-1 62 46 35 24]
 [78 60 45 34 23]
 [-1 77 59 43 32]]
   -> Island 464 Shape: (5, 4)
[[ -1 437 469  -1]
 [436 465 497  -1]
 [ -1 464 496 528]
 [ -1 495 527 559]
 [ -1  -1 526 558]]
   -> Island 286 Shape: (5, 5)
[[ -1  -1 253 284  -1]
 [ -1 252 283 315  -1]
 [ -1 254 286 317 346]
 [255 285 316 349 378]
 [ -1 287 319 347 377]]
   -> Island 432 Shape: (5, 5)
[[ -1  -1 463 428  -1]
 [ -1 462 429 385  -1]
 [ -1 459 432 397 357]
 [460 420 382 354 323]
 [ -1 430 386 353 325]]
   -> Island 135 Shape: (5, 5)
[[ -1  -1 117  96  -1]
 [ -1 134 115  95  -1]
 [ -1 157 135 113  92]
 [179 156 133 114  93]
 [ -1 180 154 131 112]]
   -> Island 320 Shape: (5, 5)
[[ -1  -1 289 318  -1]
 [ -1 288 321 352  -1]
 [ -1 290 320 350 381]
 [292 322 351 383 413]
 [ -1 324 358 387 417]]
   -> Island 447 Shape: (5, 5)
[[ -1  -1 408 443  -1]
 [ -1 409 442 475  -1]
 [ -1 411 447 481 508]
 [414 446 483 517 553]
 [ -1 452 480 514 552]]
   -> Island 190 Shape: (4, 5)
[[ -1  -1 221 192  -1]
 [ -1 220 191 165  -1]
 [ -1 219 190 160 138]
 [215 186 161  -1  -1]]
   -> Island 431 Shape: (5, 9)
[[ -1  -1 294 328  -1  -1 427 457  -1]
 [ -1 263 298 331  -1 391 419 456  -1]
 [ -1 233 264 296 327 369 401 431 455]
 [205 236 265 297 326 364 396 426 454]
 [ -1 207 235 268 300 335 363 400 425]]
   -> Island 313 Shape: (5, 5)
[[ -1  -1 249 250  -1]
 [ -1 282 280 281  -1]
 [ -1 314 313 312 311]
 [344 345 343 342 341]
 [ -1 374 375 373 372]]
   -> Island 543 Shape: (5, 5)
[[ -1  -1 575 603  -1]
 [ -1 548 574 601  -1]
 [ -1 515 543 570 599]
 [484 513 539 572 598]
 [ -1 487 511 538 569]]
   -> Island 531 Shape: (5, 5)
[[ -1  -1 470 472  -1]
 [ -1 499 500 502  -1]
 [ -1 530 531 532 533]
 [561 562 563 564 565]
 [ -1 591 592 593 594]]
   -> Island 51 Shape: (4, 5)
[[-1 -1 61 80 -1]
 [-1 48 63 81 -1]
 [-1 38 51 64 83]
 [28 39 52 66 82]]
   -> Island 55 Shape: (4, 4)
[[-1 88 89 -1]
 [70 71 72 -1]
 [53 55 54 58]
 [-1 40 41 42]]
   -> Island 274 Shape: (5, 5)
[[ -1  -1 243 270  -1]
 [ -1 242 269 302  -1]
 [ -1 241 274 308 329]
 [245 272 307 334 368]
 [ -1 278 301 333 367]]
[Diag] Wave step complete: Added 417 structural ears.
Wave 4
   -> Island 203 Shape: (2, 2)
[[203 239]
 [206  -1]]
   -> Island 30 Shape: (2, 2)
[[30 33]
 [29 -1]]
   -> Island 46 Shape: (13, 9)
[[ -1  -1  82  66  52  39  28  -1  -1]
 [ -1  99  83  64  51  38  27  -1  -1]
 [ -1  -1  98  81  63  48  36  26  18]
 [ -1  -1  97  80  61  49  37  25  17]
 [ -1 137 117  96  79  62  46  35  24]
 [158 134 115  95  78  60  45  34  23]
 [181 157 135 113  92  77  59  43  32]
 [179 156 133 114  93  75  57  42  31]
 [ -1 180 154 131 112  -1  74  58  41]
 [ -1 178 155 132  -1  90  72  54  40]
 [ -1  -1  -1  -1  -1  -1  89  71  55]
 [ -1  -1  -1  -1  -1  -1  88  70  53]
 [ -1  -1  -1  -1  -1  -1  -1  87  67]]
   -> Island 286 Shape: (32, 25)
[[ -1  -1  -1  -1  -1  -1  -1  -1  -1  -1  -1  -1  -1  -1  -1  -1  -1  -1  -1  -1  -1  -1  -1  -1  -1]
 [ -1  -1  -1  -1  -1  -1 466 501 537 568 600  -1  -1  -1  -1  -1  -1  -1  -1  -1  -1  -1  -1  -1  -1]
 [ -1  -1 310 341 372 403 435 471 503 536 573 602 617  -1  -1  -1  -1  -1  -1  -1  -1  -1  -1  -1  -1]
 [ -1 279 311 342 373 405 434 468 507 540 576 606  -1  -1  -1  -1  -1  -1  -1  -1  -1  -1  -1  -1  -1]
 [ -1 248 281 312 343 375 404 439 474 506 542 585 605  -1  -1  -1  -1  -1  -1  -1  -1  -1  -1  -1  -1]
 [ -1 250 280 313 345 374 407 438 473 509 547  -1  -1  -1  -1  -1  -1  -1  -1  -1  -1  -1  -1  -1  -1]
 [183 215 249 282 314 344 376  -1 443 475 508 553  -1 612  -1  -1  -1  -1  -1  -1  -1  -1  -1  -1  -1]
 [186 219 251 284 315 346 378 408 442 481 517 552 578 616  -1  -1  -1  -1  -1  -1  -1  -1  -1  -1  -1]
 [161 190 220 253 283 317 349 377 409 447 483 514 546 584 615  -1  -1  -1  -1  -1  -1  -1  -1  -1  -1]
 [160 191 221 252 286 316 347 379 411 446 480 521 545 583 611  -1  -1  -1  -1  -1  -1  -1  -1  -1  -1]
 [138 165 192 222 254 285 319 348 380 414 452 492 524 551 588 610  -1  -1  -1  -1  -1  -1  -1  -1  -1]
 [141 167  -1 224 255 287 318 352 381 413  -1  -1 520 550 582 613  -1  -1  -1  -1  -1  -1  -1  -1  -1]
 [ -1  -1  -1  -1  -1  -1 289 321 350 383 417  -1 491 519 556 587 607  -1  -1  -1  -1  -1  -1  -1  -1]
 [122 143 170 196  -1 257 288 320 351 387 430 460 494 523 549 581 609  -1  -1  -1  -1  -1  -1  -1  -1]
 [100 121 145 169 195  -1 256 290 322 358 386 420 459 493 525 544 577  -1  -1  -1  -1  -1  -1  -1  -1]
 [102 124 147 171 197  -1 260 292 324 353 382 432 462 485 518 555  -1  -1  -1  -1  -1  -1  -1  -1  -1]
 [ 84 103 125 146 172 198 230  -1  -1 325 354 397 429 463  -1  -1 554 575 603  -1  -1  -1  -1  -1  -1]
 [ 85 104 126 149 173 199 231  -1  -1 323 357 385 428  -1  -1 522 548 574 601  -1  -1  -1  -1  -1  -1]
 [ -1  86 105 127 150 174 201 232 262 294 328 356 392 427 457 488 515 543 570 599  -1  -1  -1  -1  -1]
 [ -1  -1 106 129 151 175 200 234 263 298 331 355 391 419 456 484 513 539 572 598  -1  -1  -1  -1  -1]
 [ -1  -1  -1 108 128 152 176 202 233 264 296 327 369 401 431 455 487 511 538 569  -1  -1  -1  -1  -1]
 [ -1  -1  -1 109 130 153 177 205 236 265 297 326 364 396 426 454 482 512 541  -1  -1  -1  -1  -1  -1]
 [ -1  -1  -1  -1  -1  -1  -1  -1 207 235 268 300 335 363 400 425  -1  -1  -1  -1  -1  -1  -1  -1  -1]
 [ -1  -1  -1  -1  -1  -1  -1  -1 204 238 267 299 330 362 395  -1  -1  -1  -1 534 565 594  -1  -1  -1]
 [ -1  -1  -1  -1  -1  -1  -1  -1  -1  -1  -1 270 302 329 368  -1  -1  -1  -1 504 533 564 593  -1  -1]
 [ -1  -1  -1  -1  -1  -1  -1  -1  -1  -1 243 269 308 334 367 389 422 449 478 502 532 563 592  -1  -1]
 [ -1  -1  -1  -1  -1  -1  -1  -1  -1  -1 210 242 274 307 333 366 399 421 445 472 500 531 562 591  -1]
 [ -1  -1  -1  -1  -1  -1  -1  -1  -1  -1 212 241 272 301 339 365 398 418 444 470 499 530 561  -1  -1]
 [ -1  -1  -1  -1  -1  -1  -1  -1  -1 159 184 211 245 278 306 338 361 394 416 441 467 498 529 560  -1]
 [ -1  -1  -1  -1  -1  -1  -1  -1 139 164 187 218 244  -1  -1 332 360 393 415  -1 469 497 528 559  -1]
 [ -1  -1  -1  -1  -1  -1  -1  -1 120 142 163 189 216 247  -1  -1 337 370 388  -1 437 465 496 527 558]
 [ -1  -1  -1  -1  -1  -1  -1  -1 123 144 166 188 217  -1  -1  -1  -1  -1  -1 410 436 464 495 526 557]]
[Diag] Wave step complete: Added 631 structural ears.
Wave 5
   -> Island 203 Shape: (2, 2)
[[203 239]
 [206  -1]]
   -> Island 30 Shape: (2, 2)
[[30 33]
 [29 -1]]
   -> Island 286 Shape: (31, 26)
[[ -1 557 526 495 464 436 410  -1  -1  -1  -1  -1 246 217 188 166 144 123 101  82  66  52  39  28  21  -1]
 [580 558 527 496 465 437 412 388 370 337 304  -1 247 216 189 163 142 120  99  83  64  51  38  27  20  -1]
 [ -1  -1 559 528 497 469 440 415 393 360 332 305 277 244 218 187 164 139  -1  98  81  63  48  36  26  18]
 [ -1 589 560 529 498 467 441 416 394 361 338 306 278 245 211 184 159  -1 116  97  80  61  49  37  25  17]
 [ -1  -1 590 561 530 499 470 444 418 398 365 339 301 272 241 212 185  -1 137 117  96  79  62  46  35  24]
 [ -1  -1 591 562 531 500 472 445 421 399 366 333 307 274 242 210  -1 158 134 115  95  78  60  45  34  23]
 [ -1  -1  -1 592 563 532 502 478 449 422 389 367 334 308 269 243 208 181 157 135 113  92  77  59  43  32]
 [ -1  -1  -1 593 564 533 504 476 448 423 390 368 329 302 270 237 209 179 156 133 114  93  75  57  42  31]
 [ -1  -1  -1  -1 594 565 534  -1  -1  -1 424 395 362 330 299 267 238 204 180 154 131 112  91  74  58  41]
 [ -1  -1  -1  -1 595 566  -1  -1  -1 453 425 400 363 335 300 268 235 207 178 155 132 111  90  72  54  40]
 [ -1  -1  -1  -1  -1  -1 567 541 512 482 454 426 396 364 326 297 265 236 205 177 153 130 109  89  71  55]
 [ -1  -1  -1  -1  -1 597 569 538 511 487 455 431 401 369 327 296 264 233 202 176 152 128 108  88  70  53]
 [ -1  -1  -1  -1  -1  -1 598 572 539 513 484 456 419 391 355 331 298 263 234 200 175 151 129 106  87  67]
 [ -1  -1  -1  -1  -1  -1 599 570 543 515 488 457 427 392 356 328 294 262 232 201 174 150 127 105  86  68]
 [ -1  -1  -1  -1  -1  -1  -1 601 574 548 522 489 458 428 385 357 323 293 261 231 199 173 149 126 104  85]
 [ -1  -1  -1  -1  -1  -1  -1 603 575 554 516 490 463 429 397 354 325 295 259 230 198 172 146 125 103  84]
 [ -1  -1  -1  -1  -1  -1  -1  -1 604 586 555 518 485 462 432 382 353 324 292 260  -1 197 171 147 124 102]
 [ -1  -1  -1  -1  -1  -1  -1  -1  -1 577 544 525 493 459 420 386 358 322 290 256  -1 195 169 145 121 100]
 [ -1  -1  -1  -1  -1  -1  -1  -1  -1 609 581 549 523 494 460 430 387 351 320 288 257  -1 196 170 143 122]
 [ -1  -1  -1  -1  -1  -1  -1  -1  -1 607 587 556 519 491 451 417 383 350 321 289 258 225 194 168 140  -1]
 [ -1  -1  -1  -1  -1  -1  -1  -1  -1  -1 613 582 550 520 486 461 413 381 352 318 287 255 224 193 167 141]
 [ -1  -1  -1  -1  -1  -1  -1  -1  -1  -1 610 588 551 524 492 452 414 380 348 319 285 254 222 192 165 138]
 [ -1  -1  -1  -1  -1  -1  -1  -1  -1  -1  -1 611 583 545 521 480 446 411 379 347 316 286 252 221 191 160]
 [ -1  -1  -1  -1  -1  -1  -1  -1  -1  -1  -1 615 584 546 514 483 447 409 377 349 317 283 253 220 190 161]
 [ -1  -1  -1  -1  -1  -1  -1  -1  -1  -1  -1  -1 616 578 552 517 481 442 408 378 346 315 284 251 219 186]
 [ -1  -1  -1  -1  -1  -1  -1  -1  -1  -1  -1  -1 612 579 553 508 475 443 406 376 344 314 282 249 215 183]
 [ -1  -1  -1  -1  -1  -1  -1  -1  -1  -1  -1  -1  -1  -1  -1 547 509 473 438 407 374 345 313 280 250 213]
 [ -1  -1  -1  -1  -1  -1  -1  -1  -1  -1  -1  -1  -1 605 585 542 506 474 439 404 375 343 312 281 248  -1]
 [ -1  -1  -1  -1  -1  -1  -1  -1  -1  -1  -1  -1  -1  -1 606 576 540 507 468 434 405 373 342 311 279  -1]
 [ -1  -1  -1  -1  -1  -1  -1  -1  -1  -1  -1  -1  -1 617 602 573 536 503 471 435 403 372 341 310  -1  -1]
 [ -1  -1  -1  -1  -1  -1  -1  -1  -1  -1  -1  -1  -1  -1  -1 600 568 537 501 466 433 402 371 340  -1  -1]]
[Diag] Wave step complete: Added 735 structural ears.
Wave 6
   -> Island 203 Shape: (2, 2)
[[203 239]
 [206  -1]]
   -> Island 30 Shape: (2, 2)
[[30 33]
 [29 -1]]
   -> Island 286 Shape: (31, 26)
[[571 557 526 495 464 436 410 384 359 336 303  -1 246 217 188 166 144 123 101  82  66  52  39  28  21  -1]
 [580 558 527 496 465 437 412 388 370 337 304 273 247 216 189 163 142 120  99  83  64  51  38  27  20  14]
 [ -1  -1 559 528 497 469 440 415 393 360 332 305 277 244 218 187 164 139 119  98  81  63  48  36  26  18]
 [ -1 589 560 529 498 467 441 416 394 361 338 306 278 245 211 184 159 136 116  97  80  61  49  37  25  17]
 [ -1  -1 590 561 530 499 470 444 418 398 365 339 301 272 241 212 185 162 137 117  96  79  62  46  35  24]
 [ -1  -1 591 562 531 500 472 445 421 399 366 333 307 274 242 210 182 158 134 115  95  78  60  45  34  23]
 [ -1  -1  -1 592 563 532 502 478 449 422 389 367 334 308 269 243 208 181 157 135 113  92  77  59  43  32]
 [ -1  -1  -1 593 564 533 504 476 448 423 390 368 329 302 270 237 209 179 156 133 114  93  75  57  42  31]
 [ -1  -1  -1  -1 594 565 534 505  -1  -1 424 395 362 330 299 267 238 204 180 154 131 112  91  74  58  41]
 [ -1  -1  -1  -1 595 566 535 510 479 453 425 400 363 335 300 268 235 207 178 155 132 111  90  72  54  40]
 [ -1  -1  -1  -1  -1  -1 567 541 512 482 454 426 396 364 326 297 265 236 205 177 153 130 109  89  71  55]
 [ -1  -1  -1  -1  -1 597 569 538 511 487 455 431 401 369 327 296 264 233 202 176 152 128 108  88  70  53]
 [ -1  -1  -1  -1  -1  -1 598 572 539 513 484 456 419 391 355 331 298 263 234 200 175 151 129 106  87  67]
 [ -1  -1  -1  -1  -1  -1 599 570 543 515 488 457 427 392 356 328 294 262 232 201 174 150 127 105  86  68]
 [ -1  -1  -1  -1  -1  -1  -1 601 574 548 522 489 458 428 385 357 323 293 261 231 199 173 149 126 104  85]
 [ -1  -1  -1  -1  -1  -1  -1 603 575 554 516 490 463 429 397 354 325 295 259 230 198 172 146 125 103  84]
 [ -1  -1  -1  -1  -1  -1  -1  -1 604 586 555 518 485 462 432 382 353 324 292 260 228 197 171 147 124 102]
 [ -1  -1  -1  -1  -1  -1  -1  -1 608 577 544 525 493 459 420 386 358 322 290 256 229 195 169 145 121 100]
 [ -1  -1  -1  -1  -1  -1  -1  -1  -1 609 581 549 523 494 460 430 387 351 320 288 257 227 196 170 143 122]
 [ -1  -1  -1  -1  -1  -1  -1  -1  -1 607 587 556 519 491 451 417 383 350 321 289 258 225 194 168 140 118]
 [ -1  -1  -1  -1  -1  -1  -1  -1  -1  -1 613 582 550 520 486 461 413 381 352 318 287 255 224 193 167 141]
 [ -1  -1  -1  -1  -1  -1  -1  -1  -1  -1 610 588 551 524 492 452 414 380 348 319 285 254 222 192 165 138]
 [ -1  -1  -1  -1  -1  -1  -1  -1  -1  -1  -1 611 583 545 521 480 446 411 379 347 316 286 252 221 191 160]
 [ -1  -1  -1  -1  -1  -1  -1  -1  -1  -1  -1 615 584 546 514 483 447 409 377 349 317 283 253 220 190 161]
 [ -1  -1  -1  -1  -1  -1  -1  -1  -1  -1  -1  -1 616 578 552 517 481 442 408 378 346 315 284 251 219 186]
 [ -1  -1  -1  -1  -1  -1  -1  -1  -1  -1  -1  -1 612 579 553 508 475 443 406 376 344 314 282 249 215 183]
 [ -1  -1  -1  -1  -1  -1  -1  -1  -1  -1  -1  -1  -1 614  -1 547 509 473 438 407 374 345 313 280 250 213]
 [ -1  -1  -1  -1  -1  -1  -1  -1  -1  -1  -1  -1  -1 605 585 542 506 474 439 404 375 343 312 281 248 214]
 [ -1  -1  -1  -1  -1  -1  -1  -1  -1  -1  -1  -1  -1  -1 606 576 540 507 468 434 405 373 342 311 279 240]
 [ -1  -1  -1  -1  -1  -1  -1  -1  -1  -1  -1  -1  -1 617 602 573 536 503 471 435 403 372 341 310 275  -1]
 [ -1  -1  -1  -1  -1  -1  -1  -1  -1  -1  -1  -1  -1  -1  -1 600 568 537 501 466 433 402 371 340 309  -1]]
[Diag] Wave step complete: Added 498 structural ears.
Wave 7
   -> Island 203 Shape: (2, 2)
[[203 239]
 [206  -1]]
   -> Island 30 Shape: (2, 2)
[[30 33]
 [29 -1]]
   -> Island 286 Shape: (31, 26)
[[571 557 526 495 464 436 410 384 359 336 303 276 246 217 188 166 144 123 101  82  66  52  39  28  21  15]
 [580 558 527 496 465 437 412 388 370 337 304 273 247 216 189 163 142 120  99  83  64  51  38  27  20  14]
 [ -1  -1 559 528 497 469 440 415 393 360 332 305 277 244 218 187 164 139 119  98  81  63  48  36  26  18]
 [ -1 589 560 529 498 467 441 416 394 361 338 306 278 245 211 184 159 136 116  97  80  61  49  37  25  17]
 [ -1  -1 590 561 530 499 470 444 418 398 365 339 301 272 241 212 185 162 137 117  96  79  62  46  35  24]
 [ -1  -1 591 562 531 500 472 445 421 399 366 333 307 274 242 210 182 158 134 115  95  78  60  45  34  23]
 [ -1  -1  -1 592 563 532 502 478 449 422 389 367 334 308 269 243 208 181 157 135 113  92  77  59  43  32]
 [ -1  -1  -1 593 564 533 504 476 448 423 390 368 329 302 270 237 209 179 156 133 114  93  75  57  42  31]
 [ -1  -1  -1  -1 594 565 534 505 477 450 424 395 362 330 299 267 238 204 180 154 131 112  91  74  58  41]
 [ -1  -1  -1  -1 595 566 535 510 479 453 425 400 363 335 300 268 235 207 178 155 132 111  90  72  54  40]
 [ -1  -1  -1  -1  -1 596 567 541 512 482 454 426 396 364 326 297 265 236 205 177 153 130 109  89  71  55]
 [ -1  -1  -1  -1  -1 597 569 538 511 487 455 431 401 369 327 296 264 233 202 176 152 128 108  88  70  53]
 [ -1  -1  -1  -1  -1  -1 598 572 539 513 484 456 419 391 355 331 298 263 234 200 175 151 129 106  87  67]
 [ -1  -1  -1  -1  -1  -1 599 570 543 515 488 457 427 392 356 328 294 262 232 201 174 150 127 105  86  68]
 [ -1  -1  -1  -1  -1  -1  -1 601 574 548 522 489 458 428 385 357 323 293 261 231 199 173 149 126 104  85]
 [ -1  -1  -1  -1  -1  -1  -1 603 575 554 516 490 463 429 397 354 325 295 259 230 198 172 146 125 103  84]
 [ -1  -1  -1  -1  -1  -1  -1  -1 604 586 555 518 485 462 432 382 353 324 292 260 228 197 171 147 124 102]
 [ -1  -1  -1  -1  -1  -1  -1  -1 608 577 544 525 493 459 420 386 358 322 290 256 229 195 169 145 121 100]
 [ -1  -1  -1  -1  -1  -1  -1  -1  -1 609 581 549 523 494 460 430 387 351 320 288 257 227 196 170 143 122]
 [ -1  -1  -1  -1  -1  -1  -1  -1  -1 607 587 556 519 491 451 417 383 350 321 289 258 225 194 168 140 118]
 [ -1  -1  -1  -1  -1  -1  -1  -1  -1  -1 613 582 550 520 486 461 413 381 352 318 287 255 224 193 167 141]
 [ -1  -1  -1  -1  -1  -1  -1  -1  -1  -1 610 588 551 524 492 452 414 380 348 319 285 254 222 192 165 138]
 [ -1  -1  -1  -1  -1  -1  -1  -1  -1  -1  -1 611 583 545 521 480 446 411 379 347 316 286 252 221 191 160]
 [ -1  -1  -1  -1  -1  -1  -1  -1  -1  -1  -1 615 584 546 514 483 447 409 377 349 317 283 253 220 190 161]
 [ -1  -1  -1  -1  -1  -1  -1  -1  -1  -1  -1  -1 616 578 552 517 481 442 408 378 346 315 284 251 219 186]
 [ -1  -1  -1  -1  -1  -1  -1  -1  -1  -1  -1  -1 612 579 553 508 475 443 406 376 344 314 282 249 215 183]
 [ -1  -1  -1  -1  -1  -1  -1  -1  -1  -1  -1  -1  -1 614  -1 547 509 473 438 407 374 345 313 280 250 213]
 [ -1  -1  -1  -1  -1  -1  -1  -1  -1  -1  -1  -1  -1 605 585 542 506 474 439 404 375 343 312 281 248 214]
 [ -1  -1  -1  -1  -1  -1  -1  -1  -1  -1  -1  -1  -1  -1 606 576 540 507 468 434 405 373 342 311 279 240]
 [ -1  -1  -1  -1  -1  -1  -1  -1  -1  -1  -1  -1  -1 617 602 573 536 503 471 435 403 372 341 310 275  -1]
 [ -1  -1  -1  -1  -1  -1  -1  -1  -1  -1  -1  -1  -1  -1  -1 600 568 537 501 466 433 402 371 340 309  -1]]
[Diag] Wave step complete: Added 252 structural ears.
Wave 8
   -> Island 30 Shape: (2, 2)
[[30 33]
 [29 -1]]
   -> Island 286 Shape: (31, 27)
[[571 557 526 495 464 436 410 384 359 336 303 276 246 217 188 166 144 123 101  82  66  52  39  28  21  15  -1]
 [580 558 527 496 465 437 412 388 370 337 304 273 247 216 189 163 142 120  99  83  64  51  38  27  20  14  -1]
 [ -1  -1 559 528 497 469 440 415 393 360 332 305 277 244 218 187 164 139 119  98  81  63  48  36  26  18  -1]
 [ -1 589 560 529 498 467 441 416 394 361 338 306 278 245 211 184 159 136 116  97  80  61  49  37  25  17  -1]
 [ -1  -1 590 561 530 499 470 444 418 398 365 339 301 272 241 212 185 162 137 117  96  79  62  46  35  24  -1]
 [ -1  -1 591 562 531 500 472 445 421 399 366 333 307 274 242 210 182 158 134 115  95  78  60  45  34  23  -1]
 [ -1  -1  -1 592 563 532 502 478 449 422 389 367 334 308 269 243 208 181 157 135 113  92  77  59  43  32  -1]
 [ -1  -1  -1 593 564 533 504 476 448 423 390 368 329 302 270 237 209 179 156 133 114  93  75  57  42  31  -1]
 [ -1  -1  -1  -1 594 565 534 505 477 450 424 395 362 330 299 267 238 204 180 154 131 112  91  74  58  41  -1]
 [ -1  -1  -1  -1 595 566 535 510 479 453 425 400 363 335 300 268 235 207 178 155 132 111  90  72  54  40  -1]
 [ -1  -1  -1  -1  -1 596 567 541 512 482 454 426 396 364 326 297 265 236 205 177 153 130 109  89  71  55  -1]
 [ -1  -1  -1  -1  -1 597 569 538 511 487 455 431 401 369 327 296 264 233 202 176 152 128 108  88  70  53  -1]
 [ -1  -1  -1  -1  -1  -1 598 572 539 513 484 456 419 391 355 331 298 263 234 200 175 151 129 106  87  67  -1]
 [ -1  -1  -1  -1  -1  -1 599 570 543 515 488 457 427 392 356 328 294 262 232 201 174 150 127 105  86  68  -1]
 [ -1  -1  -1  -1  -1  -1  -1 601 574 548 522 489 458 428 385 357 323 293 261 231 199 173 149 126 104  85  -1]
 [ -1  -1  -1  -1  -1  -1  -1 603 575 554 516 490 463 429 397 354 325 295 259 230 198 172 146 125 103  84  -1]
 [ -1  -1  -1  -1  -1  -1  -1  -1 604 586 555 518 485 462 432 382 353 324 292 260 228 197 171 147 124 102  -1]
 [ -1  -1  -1  -1  -1  -1  -1  -1 608 577 544 525 493 459 420 386 358 322 290 256 229 195 169 145 121 100  -1]
 [ -1  -1  -1  -1  -1  -1  -1  -1  -1 609 581 549 523 494 460 430 387 351 320 288 257 227 196 170 143 122  -1]
 [ -1  -1  -1  -1  -1  -1  -1  -1  -1 607 587 556 519 491 451 417 383 350 321 289 258 225 194 168 140 118  -1]
 [ -1  -1  -1  -1  -1  -1  -1  -1  -1  -1 613 582 550 520 486 461 413 381 352 318 287 255 224 193 167 141  -1]
 [ -1  -1  -1  -1  -1  -1  -1  -1  -1  -1 610 588 551 524 492 452 414 380 348 319 285 254 222 192 165 138  -1]
 [ -1  -1  -1  -1  -1  -1  -1  -1  -1  -1  -1 611 583 545 521 480 446 411 379 347 316 286 252 221 191 160  -1]
 [ -1  -1  -1  -1  -1  -1  -1  -1  -1  -1  -1 615 584 546 514 483 447 409 377 349 317 283 253 220 190 161  -1]
 [ -1  -1  -1  -1  -1  -1  -1  -1  -1  -1  -1  -1 616 578 552 517 481 442 408 378 346 315 284 251 219 186  -1]
 [ -1  -1  -1  -1  -1  -1  -1  -1  -1  -1  -1  -1 612 579 553 508 475 443 406 376 344 314 282 249 215 183  -1]
 [ -1  -1  -1  -1  -1  -1  -1  -1  -1  -1  -1  -1  -1 614  -1 547 509 473 438 407 374 345 313 280 250 213  -1]
 [ -1  -1  -1  -1  -1  -1  -1  -1  -1  -1  -1  -1  -1 605 585 542 506 474 439 404 375 343 312 281 248 214  -1]
 [ -1  -1  -1  -1  -1  -1  -1  -1  -1  -1  -1  -1  -1  -1 606 576 540 507 468 434 405 373 342 311 279 240 206]
 [ -1  -1  -1  -1  -1  -1  -1  -1  -1  -1  -1  -1  -1 617 602 573 536 503 471 435 403 372 341 310 275 239 203]
 [ -1  -1  -1  -1  -1  -1  -1  -1  -1  -1  -1  -1  -1  -1  -1 600 568 537 501 466 433 402 371 340 309 271  -1]]
[Diag] Wave step complete: Added 72 structural ears.
Wave 9
   -> Island 30 Shape: (2, 2)
[[30 33]
 [29 -1]]
   -> Island 286 Shape: (31, 27)
[[571 557 526 495 464 436 410 384 359 336 303 276 246 217 188 166 144 123 101  82  66  52  39  28  21  15  -1]
 [580 558 527 496 465 437 412 388 370 337 304 273 247 216 189 163 142 120  99  83  64  51  38  27  20  14  -1]
 [ -1  -1 559 528 497 469 440 415 393 360 332 305 277 244 218 187 164 139 119  98  81  63  48  36  26  18  -1]
 [ -1 589 560 529 498 467 441 416 394 361 338 306 278 245 211 184 159 136 116  97  80  61  49  37  25  17  -1]
 [ -1  -1 590 561 530 499 470 444 418 398 365 339 301 272 241 212 185 162 137 117  96  79  62  46  35  24  -1]
 [ -1  -1 591 562 531 500 472 445 421 399 366 333 307 274 242 210 182 158 134 115  95  78  60  45  34  23  -1]
 [ -1  -1  -1 592 563 532 502 478 449 422 389 367 334 308 269 243 208 181 157 135 113  92  77  59  43  32  -1]
 [ -1  -1  -1 593 564 533 504 476 448 423 390 368 329 302 270 237 209 179 156 133 114  93  75  57  42  31  -1]
 [ -1  -1  -1  -1 594 565 534 505 477 450 424 395 362 330 299 267 238 204 180 154 131 112  91  74  58  41  -1]
 [ -1  -1  -1  -1 595 566 535 510 479 453 425 400 363 335 300 268 235 207 178 155 132 111  90  72  54  40  -1]
 [ -1  -1  -1  -1  -1 596 567 541 512 482 454 426 396 364 326 297 265 236 205 177 153 130 109  89  71  55  -1]
 [ -1  -1  -1  -1  -1 597 569 538 511 487 455 431 401 369 327 296 264 233 202 176 152 128 108  88  70  53  -1]
 [ -1  -1  -1  -1  -1  -1 598 572 539 513 484 456 419 391 355 331 298 263 234 200 175 151 129 106  87  67  -1]
 [ -1  -1  -1  -1  -1  -1 599 570 543 515 488 457 427 392 356 328 294 262 232 201 174 150 127 105  86  68  -1]
 [ -1  -1  -1  -1  -1  -1  -1 601 574 548 522 489 458 428 385 357 323 293 261 231 199 173 149 126 104  85  -1]
 [ -1  -1  -1  -1  -1  -1  -1 603 575 554 516 490 463 429 397 354 325 295 259 230 198 172 146 125 103  84  -1]
 [ -1  -1  -1  -1  -1  -1  -1  -1 604 586 555 518 485 462 432 382 353 324 292 260 228 197 171 147 124 102  -1]
 [ -1  -1  -1  -1  -1  -1  -1  -1 608 577 544 525 493 459 420 386 358 322 290 256 229 195 169 145 121 100  -1]
 [ -1  -1  -1  -1  -1  -1  -1  -1  -1 609 581 549 523 494 460 430 387 351 320 288 257 227 196 170 143 122  -1]
 [ -1  -1  -1  -1  -1  -1  -1  -1  -1 607 587 556 519 491 451 417 383 350 321 289 258 225 194 168 140 118  -1]
 [ -1  -1  -1  -1  -1  -1  -1  -1  -1  -1 613 582 550 520 486 461 413 381 352 318 287 255 224 193 167 141  -1]
 [ -1  -1  -1  -1  -1  -1  -1  -1  -1  -1 610 588 551 524 492 452 414 380 348 319 285 254 222 192 165 138  -1]
 [ -1  -1  -1  -1  -1  -1  -1  -1  -1  -1  -1 611 583 545 521 480 446 411 379 347 316 286 252 221 191 160  -1]
 [ -1  -1  -1  -1  -1  -1  -1  -1  -1  -1  -1 615 584 546 514 483 447 409 377 349 317 283 253 220 190 161  -1]
 [ -1  -1  -1  -1  -1  -1  -1  -1  -1  -1  -1  -1 616 578 552 517 481 442 408 378 346 315 284 251 219 186  -1]
 [ -1  -1  -1  -1  -1  -1  -1  -1  -1  -1  -1  -1 612 579 553 508 475 443 406 376 344 314 282 249 215 183  -1]
 [ -1  -1  -1  -1  -1  -1  -1  -1  -1  -1  -1  -1  -1 614  -1 547 509 473 438 407 374 345 313 280 250 213  -1]
 [ -1  -1  -1  -1  -1  -1  -1  -1  -1  -1  -1  -1  -1 605 585 542 506 474 439 404 375 343 312 281 248 214  -1]
 [ -1  -1  -1  -1  -1  -1  -1  -1  -1  -1  -1  -1  -1  -1 606 576 540 507 468 434 405 373 342 311 279 240 206]
 [ -1  -1  -1  -1  -1  -1  -1  -1  -1  -1  -1  -1  -1 617 602 573 536 503 471 435 403 372 341 310 275 239 203]
 [ -1  -1  -1  -1  -1  -1  -1  -1  -1  -1  -1  -1  -1  -1  -1 600 568 537 501 466 433 402 371 340 309 271  -1]]
[Diag] Wave step complete: Added 17 structural ears.
Wave 10
   -> Island 30 Shape: (2, 2)
[[30 33]
 [29 -1]]
   -> Island 286 Shape: (31, 27)
[[571 557 526 495 464 436 410 384 359 336 303 276 246 217 188 166 144 123 101  82  66  52  39  28  21  15  -1]
 [580 558 527 496 465 437 412 388 370 337 304 273 247 216 189 163 142 120  99  83  64  51  38  27  20  14  -1]
 [ -1  -1 559 528 497 469 440 415 393 360 332 305 277 244 218 187 164 139 119  98  81  63  48  36  26  18  -1]
 [ -1 589 560 529 498 467 441 416 394 361 338 306 278 245 211 184 159 136 116  97  80  61  49  37  25  17  -1]
 [ -1  -1 590 561 530 499 470 444 418 398 365 339 301 272 241 212 185 162 137 117  96  79  62  46  35  24  -1]
 [ -1  -1 591 562 531 500 472 445 421 399 366 333 307 274 242 210 182 158 134 115  95  78  60  45  34  23  -1]
 [ -1  -1  -1 592 563 532 502 478 449 422 389 367 334 308 269 243 208 181 157 135 113  92  77  59  43  32  -1]
 [ -1  -1  -1 593 564 533 504 476 448 423 390 368 329 302 270 237 209 179 156 133 114  93  75  57  42  31  -1]
 [ -1  -1  -1  -1 594 565 534 505 477 450 424 395 362 330 299 267 238 204 180 154 131 112  91  74  58  41  -1]
 [ -1  -1  -1  -1 595 566 535 510 479 453 425 400 363 335 300 268 235 207 178 155 132 111  90  72  54  40  -1]
 [ -1  -1  -1  -1  -1 596 567 541 512 482 454 426 396 364 326 297 265 236 205 177 153 130 109  89  71  55  -1]
 [ -1  -1  -1  -1  -1 597 569 538 511 487 455 431 401 369 327 296 264 233 202 176 152 128 108  88  70  53  -1]
 [ -1  -1  -1  -1  -1  -1 598 572 539 513 484 456 419 391 355 331 298 263 234 200 175 151 129 106  87  67  -1]
 [ -1  -1  -1  -1  -1  -1 599 570 543 515 488 457 427 392 356 328 294 262 232 201 174 150 127 105  86  68  -1]
 [ -1  -1  -1  -1  -1  -1  -1 601 574 548 522 489 458 428 385 357 323 293 261 231 199 173 149 126 104  85  -1]
 [ -1  -1  -1  -1  -1  -1  -1 603 575 554 516 490 463 429 397 354 325 295 259 230 198 172 146 125 103  84  -1]
 [ -1  -1  -1  -1  -1  -1  -1  -1 604 586 555 518 485 462 432 382 353 324 292 260 228 197 171 147 124 102  -1]
 [ -1  -1  -1  -1  -1  -1  -1  -1 608 577 544 525 493 459 420 386 358 322 290 256 229 195 169 145 121 100  -1]
 [ -1  -1  -1  -1  -1  -1  -1  -1  -1 609 581 549 523 494 460 430 387 351 320 288 257 227 196 170 143 122  -1]
 [ -1  -1  -1  -1  -1  -1  -1  -1  -1 607 587 556 519 491 451 417 383 350 321 289 258 225 194 168 140 118  -1]
 [ -1  -1  -1  -1  -1  -1  -1  -1  -1  -1 613 582 550 520 486 461 413 381 352 318 287 255 224 193 167 141  -1]
 [ -1  -1  -1  -1  -1  -1  -1  -1  -1  -1 610 588 551 524 492 452 414 380 348 319 285 254 222 192 165 138  -1]
 [ -1  -1  -1  -1  -1  -1  -1  -1  -1  -1  -1 611 583 545 521 480 446 411 379 347 316 286 252 221 191 160  -1]
 [ -1  -1  -1  -1  -1  -1  -1  -1  -1  -1  -1 615 584 546 514 483 447 409 377 349 317 283 253 220 190 161  -1]
 [ -1  -1  -1  -1  -1  -1  -1  -1  -1  -1  -1  -1 616 578 552 517 481 442 408 378 346 315 284 251 219 186  -1]
 [ -1  -1  -1  -1  -1  -1  -1  -1  -1  -1  -1  -1 612 579 553 508 475 443 406 376 344 314 282 249 215 183  -1]
 [ -1  -1  -1  -1  -1  -1  -1  -1  -1  -1  -1  -1  -1 614  -1 547 509 473 438 407 374 345 313 280 250 213  -1]
 [ -1  -1  -1  -1  -1  -1  -1  -1  -1  -1  -1  -1  -1 605 585 542 506 474 439 404 375 343 312 281 248 214  -1]
 [ -1  -1  -1  -1  -1  -1  -1  -1  -1  -1  -1  -1  -1  -1 606 576 540 507 468 434 405 373 342 311 279 240 206]
 [ -1  -1  -1  -1  -1  -1  -1  -1  -1  -1  -1  -1  -1 617 602 573 536 503 471 435 403 372 341 310 275 239 203]
 [ -1  -1  -1  -1  -1  -1  -1  -1  -1  -1  -1  -1  -1  -1  -1 600 568 537 501 466 433 402 371 340 309 271  -1]]
[Diag] Wave step complete: Added 3 structural ears.
   -> Island 30 Shape: (2, 2)
[[30 33]
 [29 -1]]
   -> Island 286 Shape: (31, 27)
[[571 557 526 495 464 436 410 384 359 336 303 276 246 217 188 166 144 123 101  82  66  52  39  28  21  15  -1]
 [580 558 527 496 465 437 412 388 370 337 304 273 247 216 189 163 142 120  99  83  64  51  38  27  20  14  -1]
 [ -1  -1 559 528 497 469 440 415 393 360 332 305 277 244 218 187 164 139 119  98  81  63  48  36  26  18  -1]
 [ -1 589 560 529 498 467 441 416 394 361 338 306 278 245 211 184 159 136 116  97  80  61  49  37  25  17  -1]
 [ -1  -1 590 561 530 499 470 444 418 398 365 339 301 272 241 212 185 162 137 117  96  79  62  46  35  24  -1]
 [ -1  -1 591 562 531 500 472 445 421 399 366 333 307 274 242 210 182 158 134 115  95  78  60  45  34  23  -1]
 [ -1  -1  -1 592 563 532 502 478 449 422 389 367 334 308 269 243 208 181 157 135 113  92  77  59  43  32  -1]
 [ -1  -1  -1 593 564 533 504 476 448 423 390 368 329 302 270 237 209 179 156 133 114  93  75  57  42  31  -1]
 [ -1  -1  -1  -1 594 565 534 505 477 450 424 395 362 330 299 267 238 204 180 154 131 112  91  74  58  41  -1]
 [ -1  -1  -1  -1 595 566 535 510 479 453 425 400 363 335 300 268 235 207 178 155 132 111  90  72  54  40  -1]
 [ -1  -1  -1  -1  -1 596 567 541 512 482 454 426 396 364 326 297 265 236 205 177 153 130 109  89  71  55  -1]
 [ -1  -1  -1  -1  -1 597 569 538 511 487 455 431 401 369 327 296 264 233 202 176 152 128 108  88  70  53  -1]
 [ -1  -1  -1  -1  -1  -1 598 572 539 513 484 456 419 391 355 331 298 263 234 200 175 151 129 106  87  67  -1]
 [ -1  -1  -1  -1  -1  -1 599 570 543 515 488 457 427 392 356 328 294 262 232 201 174 150 127 105  86  68  -1]
 [ -1  -1  -1  -1  -1  -1  -1 601 574 548 522 489 458 428 385 357 323 293 261 231 199 173 149 126 104  85  -1]
 [ -1  -1  -1  -1  -1  -1  -1 603 575 554 516 490 463 429 397 354 325 295 259 230 198 172 146 125 103  84  -1]
 [ -1  -1  -1  -1  -1  -1  -1  -1 604 586 555 518 485 462 432 382 353 324 292 260 228 197 171 147 124 102  -1]
 [ -1  -1  -1  -1  -1  -1  -1  -1 608 577 544 525 493 459 420 386 358 322 290 256 229 195 169 145 121 100  -1]
 [ -1  -1  -1  -1  -1  -1  -1  -1  -1 609 581 549 523 494 460 430 387 351 320 288 257 227 196 170 143 122  -1]
 [ -1  -1  -1  -1  -1  -1  -1  -1  -1 607 587 556 519 491 451 417 383 350 321 289 258 225 194 168 140 118  -1]
 [ -1  -1  -1  -1  -1  -1  -1  -1  -1  -1 613 582 550 520 486 461 413 381 352 318 287 255 224 193 167 141  -1]
 [ -1  -1  -1  -1  -1  -1  -1  -1  -1  -1 610 588 551 524 492 452 414 380 348 319 285 254 222 192 165 138  -1]
 [ -1  -1  -1  -1  -1  -1  -1  -1  -1  -1  -1 611 583 545 521 480 446 411 379 347 316 286 252 221 191 160  -1]
 [ -1  -1  -1  -1  -1  -1  -1  -1  -1  -1  -1 615 584 546 514 483 447 409 377 349 317 283 253 220 190 161  -1]
 [ -1  -1  -1  -1  -1  -1  -1  -1  -1  -1  -1  -1 616 578 552 517 481 442 408 378 346 315 284 251 219 186  -1]
 [ -1  -1  -1  -1  -1  -1  -1  -1  -1  -1  -1  -1 612 579 553 508 475 443 406 376 344 314 282 249 215 183  -1]
 [ -1  -1  -1  -1  -1  -1  -1  -1  -1  -1  -1  -1  -1 614  -1 547 509 473 438 407 374 345 313 280 250 213  -1]
 [ -1  -1  -1  -1  -1  -1  -1  -1  -1  -1  -1  -1  -1 605 585 542 506 474 439 404 375 343 312 281 248 214  -1]
 [ -1  -1  -1  -1  -1  -1  -1  -1  -1  -1  -1  -1  -1  -1 606 576 540 507 468 434 405 373 342 311 279 240 206]
 [ -1  -1  -1  -1  -1  -1  -1  -1  -1  -1  -1  -1  -1 617 602 573 536 503 471 435 403 372 341 310 275 239 203]
 [ -1  -1  -1  -1  -1  -1  -1  -1  -1  -1  -1  -1  -1  -1  -1 600 568 537 501 466 433 402 371 340 309 271  -1]]
[+] Success! Generated 2 individual grid matrix islands.
row: 0, col 0, length: 26
valid_mask: [1 1 1 1 1 1 1 1 1 1 1 1 1 1 1 1 1 1 1 1 1 1 1 1]
patch:
 [[0 0 1 1 1 0 1 1 1 1 0 1 0 0 0 1 1 0 0 0 1 0 1 1 0 0]
 [0 0 1 0 0 0 0 1 1 1 0 0 0 0 0 0 1 1 1 1 0 1 0 0 1 0]]
row: 1, col 1, length: 25
valid_mask: [0 1 1 1 1 1 1 1 1 1 1 1 1 1 1 1 1 1 1 1 1 1 1]
patch:
 [[ 0  1  0  0  0  0  1  1  1  0  0  0  0  0  0  1  1  1  1  0  1  0  0  1  0]
 [-1  1  1  0  1  0  1  1  0  0  0  1  1  1  0  1  1  1  1  1  0  0  0  0  0]]
Hor:  {'origin_stream_phase': 26, 'recovered_sequence': [1, 0, 1, 1, 0, 1, 0, 0, 0, 0, 1, 1, 0, 0, 1, 0, 0, 1, 1, 1, 1, 1, 0], 'errors_corrected': [11, 19, 20, 22], 'missing_gaps': array([0], dtype=int64), 'status': 'Corrected bit flip at index [11, 19, 20, 22] via syndrome projection', 'direction_key': 'V_reverse'}
Vert:  {'origin_stream_phase': 5, 'recovered_sequence': [1, 1, 1, 1, 1, 0, 0, 1, 1, 0, 1, 0, 0, 1, 0, 0, 0, 0, 1, 0, 1, 0, 1, 1], 'errors_corrected': [], 'missing_gaps': array([0], dtype=int64), 'status': 'Corrected bit flip at index [] via syndrome projection', 'direction_key': 'U_forward'}
[Warning] Consistency check failed. Skip
row: 2, col 2, length: 24
valid_mask: [1 1 1 1 1 1 1 1 1 1 1 1 1 1 1 1 1 1 1 1 1 1]
patch:
 [[1 1 0 1 0 1 1 0 0 0 1 1 1 0 1 1 1 1 1 0 0 0 0 0]
 [1 0 0 0 1 0 1 0 1 0 1 1 0 0 0 0 0 0 0 0 1 1 1 0]]
row: 3, col 1, length: 25
valid_mask: [0 1 1 1 1 1 1 1 1 1 1 1 1 1 1 1 1 1 1 1 1 1 1]
patch:
 [[ 1  1  0  0  0  1  0  1  0  1  0  1  1  0  0  0  0  0  0  0  0  1  1  1  0]
 [-1  1  1  0  1  0  1  0  1  1  1  0  1  0  0  1  1  1  1  1  0  1  0  1  0]]
row: 4, col 2, length: 24
valid_mask: [1 1 1 1 1 1 1 1 1 1 1 1 1 1 1 1 1 1 1 1 1 1]
patch:
 [[1 1 0 1 0 1 0 1 1 1 0 1 0 0 1 1 1 1 1 0 1 0 1 0]
 [0 0 0 0 0 0 1 1 0 0 1 1 1 0 1 1 1 1 0 0 1 1 1 0]]
row: 5, col 3, length: 23
valid_mask: [1 1 1 1 1 1 1 1 1 1 1 1 1 1 1 1 1 1 1 1 1]
patch:
 [[0 0 0 0 0 1 1 0 0 1 1 1 0 1 1 1 1 0 0 1 1 1 0]
 [1 0 1 0 1 1 1 0 1 1 1 0 1 0 1 1 1 0 0 0 0 0 0]]
row: 6, col 2, length: 24
valid_mask: [0 1 1 1 1 1 1 1 1 1 1 1 1 1 1 1 1 1 1 1 1 1]
patch:
 [[-1  1  0  1  0  1  1  1  0  1  1  1  0  1  0  1  1  1  0  0  0  0  0  0]
 [-1  0  0  0  0  1  0  1  0  1  0  1  1  0  1  0  0  1  1  1  1  0  1  1]]
row: 7, col 3, length: 23
valid_mask: [0 1 1 1 1 1 1 1 1 1 1 1 1 1 1 1 1 1 1 1 1]
patch:
 [[ 0  0  0  0  1  0  1  0  1  0  1  1  0  1  0  0  1  1  1  1  0  1  1]
 [-1  1  1  0  0  0  0  1  0  0  0  0  0  1  0  1  0  0  0  1  0  1  0]]
row: 8, col 4, length: 22
valid_mask: [1 1 1 1 1 1 1 1 1 1 1 1 1 1 1 1 1 1 1 1]
patch:
 [[1 1 0 0 0 0 1 0 0 0 0 0 1 0 1 0 0 0 1 0 1 0]
 [1 1 0 1 0 0 1 1 0 1 1 1 0 1 1 1 1 0 1 1 0 1]]
row: 9, col 5, length: 21
valid_mask: [1 1 1 1 1 1 1 1 1 1 1 1 1 1 1 1 1 1 1]
patch:
 [[1 0 1 0 0 1 1 0 1 1 1 0 1 1 1 1 0 1 1 0 1]
 [1 1 1 1 0 0 0 1 1 0 0 0 1 1 0 0 1 0 0 0 1]]
row: 10, col 4, length: 22
valid_mask: [0 1 1 1 1 1 1 1 1 1 1 1 1 1 1 1 1 1 1 1]
patch:
 [[-1  1  1  1  1  0  0  0  1  1  0  0  0  1  1  0  0  1  0  0  0  1]
 [-1  0  1  0  0  1  0  1  1  1  0  0  0  0  1  0  1  0  0  1  0  1]]
Hor:  {'origin_stream_phase': 4, 'recovered_sequence': [0, 1, 1, 1, 1, 1, 0, 0, 1, 1, 0, 1, 0, 0, 1, 0, 0, 0, 0, 1], 'errors_corrected': [18, 19], 'missing_gaps': array([0], dtype=int64), 'status': 'Corrected bit flip at index [18, 19] via syndrome projection', 'direction_key': 'U_forward'}
Vert:  {'origin_stream_phase': 14, 'recovered_sequence': [0, 1, 1, 0, 0, 1, 1, 1, 0, 0, 0, 0, 1, 1, 0, 1, 0, 1, 0, 0, 1], 'errors_corrected': [18, 19, 20], 'missing_gaps': array([0], dtype=int64), 'status': 'Corrected bit flip at index [18, 19, 20] via syndrome projection', 'direction_key': 'W_reverse'}
[Warning] Consistency check failed. Skip
row: 11, col 5, length: 21
valid_mask: [0 1 1 1 1 1 1 1 1 1 1 1 1 1 1 1 1 1 1]
patch:
 [[ 0  1  0  0  1  0  1  1  1  0  0  0  0  1  0  1  0  0  1  0  1]
 [-1  1  1  0  0  0  0  0  0  0  1  1  0  1  0  0  1  1  1  1  0]]
row: 12, col 6, length: 20
valid_mask: [1 1 1 1 1 1 1 1 1 1 1 1 1 1 1 1 1 1]
patch:
 [[1 1 0 0 0 0 0 0 0 1 1 0 1 0 0 1 1 1 1 0]
 [0 0 1 0 1 0 0 0 0 1 0 0 1 1 1 1 1 1 0 1]]
Hor:  {'origin_stream_phase': 5, 'recovered_sequence': [1, 1, 1, 1, 1, 0, 0, 1, 1, 0, 1, 0, 0, 1, 0, 0, 0, 0], 'errors_corrected': [], 'missing_gaps': array([], dtype=int64), 'status': 'Corrected bit flip at index [] via syndrome projection', 'direction_key': 'U_forward'}
Vert:  {'origin_stream_phase': 17, 'recovered_sequence': [0, 0, 1, 1, 1, 0, 0, 0, 0, 1, 1, 0, 1, 0, 1, 0, 0, 1, 0], 'errors_corrected': [], 'missing_gaps': array([], dtype=int64), 'status': 'Corrected bit flip at index [] via syndrome projection', 'direction_key': 'W_reverse'}
{'status': 'success', 'row': 12, 'col': 11, 'b': (5, 12, -17), 'horizontal_axis': 'U', 'direction': 'forward', 'errors_corrected': 0, 'erasures': 0}
[Info] Consistency check passed. Best result updated.
[[1 1 0 0 0 0 0 0 0 1 1 0 1 0 0 1 1 1 1 0]
 [0 0 1 0 1 0 0 0 0 1 0 0 1 1 1 1 1 1 0 1]]
row: 13, col 7, length: 19
valid_mask: [1 1 1 1 1 1 1 1 1 1 1 1 1 1 1 1 1]
patch:
 [[0 1 0 1 0 0 0 0 1 0 0 1 1 1 1 1 1 0 1]
 [1 1 1 1 1 0 0 0 0 0 0 0 0 0 1 1 1 0 1]]
row: 14, col 6, length: 20
valid_mask: [0 1 1 1 1 1 1 1 1 1 1 1 1 1 1 1 1 1]
patch:
 [[-1  1  1  1  1  1  0  0  0  0  0  0  0  0  0  1  1  1  0  1]
 [-1  1  0  1  0  0  1  1  1  0  1  1  0  0  1  0  0  1  0  1]]
Hor:  {'origin_stream_phase': 4, 'recovered_sequence': [0, 1, 1, 1, 1, 1, 0, 0, 1, 1, 0, 1, 0, 0, 1, 0, 0, 0], 'errors_corrected': [], 'missing_gaps': array([0], dtype=int64), 'status': 'Corrected bit flip at index [] via syndrome projection', 'direction_key': 'U_forward'}
Vert:  {'origin_stream_phase': 18, 'recovered_sequence': [0, 1, 1, 1, 0, 0, 0, 0, 1, 1, 0, 1, 0, 1, 0, 0, 1, 0, 0], 'errors_corrected': [], 'missing_gaps': array([0], dtype=int64), 'status': 'Corrected bit flip at index [] via syndrome projection', 'direction_key': 'W_reverse'}
{'status': 'success', 'row': 14, 'col': 11, 'b': (4, 14, -18), 'horizontal_axis': 'U', 'direction': 'forward', 'errors_corrected': 0, 'erasures': 2}
row: 15, col 7, length: 19
valid_mask: [0 1 1 1 1 1 1 1 1 1 1 1 1 1 1 1 1]
patch:
 [[ 1  0  1  0  0  1  1  1  0  1  1  0  0  1  0  0  1  0  1]
 [-1  1  1  1  0  0  1  1  0  0  1  0  1  0  1  0  1  0  1]]
row: 16, col 8, length: 18
valid_mask: [1 1 1 1 1 1 1 1 1 1 1 1 1 1 1 1]
patch:
 [[1 1 1 0 0 1 1 0 0 1 0 1 0 1 0 1 0 1]
 [1 0 0 1 1 0 1 1 1 1 0 0 1 0 1 1 0 1]]
row: 17, col 9, length: 17
valid_mask: [1 1 1 1 1 1 1 1 1 1 1 1 1 1 1]
patch:
 [[0 0 1 1 0 1 1 1 1 0 0 1 0 1 1 0 1]
 [1 0 0 1 1 1 1 1 0 0 0 0 1 1 1 0 1]]
row: 18, col 8, length: 18
valid_mask: [0 1 1 1 1 1 1 1 1 1 1 1 1 1 1 1]
patch:
 [[-1  1  0  0  1  1  1  1  1  0  0  0  0  1  1  1  0  1]
 [-1  0  1  1  0  1  0  0  1  0  1  1  1  1  1  1  0  0]]
Hor:  {'origin_stream_phase': 4, 'recovered_sequence': [0, 1, 1, 1, 1, 1, 0, 0, 1, 1, 0, 1, 0, 0, 1, 0], 'errors_corrected': [], 'missing_gaps': array([0], dtype=int64), 'status': 'Corrected bit flip at index [] via syndrome projection', 'direction_key': 'U_forward'}
Vert:  {'origin_stream_phase': 22, 'recovered_sequence': [0, 0, 0, 0, 1, 1, 0, 1, 0, 1, 0, 0, 1, 0, 0, 0, 1], 'errors_corrected': [], 'missing_gaps': array([0], dtype=int64), 'status': 'Corrected bit flip at index [] via syndrome projection', 'direction_key': 'W_reverse'}
{'status': 'success', 'row': 18, 'col': 13, 'b': (4, 18, -22), 'horizontal_axis': 'U', 'direction': 'forward', 'errors_corrected': 0, 'erasures': 2}
row: 19, col 9, length: 17
valid_mask: [0 1 1 1 1 1 1 1 1 1 1 1 1 1 1]
patch:
 [[ 0  1  1  0  1  0  0  1  0  1  1  1  1  1  1  0  0]
 [-1  1  0  0  0  0  1  0  1  1  0  0  1  1  1  1  1]]
row: 20, col 10, length: 16
valid_mask: [1 1 1 1 1 1 1 1 1 1 1 1 1 1]
patch:
 [[1 0 0 0 0 1 0 1 1 0 0 1 1 1 1 1]
 [0 1 0 1 1 1 0 0 0 1 0 1 1 1 0 0]]
Hor:  {'origin_stream_phase': 5, 'recovered_sequence': [1, 1, 1, 1, 1, 0, 0, 1, 1, 0, 1, 0, 0, 1], 'errors_corrected': [], 'missing_gaps': array([], dtype=int64), 'status': 'Corrected bit flip at index [] via syndrome projection', 'direction_key': 'U_forward'}
Vert:  {'origin_stream_phase': 25, 'recovered_sequence': [0, 1, 1, 0, 1, 0, 1, 0, 0, 1, 0, 0, 0, 1, 0], 'errors_corrected': [], 'missing_gaps': array([], dtype=int64), 'status': 'Corrected bit flip at index [] via syndrome projection', 'direction_key': 'W_reverse'}
{'status': 'success', 'row': 20, 'col': 15, 'b': (5, 20, -25), 'horizontal_axis': 'U', 'direction': 'forward', 'errors_corrected': 0, 'erasures': 0}
row: 21, col 11, length: 15
valid_mask: [1 1 1 1 1 1 1 1 1 1 1 1 1]
patch:
 [[1 0 1 1 1 0 0 0 1 0 1 1 1 0 0]
 [0 0 0 1 0 0 0 0 0 0 1 1 0 1 0]]
row: 22, col 10, length: 16
valid_mask: [0 1 1 1 1 1 1 1 1 1 1 1 1 1]
patch:
 [[-1  0  0  0  1  0  0  0  0  0  0  1  1  0  1  0]
 [-1  1  0  0  0  1  0  0  0  1  1  0  1  0  1  1]]
row: 23, col 11, length: 15
valid_mask: [0 1 1 1 1 1 1 1 1 1 1 1 1]
patch:
 [[ 1  0  0  0  1  0  0  0  1  1  0  1  0  1  1]
 [-1  1  0  1  1  1  0  0  1  0  0  1  1  0  0]]
Hor:  {'origin_stream_phase': 26, 'recovered_sequence': [0, 0, 1, 1, 0, 1, 1, 1, 0, 1, 0, 1, 0], 'errors_corrected': [1, 2, 12], 'missing_gaps': array([0], dtype=int64), 'status': 'Corrected bit flip at index [1, 2, 12] via syndrome projection', 'direction_key': 'U_reverse'}
Vert:  {'origin_stream_phase': 5, 'recovered_sequence': [0, 0, 0, 1, 1, 1, 0, 0, 1, 1, 0, 1, 1, 1], 'errors_corrected': [1, 2, 12, 13], 'missing_gaps': array([0], dtype=int64), 'status': 'Corrected bit flip at index [1, 2, 12, 13] via syndrome projection', 'direction_key': 'W_forward'}
[Warning] Consistency check failed. Skip
row: 24, col 12, length: 14
valid_mask: [1 1 1 1 1 1 1 1 1 1 1 1]
patch:
 [[1 0 1 1 1 0 0 1 0 0 1 1 0 0]
 [0 0 1 0 0 1 0 1 0 0 0 0 0 1]]
Hor:  {'origin_stream_phase': 5, 'recovered_sequence': [1, 1, 1, 1, 1, 0, 0, 1, 1, 0, 1, 0], 'errors_corrected': [], 'missing_gaps': array([], dtype=int64), 'status': 'Corrected bit flip at index [] via syndrome projection', 'direction_key': 'U_forward'}
Vert:  {'origin_stream_phase': 29, 'recovered_sequence': [1, 0, 1, 0, 0, 1, 0, 0, 0, 1, 0, 1, 1], 'errors_corrected': [], 'missing_gaps': array([], dtype=int64), 'status': 'Corrected bit flip at index [] via syndrome projection', 'direction_key': 'W_reverse'}
{'status': 'success', 'row': 24, 'col': 17, 'b': (5, 24, -29), 'horizontal_axis': 'U', 'direction': 'forward', 'errors_corrected': 0, 'erasures': 0}
row: 25, col 13, length: 13
valid_mask: [0 0 1 1 1 1 1 1 1 1 1]
patch:
 [[ 0  1  0  0  1  0  1  0  0  0  0  0  1]
 [ 1 -1  1  0  0  0  1  0  1  0  0  1  0]]
Hor:  {'origin_stream_phase': 21, 'recovered_sequence': [0, 0, 1, 0, 1, 0, 1, 1, 1, 0, 1], 'errors_corrected': [2, 3, 10], 'missing_gaps': array([0, 1], dtype=int64), 'status': 'Corrected bit flip at index [2, 3, 10] via syndrome projection', 'direction_key': 'U_forward'}
Vert:  {'origin_stream_phase': 12, 'recovered_sequence': [1, 1, 0, 1, 1, 0, 0, 1, 1, 1, 0, 0], 'errors_corrected': [2, 9, 10], 'missing_gaps': array([0, 1], dtype=int64), 'status': 'Corrected bit flip at index [2, 9, 10] via syndrome projection', 'direction_key': 'W_reverse'}
[Warning] Consistency check failed. Skip
Hor:  {'origin_stream_phase': 25, 'recovered_sequence': [0, 0, 0, 1, 1, 0, 1, 1, 1, 0, 1], 'errors_corrected': [10], 'missing_gaps': array([0, 1], dtype=int64), 'status': 'Corrected bit flip at index [10] via syndrome projection', 'direction_key': 'U_reverse'}
Vert:  {'origin_stream_phase': 6, 'recovered_sequence': [0, 0, 1, 1, 1, 0, 0, 1, 1, 0, 1, 1], 'errors_corrected': [11], 'missing_gaps': array([0, 1], dtype=int64), 'status': 'Corrected bit flip at index [11] via syndrome projection', 'direction_key': 'W_forward'}
[Warning] Consistency check failed. Skip
Hor:  {'origin_stream_phase': 6, 'recovered_sequence': [0, 0, 0, 1, 1, 1, 0, 1, 1, 1, 1], 'errors_corrected': [5, 6, 9, 10], 'missing_gaps': array([0, 1], dtype=int64), 'status': 'Corrected bit flip at index [5, 6, 9, 10] via syndrome projection', 'direction_key': 'V_forward'}
Vert:  {'origin_stream_phase': 13, 'recovered_sequence': [0, 1, 0, 1, 1, 0, 0, 1, 1, 1, 1, 1], 'errors_corrected': [2, 9, 11], 'missing_gaps': array([0, 1], dtype=int64), 'status': 'Corrected bit flip at index [2, 9, 11] via syndrome projection', 'direction_key': 'U_reverse'}
[Warning] Consistency check failed. Skip
Hor:  {'origin_stream_phase': 25, 'recovered_sequence': [0, 1, 0, 1, 1, 0, 1, 0, 0, 0, 0], 'errors_corrected': [7, 8], 'missing_gaps': array([0, 1], dtype=int64), 'status': 'Corrected bit flip at index [7, 8] via syndrome projection', 'direction_key': 'V_reverse'}
Vert:  {'origin_stream_phase': 5, 'recovered_sequence': [1, 1, 1, 1, 1, 0, 0, 1, 1, 0, 1, 0], 'errors_corrected': [], 'missing_gaps': array([0, 1], dtype=int64), 'status': 'Corrected bit flip at index [] via syndrome projection', 'direction_key': 'U_forward'}
[Warning] Consistency check failed. Skip
Hor:  {'origin_stream_phase': 10, 'recovered_sequence': [1, 0, 0, 1, 1, 0, 1, 1, 1, 1, 1], 'errors_corrected': [9, 10], 'missing_gaps': array([0, 1], dtype=int64), 'status': 'Corrected bit flip at index [9, 10] via syndrome projection', 'direction_key': 'W_forward'}
Vert:  {'origin_stream_phase': 29, 'recovered_sequence': [1, 0, 1, 0, 0, 0, 0, 1, 1, 0, 0, 1], 'errors_corrected': [3, 4, 10, 11], 'missing_gaps': array([0, 1], dtype=int64), 'status': 'Corrected bit flip at index [3, 4, 10, 11] via syndrome projection', 'direction_key': 'V_reverse'}
[Warning] Consistency check failed. Skip
Hor:  {'origin_stream_phase': 3, 'recovered_sequence': [1, 0, 0, 0, 1, 0, 1, 1, 1, 1, 1], 'errors_corrected': [3, 9, 10], 'missing_gaps': array([0, 1], dtype=int64), 'status': 'Corrected bit flip at index [3, 9, 10] via syndrome projection', 'direction_key': 'W_reverse'}
Vert:  {'origin_stream_phase': 16, 'recovered_sequence': [1, 1, 0, 0, 1, 0, 0, 1, 1, 0, 0, 0], 'errors_corrected': [2, 3, 10], 'missing_gaps': array([0, 1], dtype=int64), 'status': 'Corrected bit flip at index [2, 3, 10] via syndrome projection', 'direction_key': 'V_forward'}
[Warning] Consistency check failed. Skip
row: 26, col 12, length: 14
valid_mask: [0 0 1 1 1 1 1 1 1 1 1 1]
patch:
 [[-1  1 -1  1  0  0  0  1  0  1  0  0  1  0]
 [-1  0  1  1  0  1  1  0  1  1  0  1  1  1]]
Hor:  {'origin_stream_phase': 4, 'recovered_sequence': [0, 1, 1, 1, 1, 1, 0, 0, 1, 1, 0, 1], 'errors_corrected': [], 'missing_gaps': array([0, 1], dtype=int64), 'status': 'Corrected bit flip at index [] via syndrome projection', 'direction_key': 'U_forward'}
Vert:  {'origin_stream_phase': 30, 'recovered_sequence': [0, 1, 0, 0, 1, 0, 0, 0, 1, 0, 1, 1, 1], 'errors_corrected': [], 'missing_gaps': array([0, 1, 2], dtype=int64), 'status': 'Corrected bit flip at index [] via syndrome projection', 'direction_key': 'W_reverse'}
{'status': 'success', 'row': 26, 'col': 17, 'b': (4, 26, -30), 'horizontal_axis': 'U', 'direction': 'forward', 'errors_corrected': 0, 'erasures': 5}
Hor:  {'origin_stream_phase': 12, 'recovered_sequence': [0, 0, 1, 0, 1, 1, 0, 0, 1, 1, 1, 1], 'errors_corrected': [3, 10], 'missing_gaps': array([0, 1], dtype=int64), 'status': 'Corrected bit flip at index [3, 10] via syndrome projection', 'direction_key': 'U_reverse'}
Vert:  {'origin_stream_phase': 18, 'recovered_sequence': [1, 1, 1, 0, 1, 0, 0, 0, 1, 0, 0, 1, 0], 'errors_corrected': [10, 12], 'missing_gaps': array([0, 1, 2], dtype=int64), 'status': 'Corrected bit flip at index [10, 12] via syndrome projection', 'direction_key': 'W_forward'}
[Warning] Consistency check failed. Skip
Hor:  {'origin_stream_phase': 15, 'recovered_sequence': [1, 1, 1, 0, 0, 1, 0, 0, 1, 1, 0, 0], 'errors_corrected': [3, 4, 11], 'missing_gaps': array([0, 1], dtype=int64), 'status': 'Corrected bit flip at index [3, 4, 11] via syndrome projection', 'direction_key': 'V_forward'}
Vert:  {'origin_stream_phase': 3, 'recovered_sequence': [0, 1, 0, 1, 0, 0, 0, 0, 1, 0, 0, 1, 0], 'errors_corrected': [3, 4, 10, 12], 'missing_gaps': array([0, 1, 2], dtype=int64), 'status': 'Corrected bit flip at index [3, 4, 10, 12] via syndrome projection', 'direction_key': 'U_reverse'}
[Warning] Consistency check failed. Skip
Hor:  {'origin_stream_phase': 11, 'recovered_sequence': [0, 1, 1, 1, 1, 1, 0, 1, 1, 1, 0, 0], 'errors_corrected': [7, 11], 'missing_gaps': array([0, 1], dtype=int64), 'status': 'Corrected bit flip at index [7, 11] via syndrome projection', 'direction_key': 'V_reverse'}
Vert:  {'origin_stream_phase': 15, 'recovered_sequence': [1, 0, 0, 1, 0, 0, 0, 0, 1, 0, 1, 0, 1], 'errors_corrected': [3, 4, 11], 'missing_gaps': array([0, 1, 2], dtype=int64), 'status': 'Corrected bit flip at index [3, 4, 11] via syndrome projection', 'direction_key': 'U_forward'}
[Warning] Consistency check failed. Skip
Hor:  {'origin_stream_phase': 11, 'recovered_sequence': [1, 1, 1, 0, 1, 1, 0, 0, 1, 1, 1, 0], 'errors_corrected': [3, 10, 11], 'missing_gaps': array([0, 1], dtype=int64), 'status': 'Corrected bit flip at index [3, 10, 11] via syndrome projection', 'direction_key': 'W_reverse'}
Vert:  {'origin_stream_phase': 21, 'recovered_sequence': [0, 0, 1, 1, 0, 0, 0, 0, 1, 0, 1, 1, 0], 'errors_corrected': [3, 4, 12], 'missing_gaps': array([0, 1, 2], dtype=int64), 'status': 'Corrected bit flip at index [3, 4, 12] via syndrome projection', 'direction_key': 'V_forward'}
[Warning] Consistency check failed. Skip
row: 27, col 13, length: 13
valid_mask: [0 1 1 1 1 1 1 1 1 1 1]
patch:
 [[ 0  1  1  0  1  1  0  1  1  0  1  1  1]
 [-1  0  1  1  1  0  0  1  1  1  1  1  0]]
Hor:  {'origin_stream_phase': 0, 'recovered_sequence': [1, 1, 0, 0, 0, 1, 1, 1, 1, 1, 0], 'errors_corrected': [1, 2, 9], 'missing_gaps': array([0], dtype=int64), 'status': 'Corrected bit flip at index [1, 2, 9] via syndrome projection', 'direction_key': 'U_forward'}
Vert:  {'origin_stream_phase': 11, 'recovered_sequence': [1, 1, 1, 0, 1, 1, 0, 0, 1, 1, 1, 0], 'errors_corrected': [3, 10, 11], 'missing_gaps': array([0], dtype=int64), 'status': 'Corrected bit flip at index [3, 10, 11] via syndrome projection', 'direction_key': 'W_reverse'}
[Warning] Consistency check failed. Skip
Hor:  {'origin_stream_phase': 3, 'recovered_sequence': [1, 0, 0, 0, 0, 1, 1, 1, 0, 0, 1], 'errors_corrected': [2, 8, 10], 'missing_gaps': array([0], dtype=int64), 'status': 'Corrected bit flip at index [2, 8, 10] via syndrome projection', 'direction_key': 'W_forward'}
Vert:  {'origin_stream_phase': 11, 'recovered_sequence': [0, 1, 1, 1, 1, 1, 0, 1, 1, 1, 0, 0], 'errors_corrected': [7, 11], 'missing_gaps': array([0], dtype=int64), 'status': 'Corrected bit flip at index [7, 11] via syndrome projection', 'direction_key': 'V_reverse'}
[Warning] Consistency check failed. Skip
Hor:  {'origin_stream_phase': 5, 'recovered_sequence': [0, 0, 1, 0, 1, 1, 1, 1, 1, 0, 1], 'errors_corrected': [4, 10], 'missing_gaps': array([0], dtype=int64), 'status': 'Corrected bit flip at index [4, 10] via syndrome projection', 'direction_key': 'W_reverse'}
Vert:  {'origin_stream_phase': 15, 'recovered_sequence': [1, 1, 1, 0, 0, 1, 0, 0, 1, 1, 0, 0], 'errors_corrected': [3, 4, 11], 'missing_gaps': array([0], dtype=int64), 'status': 'Corrected bit flip at index [3, 4, 11] via syndrome projection', 'direction_key': 'V_forward'}
[Warning] Consistency check failed. Skip
row: 28, col 14, length: 13
valid_mask: [1 1 1 1 1 1 1 1 1 1 1]
patch:
 [[0 1 1 1 0 0 1 1 1 1 1 0 1]
 [0 1 0 0 1 1 1 1 0 1 0 0 1]]
Hor:  {'origin_stream_phase': 5, 'recovered_sequence': [1, 1, 1, 1, 1, 0, 0, 1, 1, 0, 1], 'errors_corrected': [], 'missing_gaps': array([], dtype=int64), 'status': 'Corrected bit flip at index [] via syndrome projection', 'direction_key': 'U_forward'}
Vert:  {'origin_stream_phase': 2, 'recovered_sequence': [0, 1, 0, 0, 0, 1, 0, 1, 1, 1, 1, 1], 'errors_corrected': [11], 'missing_gaps': array([], dtype=int64), 'status': 'Corrected bit flip at index [11] via syndrome projection', 'direction_key': 'W_reverse'}
[Warning] Consistency check failed. Skip
Hor:  {'origin_stream_phase': 16, 'recovered_sequence': [1, 1, 0, 0, 1, 0, 0, 1, 1, 0, 0], 'errors_corrected': [2, 3, 10], 'missing_gaps': array([], dtype=int64), 'status': 'Corrected bit flip at index [2, 3, 10] via syndrome projection', 'direction_key': 'V_forward'}
Vert:  {'origin_stream_phase': 9, 'recovered_sequence': [0, 0, 1, 0, 0, 1, 0, 1, 1, 0, 0, 1], 'errors_corrected': [1, 2, 9, 10, 11], 'missing_gaps': array([], dtype=int64), 'status': 'Corrected bit flip at index [1, 2, 9, 10, 11] via syndrome projection', 'direction_key': 'U_reverse'}
[Warning] Consistency check failed. Skip
Target coords: 12 11
Processing test case compound_rotation_6_0022...
[Diag] Reference step from all edges: 28.43 px; max edge: 39.29
[DIAG] scaler:
 [[ 8.69769805  8.15334871  7.45222837  6.79895467  6.31642296  5.93092301  0.        ]
 [ 9.47501172  9.14563186  8.6235176   7.91697674  7.09811583  6.38783593  5.94595305]
 [ 0.          9.90845498  9.67648198  8.94114182  8.09936819  7.1304524   6.05731169]
 [ 0.          0.         10.01658911  9.47236827  8.9073106   8.15920557  0.        ]
 [ 0.          0.          0.          0.          9.57554165  0.          0.        ]]
[Diag] Total Delaunay faces: 1763
[Diag] Drop by edge length:  140
[Diag] Drop by angle check: 0
[Diag] Validated geometric seeds left: 1623
Wave 0
   -> Island 293 Shape: (2, 2)
[[293 328]
 [304  -1]]
   -> Island 498 Shape: (2, 2)
[[498 532]
 [540  -1]]
   -> Island 586 Shape: (2, 2)
[[586 543]
 [576  -1]]
   -> Island 69 Shape: (2, 2)
[[69 78]
 [59 -1]]
   -> Island 258 Shape: (2, 2)
[[258 291]
 [267  -1]]
   -> Island 225 Shape: (2, 2)
[[225 234]
 [200  -1]]
   -> Island 268 Shape: (2, 2)
[[268 238]
 [261  -1]]
   -> Island 577 Shape: (2, 2)
[[577 572]
 [606  -1]]
   -> Island 745 Shape: (2, 2)
[[745 739]
 [767  -1]]
   -> Island 690 Shape: (2, 2)
[[690 665]
 [659  -1]]
   -> Island 195 Shape: (2, 2)
[[195 228]
 [203  -1]]
   -> Island 451 Shape: (2, 2)
[[451 444]
 [477  -1]]
   -> Island 60 Shape: (2, 2)
[[60 75]
 [66 -1]]
   -> Island 828 Shape: (2, 2)
[[828 826]
 [847  -1]]
   -> Island 405 Shape: (2, 2)
[[405 397]
 [434  -1]]
   -> Island 791 Shape: (2, 2)
[[791 768]
 [764  -1]]
   -> Island 77 Shape: (2, 2)
[[77 94]
 [82 -1]]
   -> Island 747 Shape: (2, 2)
[[747 773]
 [750  -1]]
   -> Island 453 Shape: (2, 2)
[[453 487]
 [495  -1]]
   -> Island 501 Shape: (2, 2)
[[501 494]
 [531  -1]]
   -> Island 1 Shape: (2, 2)
[[ 1  5]
 [ 2 -1]]
   -> Island 351 Shape: (2, 2)
[[351 383]
 [360  -1]]
   -> Island 84 Shape: (2, 2)
[[ 84 104]
 [ 90  -1]]
   -> Island 172 Shape: (2, 2)
[[172 165]
 [194  -1]]
   -> Island 166 Shape: (2, 2)
[[166 173]
 [149  -1]]
   -> Island 341 Shape: (2, 2)
[[341 309]
 [296  -1]]
   -> Island 375 Shape: (2, 2)
[[375 408]
 [416  -1]]
   -> Island 654 Shape: (2, 2)
[[654 662]
 [624  -1]]
   -> Island 515 Shape: (2, 2)
[[515 468]
 [504  -1]]
   -> Island 877 Shape: (2, 2)
[[877 876]
 [892  -1]]
   -> Island 26 Shape: (2, 2)
[[26 21]
 [32 -1]]
   -> Island 746 Shape: (2, 2)
[[746 713]
 [740  -1]]
   -> Island 802 Shape: (2, 2)
[[802 820]
 [822  -1]]
   -> Island 394 Shape: (2, 2)
[[394 359]
 [350  -1]]
   -> Island 897 Shape: (2, 2)
[[897 884]
 [883  -1]]
[Diag] Wave step complete: Added 95 structural ears.
Wave 1
   -> Island 293 Shape: (2, 3)
[[ -1 293 328]
 [264 304 337]]
   -> Island 498 Shape: (4, 3)
[[ -1  -1  -1]
 [ -1 488  -1]
 [ -1 498 532]
 [509 540 571]]
   -> Island 586 Shape: (4, 3)
[[ -1  -1  -1]
 [ -1 554  -1]
 [ -1 586 543]
 [618 576 534]]
   -> Island 69 Shape: (4, 2)
[[-1 -1]
 [89 -1]
 [69 78]
 [59 63]]
   -> Island 258 Shape: (4, 3)
[[ -1  -1  -1]
 [ -1 282  -1]
 [ -1 258 291]
 [235 267 300]]
   -> Island 225 Shape: (4, 3)
[[ -1  -1  -1]
 [ -1 260  -1]
 [ -1 225 234]
 [191 200 209]]
   -> Island 268 Shape: (4, 3)
[[ -1  -1  -1]
 [ -1 247  -1]
 [ -1 268 238]
 [290 261 231]]
   -> Island 577 Shape: (4, 3)
[[ -1  -1  -1]
 [ -1 544  -1]
 [ -1 577 572]
 [611 606 601]]
   -> Island 745 Shape: (4, 3)
[[ -1  -1  -1]
 [ -1 715  -1]
 [ -1 745 739]
 [770 767 763]]
   -> Island 690 Shape: (4, 3)
[[ -1  -1  -1]
 [ -1 693  -1]
 [ -1 690 665]
 [686 659 635]]
   -> Island 195 Shape: (4, 3)
[[ -1  -1  -1]
 [ -1 219  -1]
 [ -1 195 228]
 [174 203 236]]
   -> Island 451 Shape: (4, 3)
[[ -1  -1  -1]
 [ -1 415  -1]
 [ -1 451 444]
 [482 477 473]]
   -> Island 60 Shape: (4, 3)
[[-1 -1 -1]
 [-1 67 -1]
 [-1 60 75]
 [50 66 80]]
   -> Island 828 Shape: (4, 3)
[[ -1  -1  -1]
 [ -1 806  -1]
 [ -1 828 826]
 [850 847 844]]
   -> Island 405 Shape: (4, 3)
[[ -1  -1  -1]
 [ -1 370  -1]
 [ -1 405 397]
 [440 434 426]]
   -> Island 791 Shape: (4, 3)
[[ -1  -1  -1]
 [ -1 795  -1]
 [ -1 791 768]
 [787 764 738]]
   -> Island 77 Shape: (4, 3)
[[ -1  -1  -1]
 [ -1  88  -1]
 [ -1  77  94]
 [ 62  82 101]]
   -> Island 747 Shape: (4, 3)
[[ -1  -1  -1]
 [ -1 769  -1]
 [ -1 747 773]
 [721 750 775]]
   -> Island 453 Shape: (4, 3)
[[ -1  -1  -1]
 [ -1 442  -1]
 [ -1 453 487]
 [462 495 529]]
   -> Island 501 Shape: (4, 3)
[[ -1  -1  -1]
 [ -1 460  -1]
 [ -1 501 494]
 [538 531 525]]
   -> Island 1 Shape: (4, 2)
[[-1 -1]
 [ 3 -1]
 [ 1  5]
 [ 2  7]]
   -> Island 351 Shape: (4, 2)
[[ -1  -1]
 [376  -1]
 [351 383]
 [360 390]]
   -> Island 84 Shape: (4, 3)
[[ -1  -1  -1]
 [ -1  98  -1]
 [ -1  84 104]
 [ 73  90 110]]
   -> Island 172 Shape: (4, 3)
[[ -1  -1  -1]
 [ -1 147  -1]
 [ -1 172 165]
 [202 194 186]]
   -> Island 166 Shape: (4, 3)
[[ -1  -1  -1]
 [ -1 193  -1]
 [ -1 166 173]
 [141 149 156]]
   -> Island 341 Shape: (4, 2)
[[ -1  -1]
 [352  -1]
 [341 309]
 [296 269]]
   -> Island 375 Shape: (4, 3)
[[ -1  -1  -1]
 [ -1 367  -1]
 [ -1 375 408]
 [385 416 447]]
   -> Island 654 Shape: (4, 3)
[[ -1  -1  -1]
 [ -1 689  -1]
 [ -1 654 662]
 [617 624 629]]
   -> Island 515 Shape: (2, 2)
[[515 468]
 [504  -1]]
   -> Island 877 Shape: (4, 3)
[[ -1  -1  -1]
 [ -1 860  -1]
 [ -1 877 876]
 [893 892 891]]
   -> Island 26 Shape: (4, 3)
[[-1 -1 -1]
 [-1 13 -1]
 [-1 26 21]
 [36 32 28]]
   -> Island 746 Shape: (4, 2)
[[ -1  -1]
 [722  -1]
 [746 713]
 [740  -1]]
   -> Island 802 Shape: (4, 3)
[[ -1  -1  -1]
 [ -1 799  -1]
 [ -1 802 820]
 [803 822 839]]
   -> Island 394 Shape: (4, 3)
[[ -1  -1  -1]
 [ -1 404  -1]
 [ -1 394 359]
 [382 350 320]]
   -> Island 897 Shape: (4, 3)
[[ -1  -1  -1]
 [ -1 896  -1]
 [ -1 897 884]
 [895 883 868]]
[Diag] Wave step complete: Added 176 structural ears.
Wave 2
   -> Island 293 Shape: (3, 4)
[[256 293 328 368]
 [264 304 337  -1]
 [ -1 273 311  -1]]
   -> Island 498 Shape: (5, 4)
[[ -1  -1  -1  -1]
 [459 488 524  -1]
 [467 498 532 564]
 [509 540 571  -1]
 [ -1 548 579  -1]]
   -> Island 586 Shape: (5, 4)
[[ -1  -1  -1  -1]
 [595 554 511  -1]
 [625 586 543 502]
 [618 576 534  -1]
 [ -1  -1 567  -1]]
   -> Island 69 Shape: (5, 3)
[[-1 -1 -1]
 [83 89 95]
 [-1 69 78]
 [-1 59 63]
 [-1 -1 48]]
   -> Island 258 Shape: (5, 4)
[[ -1  -1  -1  -1]
 [250 282 318  -1]
 [227 258 291 326]
 [235 267 300  -1]
 [ -1 243 274  -1]]
   -> Island 225 Shape: (5, 4)
[[ -1  -1  -1  -1]
 [252 260 271  -1]
 [215 225 234 244]
 [191 200 209  -1]
 [ -1 169 177  -1]]
   -> Island 268 Shape: (5, 4)
[[ -1  -1  -1  -1]
 [276 247 220  -1]
 [298 268 238 211]
 [290 261 231  -1]
 [ -1 285 253  -1]]
   -> Island 577 Shape: (5, 4)
[[ -1  -1  -1  -1]
 [550 544 537  -1]
 [584 577 572 565]
 [611 606 601  -1]
 [ -1 637 634  -1]]
   -> Island 745 Shape: (5, 4)
[[ -1  -1  -1  -1]
 [720 715 712  -1]
 [748 745 739 735]
 [770 767 763  -1]
 [ -1 790 789  -1]]
   -> Island 690 Shape: (5, 4)
[[ -1  -1  -1  -1]
 [717 693 668  -1]
 [714 690 665 639]
 [686 659 635  -1]
 [ -1 658 631  -1]]
   -> Island 195 Shape: (5, 4)
[[ -1  -1  -1  -1]
 [187 219 254  -1]
 [164 195 228 263]
 [174 203 236  -1]
 [ -1 180 213  -1]]
   -> Island 451 Shape: (5, 4)
[[ -1  -1  -1  -1]
 [423 415 407  -1]
 [455 451 444 437]
 [482 477 473  -1]
 [ -1 510 503  -1]]
   -> Island 60 Shape: (5, 4)
[[-1 -1 -1 -1]
 [53 67 86 -1]
 [45 60 75 92]
 [50 66 80 -1]
 [-1 55 71 -1]]
   -> Island 828 Shape: (5, 4)
[[ -1  -1  -1  -1]
 [809 806  -1  -1]
 [830 828 826 824]
 [850 847 844  -1]
 [ -1 866 864  -1]]
   -> Island 405 Shape: (5, 4)
[[ -1  -1  -1  -1]
 [377 370 361  -1]
 [413 405 397 388]
 [440 434 426  -1]
 [ -1 471 465  -1]]
   -> Island 791 Shape: (5, 4)
[[ -1  -1  -1  -1]
 [815 795 771  -1]
 [813 791 768 744]
 [787 764 738  -1]
 [ -1 758 732  -1]]
   -> Island 77 Shape: (5, 4)
[[ -1  -1  -1  -1]
 [ 72  88 108  -1]
 [ 58  77  94 115]
 [ 62  82 101  -1]
 [ -1  68  87  -1]]
   -> Island 747 Shape: (5, 4)
[[ -1  -1  -1  -1]
 [742 769 794  -1]
 [716 747 773 798]
 [721 750 775  -1]
 [ -1 726 754  -1]]
   -> Island 453 Shape: (5, 4)
[[ -1  -1  -1  -1]
 [406 442 476  -1]
 [418 453 487 521]
 [462 495 529  -1]
 [ -1 505 539  -1]]
   -> Island 501 Shape: (5, 4)
[[ -1  -1  -1  -1]
 [469 460 452  -1]
 [508 501 494 483]
 [538 531 525  -1]
 [ -1 569 560  -1]]
   -> Island 1 Shape: (4, 3)
[[-1 -1 -1]
 [ 3  8 -1]
 [ 1  5 11]
 [ 2  7 -1]]
   -> Island 351 Shape: (4, 4)
[[ -1  -1  -1  -1]
 [343 376 410  -1]
 [ -1 351 383 417]
 [ -1 360 390  -1]]
   -> Island 84 Shape: (5, 4)
[[ -1  -1  -1  -1]
 [ 79  98 117  -1]
 [ 70  84 104 124]
 [ 73  90 110  -1]
 [ -1  -1  97  -1]]
   -> Island 172 Shape: (5, 4)
[[ -1  -1  -1  -1]
 [155 147 139  -1]
 [183 172 165 158]
 [202 194 186  -1]
 [ -1 224 217  -1]]
   -> Island 166 Shape: (5, 4)
[[ -1  -1  -1  -1]
 [185 193 201  -1]
 [159 166 173 182]
 [141 149 156  -1]
 [ -1 126 133  -1]]
   -> Island 341 Shape: (4, 4)
[[ -1  -1  -1  -1]
 [386 352 321  -1]
 [ -1 341 309 279]
 [ -1 296 269  -1]]
   -> Island 375 Shape: (5, 4)
[[ -1  -1  -1  -1]
 [336 367 398  -1]
 [345 375 408 438]
 [385 416 447  -1]
 [ -1 424 454  -1]]
   -> Island 654 Shape: (5, 4)
[[ -1  -1  -1  -1]
 [683 689 696  -1]
 [647 654 662 667]
 [617 624 629  -1]
 [ -1 587 594  -1]]
   -> Island 515 Shape: (2, 2)
[[515 468]
 [504  -1]]
   -> Island 877 Shape: (4, 4)
[[ -1  -1  -1  -1]
 [862 860 858  -1]
 [878 877 876 875]
 [893 892 891  -1]]
   -> Island 26 Shape: (5, 4)
[[-1 -1 -1 -1]
 [17 13 10 -1]
 [29 26 21 16]
 [36 32 28 -1]
 [-1 44 40 -1]]
   -> Island 746 Shape: (4, 3)
[[ -1  -1  -1]
 [752 722 685]
 [ -1 746 713]
 [ -1 740  -1]]
   -> Island 802 Shape: (4, 4)
[[ -1  -1  -1  -1]
 [778 799 817  -1]
 [782 802 820 837]
 [803 822 839  -1]]
   -> Island 394 Shape: (5, 4)
[[ -1  -1  -1  -1]
 [439 404 372  -1]
 [429 394 359 329]
 [382 350 320  -1]
 [ -1 340 313  -1]]
   -> Island 897 Shape: (5, 4)
[[ -1  -1  -1  -1]
 [ -1 896 886  -1]
 [ -1 897 884 870]
 [895 883 868  -1]
 [ -1 881 867  -1]]
[Diag] Wave step complete: Added 337 structural ears.
Wave 3
   -> Island 293 Shape: (5, 5)
[[ -1  -1  -1  -1  -1]
 [ -1 281  -1 358  -1]
 [ -1 256 293 328 368]
 [230 264 304 337 378]
 [ -1 239 273 311 347]]
   -> Island 586 Shape: (18, 14)
[[ -1  -1  -1  -1  -1  -1  -1  -1  -1  -1  -1  -1  -1  -1]
 [ -1  -1  -1  -1  -1  -1  -1  -1  -1  -1 575 545  -1  -1]
 [ -1  -1  -1  -1  -1  -1  -1  -1  -1  -1 569 538 508  -1]
 [ -1  -1  -1  -1  -1  -1  -1  -1  -1 560 531 501 469  -1]
 [ -1  -1  -1  -1  -1  -1  -1  -1  -1 553 525 494 460 428]
 [ -1  -1 723 696 667 636 607 579 548 518 483 452 420  -1]
 [ -1  -1 718 689 662 629 602 571 540 509 475  -1  -1  -1]
 [ -1  -1 683 654 624 594 564 532 498 467  -1  -1  -1  -1]
 [ -1  -1  -1 647 617 587  -1 524 488 459  -1  -1  -1  -1]
 [ -1  -1  -1 608 580  -1  -1 481 448 414  -1  -1  -1  -1]
 [ -1  -1  -1  -1 570 539 505 474 439 404 372  -1  -1  -1]
 [657 625 595 561 529 495 462 429 394 359 329  -1  -1  -1]
 [ -1 618 586 554 521 487 453 418 382 350 320 288  -1  -1]
 [ -1 576 543 511 476 442 406  -1 340 313 280  -1  -1  -1]
 [ -1 567 534 502  -1 431 395 362  -1  -1  -1  -1  -1  -1]
 [ -1 526 490  -1  -1 386 352 321  -1  -1  -1  -1  -1  -1]
 [ -1  -1  -1  -1  -1 374 341 309 279  -1  -1  -1  -1  -1]
 [ -1  -1  -1  -1  -1  -1 296 269 242  -1  -1  -1  -1  -1]]
   -> Island 69 Shape: (5, 4)
[[ -1 103 109  -1]
 [ 83  89  95  -1]
 [ -1  69  78  -1]
 [ -1  59  63  -1]
 [ -1  -1  48  52]]
   -> Island 258 Shape: (9, 6)
[[ -1 310 318 326 334  -1]
 [275 282 291 300 308  -1]
 [ -1 250 258 267 274  -1]
 [ -1 227 235 243  -1  -1]
 [ -1  -1 205 212 221  -1]
 [ -1  -1 185 193 201  -1]
 [ -1  -1 159 166 173 182]
 [ -1 134 141 149 156 163]
 [ -1  -1 119 126 133 140]]
   -> Island 225 Shape: (7, 7)
[[ -1 289 303  -1  -1  -1  -1]
 [252 260 271  -1  -1  -1  -1]
 [215 225 234 244 254 263 272]
 [191 200 209 219 228 236 246]
 [ -1 169 177 187 195 203 213]
 [ -1  -1  -1 164 174 180  -1]
 [ -1  -1  -1  -1 145 153  -1]]
   -> Island 268 Shape: (5, 5)
[[ -1  -1 255 226  -1]
 [ -1 276 247 220  -1]
 [ -1 298 268 238 211]
 [324 290 261 231 204]
 [ -1 316 285 253 223]]
   -> Island 577 Shape: (5, 5)
[[ -1  -1 513 507  -1]
 [ -1 550 544 537  -1]
 [ -1 584 577 572 565]
 [615 611 606 601 593]
 [ -1 642 637 634 628]]
   -> Island 745 Shape: (5, 5)
[[ -1  -1 691 687  -1]
 [ -1 720 715 712  -1]
 [ -1 748 745 739 735]
 [772 770 767 763 760]
 [ -1 793 790 789 786]]
   -> Island 690 Shape: (5, 5)
[[ -1  -1 719 697  -1]
 [ -1 717 693 668  -1]
 [ -1 714 690 665 639]
 [710 686 659 635 610]
 [ -1 682 658 631 605]]
   -> Island 451 Shape: (5, 5)
[[ -1  -1 387 379  -1]
 [ -1 423 415 407  -1]
 [ -1 455 451 444 437]
 [489 482 477 473 464]
 [ -1 516 510 503 497]]
   -> Island 60 Shape: (5, 5)
[[-1 -1 64 81 -1]
 [-1 53 67 86 -1]
 [-1 45 60 75 92]
 [37 50 66 80 99]
 [-1 42 55 71 85]]
   -> Island 828 Shape: (5, 5)
[[ -1  -1 785  -1  -1]
 [ -1 809 806  -1  -1]
 [ -1 830 828 826 824]
 [852 850 847 844 843]
 [ -1 869 866 864 861]]
   -> Island 405 Shape: (5, 5)
[[ -1  -1 342 333  -1]
 [ -1 377 370 361  -1]
 [ -1 413 405 397 388]
 [449 440 434 426 419]
 [ -1 478 471 465 457]]
   -> Island 791 Shape: (5, 5)
[[ -1  -1 819 800  -1]
 [ -1 815 795 771  -1]
 [ -1 813 791 768 744]
 [807 787 764 738 711]
 [ -1 781 758 732 705]]
   -> Island 77 Shape: (9, 7)
[[ -1  -1  -1  -1  54  47  -1]
 [ -1  -1  -1  68  62  58  -1]
 [ -1  -1  -1  87  82  77  72]
 [ -1  -1 107 101  94  88  -1]
 [ -1  -1 129 122 115 108 102]
 [ -1 155 147 139  -1  -1  -1]
 [ -1 183 172 165 158  -1  -1]
 [210 202 194 186 176  -1  -1]
 [ -1 232 224 217 207  -1  -1]]
   -> Island 747 Shape: (5, 5)
[[ -1  -1 766 792  -1]
 [ -1 742 769 794  -1]
 [ -1 716 747 773 798]
 [688 721 750 775 801]
 [ -1 694 726 754 779]]
   -> Island 351 Shape: (4, 4)
[[ -1 369 403  -1]
 [343 376 410  -1]
 [322 351 383 417]
 [ -1 360 390  -1]]
   -> Island 84 Shape: (5, 4)
[[ -1  91 111  -1]
 [ 79  98 117  -1]
 [ 70  84 104 124]
 [ 73  90 110 131]
 [ -1  -1  97 116]]
   -> Island 375 Shape: (5, 5)
[[ -1  -1 327 356  -1]
 [ -1 336 367 398  -1]
 [ -1 345 375 408 438]
 [355 385 416 447 480]
 [ -1 393 424 454 486]]
   -> Island 515 Shape: (2, 2)
[[515 468]
 [504  -1]]
   -> Island 877 Shape: (4, 5)
[[ -1  -1 845 842  -1]
 [ -1 862 860 858  -1]
 [ -1 878 877 876 875]
 [894 893 892 891 890]]
   -> Island 26 Shape: (7, 5)
[[-1  2  1 -1 -1]
 [ 7  5  3 -1 -1]
 [15 11  8  6 -1]
 [-1 17 13 10 -1]
 [-1 29 26 21 16]
 [41 36 32 28 25]
 [-1 49 44 40 35]]
   -> Island 746 Shape: (4, 4)
[[ -1 727 692  -1]
 [752 722 685  -1]
 [ -1 746 713 678]
 [ -1 740  -1  -1]]
   -> Island 802 Shape: (4, 5)
[[ -1  -1 777 797  -1]
 [ -1 778 799 817  -1]
 [ -1 782 802 820 837]
 [784 803 822 839 855]]
   -> Island 897 Shape: (5, 4)
[[ -1  -1  -1  -1]
 [ -1 896 886  -1]
 [ -1 897 884 870]
 [895 883 868 853]
 [ -1 881 867 851]]
[Diag] Wave step complete: Added 572 structural ears.
Wave 4
   -> Island 586 Shape: (39, 23)
[[ -1  -1  -1  -1  -1  -1  -1  -1  -1 879 882 885  -1  -1  -1  -1  -1  -1  -1  -1  -1  -1  -1]
 [ -1  -1  -1  -1  -1  -1  -1  -1 861 864 866 869  -1  -1  -1  -1  -1  -1  -1  -1  -1  -1  -1]
 [ -1  -1  -1  -1  -1  -1 835  -1 843 844 847 850 852  -1  -1  -1  -1  -1  -1  -1  -1  -1  -1]
 [ -1  -1  -1  -1 807 813 815 819 824 826 828 830 834  -1  -1  -1  -1  -1  -1  -1  -1  -1  -1]
 [ -1  -1  -1  -1 781 787 791 795 800  -1 806 809 811  -1  -1  -1  -1  -1  -1  -1  -1  -1  -1]
 [ -1 740 746 752 758 764 768 771 776 780 785 788  -1  -1  -1  -1  -1  -1  -1  -1  -1  -1  -1]
 [ -1  -1 713 722 727 732 738 744 749  -1  -1  -1  -1  -1  -1  -1  -1  -1  -1  -1  -1  -1  -1]
 [ -1 678 685 692 699 705 711 718 723 728  -1  -1  -1  -1  -1  -1  -1  -1  -1  -1  -1  -1  -1]
 [ -1  -1 648 657 664  -1 677 683 689 696 702  -1  -1  -1  -1  -1  -1  -1  -1  -1  -1  -1  -1]
 [ -1  -1 618 625 633 641 647 654 662 667 674  -1  -1  -1  -1  -1  -1  -1  -1  -1  -1  -1  -1]
 [558 567 576 586 595 603 608 617 624 629 636  -1  -1  -1  -1  -1  -1  -1  -1  -1  -1  -1  -1]
 [526 534 543 554 561 570 580 587 594 602 607 614  -1  -1  -1  -1  -1  -1  -1  -1  -1  -1  -1]
 [ -1 490 502 511 521 529 539 546 555 564 571 579 585 591 598 604  -1  -1  -1  -1  -1  -1  -1]
 [ -1 458 466 476 487 495 505 514 524 532 540 548 553 560 569 575  -1  -1  -1  -1  -1  -1  -1]
 [ -1  -1 421 431 442 453 462 474 481 488 498 509 518 525 531 538 545  -1  -1  -1  -1  -1  -1]
 [ -1 374 386 395 406 418 429 439 448 459 467 475 483 494 501 508 517  -1  -1  -1  -1  -1  -1]
 [ -1  -1 341 352 362  -1 382 394 404 414 425 435 445 452 460 469 480 486 493  -1  -1  -1  -1]
 [ -1 296 309 321 331 340 350 359 372 381  -1 401 412 420 428 438 447 454 461  -1  -1  -1  -1]
 [ -1  -1 269 279 289 303 313 320 329 338  -1 358 368 378 389 398 408 416 424 432  -1  -1  -1]
 [ -1  -1 242 252 260 271 280 288 302  -1  -1 328 337 347 356 367 375 385 393  -1  -1  -1  -1]
 [ -1  -1  -1 215 225 234 244 254 263 272 281 293 304 311 319 327 336 345 355 365  -1  -1  -1]
 [ -1  -1  -1 191 200 209 219 228 236 246 256 264 273 283  -1 301 310 318 326 334  -1  -1  -1]
 [ -1  -1  -1  -1 169 177 187 195 203 213 222 230 239 249 257  -1 275 282 291 300 308  -1  -1]
 [ -1  -1  -1  -1 148 157 164 174 180 190  -1 207 217 224 232 241 250 258 267 274 286  -1  -1]
 [ -1  -1  -1  -1  -1  -1 136 145 153 161  -1 176 186 194 202 210 218 227 235 243 251  -1  -1]
 [ -1  -1  -1  -1  -1  -1  -1  -1  -1  -1 150 158 165 172 183 189 197 205 212 221 229  -1  -1]
 [ -1  -1  -1  -1  -1  -1  96 103 109 118 125 132 139 147 155 162  -1 179 185 193 201 208  -1]
 [ -1  -1  -1  -1  -1  -1  83  89  95 102 108 115 122 129 137  -1 152 159 166 173 182 188  -1]
 [ -1  -1  -1  -1  -1  -1  -1  69  78  -1  88  94 101 107  -1  -1  -1 134 141 149 156 163  -1]
 [ -1  -1  -1  -1  -1  -1  -1  59  63  72  77  82  87  93 100 106 113 119 126 133 140 146  -1]
 [ -1  -1  -1  -1  -1  -1  -1  -1  48  52  58  62  68  76  81  86  92  99 105 111 117 124 131]
 [ -1  -1  -1  -1  -1  -1  -1  -1  39  43  47  54  57  64  67  75  80  85  91  98 104 110 116]
 [ -1  -1  -1  -1  -1  -1  -1  -1  -1  -1  35  40  44  49  53  60  66  71  74  79  84  90  97]
 [ -1  -1  -1  -1  -1  -1  -1  -1  -1  25  28  32  36  41  45  50  55  61  65  70  73  -1  -1]
 [ -1  -1  -1  -1  -1  -1  -1  -1  -1  -1  16  21  26  29  33  37  42  46  -1  -1  -1  -1  -1]
 [ -1  -1  -1  -1  -1  -1  -1  -1  -1  -1  10  13  17  22  -1  -1  -1  -1  -1  -1  -1  -1  -1]
 [ -1  -1  -1  -1  -1  -1  -1  -1  -1  -1  -1   6   8  11  15  -1  -1  -1  -1  -1  -1  -1  -1]
 [ -1  -1  -1  -1  -1  -1  -1  -1  -1  -1  -1   3   5   7   9  -1  -1  -1  -1  -1  -1  -1  -1]
 [ -1  -1  -1  -1  -1  -1  -1  -1  -1  -1  -1  -1   1   2  -1  -1  -1  -1  -1  -1  -1  -1  -1]]
   -> Island 268 Shape: (6, 6)
[[ -1 284 255 226 199  -1]
 [306 276 247 220 192  -1]
 [332 298 268 238 211 184]
 [324 290 261 231 204  -1]
 [ -1 316 285 253 223  -1]
 [ -1 307 277 245  -1  -1]]
   -> Island 577 Shape: (6, 6)
[[ -1 520 513 507 500  -1]
 [556 550 544 537 530  -1]
 [589 584 577 572 565 559]
 [615 611 606 601 593  -1]
 [ -1 642 637 634 628  -1]
 [ -1 671 666 660  -1  -1]]
   -> Island 745 Shape: (6, 6)
[[ -1 695 691 687 681  -1]
 [724 720 715 712 707  -1]
 [751 748 745 739 735 733]
 [772 770 767 763 760  -1]
 [ -1 793 790 789 786  -1]
 [ -1 812 810 808  -1  -1]]
   -> Island 690 Shape: (6, 6)
[[ -1 743 719 697 672  -1]
 [741 717 693 668 644  -1]
 [736 714 690 665 639 613]
 [710 686 659 635 610  -1]
 [ -1 682 658 631 605  -1]
 [ -1 652 626 600  -1  -1]]
   -> Island 451 Shape: (6, 6)
[[ -1 396 387 379 373  -1]
 [430 423 415 407 400  -1]
 [463 455 451 444 437 427]
 [489 482 477 473 464  -1]
 [ -1 516 510 503 497  -1]
 [ -1 542 536 533  -1  -1]]
   -> Island 405 Shape: (6, 6)
[[ -1 349 342 333 325  -1]
 [384 377 370 361 353  -1]
 [422 413 405 397 388 380]
 [449 440 434 426 419  -1]
 [ -1 478 471 465 457  -1]
 [ -1 506 499 492  -1  -1]]
   -> Island 747 Shape: (6, 6)
[[ -1 737 766 792 814  -1]
 [709 742 769 794 818  -1]
 [684 716 747 773 798 821]
 [688 721 750 775 801  -1]
 [ -1 694 726 754 779  -1]
 [ -1 701 729 756  -1  -1]]
   -> Island 351 Shape: (4, 5)
[[ -1 335 369 403 436]
 [314 343 376 410 443]
 [ -1 322 351 383 417]
 [ -1  -1 360 390  -1]]
   -> Island 515 Shape: (2, 2)
[[515 468]
 [504  -1]]
   -> Island 877 Shape: (4, 6)
[[ -1 846 845 842 841  -1]
 [863 862 860 858 857  -1]
 [880 878 877 876 875 874]
 [894 893 892 891 890  -1]]
   -> Island 802 Shape: (6, 10)
[[ -1  -1  -1  -1  -1  -1  -1  -1  -1  -1]
 [ -1 896 886 871 855 839 822 803 784  -1]
 [ -1 897 884 870 854 837 820 802 782 762]
 [895 883 868 853 836 817 799 778 759  -1]
 [ -1 881 867 851  -1 816 797 777 755  -1]
 [ -1 865 849  -1  -1  -1  -1  -1  -1  -1]]
[Diag] Wave step complete: Added 858 structural ears.
Wave 5
   -> Island 586 Shape: (32, 32)
[[ -1  -1  -1  -1  -1  -1  -1  -1  -1  -1  -1  -1  -1  -1  -1  -1  -1  -1  -1  -1  -1  -1  -1  -1  -1  -1  -1  -1  -1  -1  -1  -1]
 [ -1  -1  -1  -1  -1  -1  -1 896 886 871 855 839 822 803 784 765  -1  -1  -1  -1  -1  -1  -1  -1 549 522 496  -1 443 417 390  -1]
 [ -1  -1  -1  -1  -1  -1  -1 897 884 870 854 837 820 802 782 762  -1  -1  -1  -1  -1  -1  -1  -1 542 516 489 463 436 410 383 360]
 [ -1  -1  -1  -1  -1  -1 895 883 868 853 836 817 799 778 759  -1  -1  -1  -1  -1  -1  -1  -1 536 510 482 455 430 403 376 351  -1]
 [ -1  -1  -1  -1  -1  -1  -1 881 867 851 833 816 797 777 755  -1  -1  -1  -1  -1  -1  -1  -1 533 503 477 451 423 396 369 343 322]
 [ -1  -1  -1  -1  -1 894 880 865 849 832  -1 796 774 753  -1  -1  -1  -1  -1  -1  -1  -1 527 497 473 444 415 387 363 335 314  -1]
 [ -1  -1  -1  -1  -1 893 878 863  -1  -1 812 793 772 751  -1  -1  -1  -1  -1  -1  -1  -1  -1 491 464 437 407 379 354  -1  -1  -1]
 [ -1  -1  -1  -1 892 877 862 846  -1 810 790 770 748 724  -1 675 646 620  -1  -1  -1 512 484 456 427 400 373 346  -1  -1  -1  -1]
 [ -1  -1  -1  -1 891 876 860 845 827 808 789 767 745 720 695 671 642 615 589  -1  -1 506 478 449 422  -1  -1  -1  -1  -1  -1  -1]
 [ -1  -1  -1 890 875 858 842 825 805 786 763 739 715 691 666 637 611 584 556  -1 499 471 440 413 384 357 332 306 284 262  -1  -1]
 [ -1  -1  -1 889 874 857 841 823 804 783 760 735 712 687 660 634 606 577 550 520 492 465 434 405 377 349 324 298 276 255 233  -1]
 [ -1  -1  -1  -1  -1  -1 821 801 779 756 733 707 681 655 628 601 572 544 513 485 457 426 397 370 342 316 290 268 247 226 206  -1]
 [ -1  -1 887 872  -1  -1 818 798 775 754 729  -1  -1  -1 621 593 565 537 507 479 450 419 388 361 333 307 285 261 238 220 199  -1]
 [ -1 885 869 852 834 814 794 773 750 726 701  -1  -1  -1 590 559 530 500 472  -1 411 380 353 325 299 277 253 231 211 192  -1  -1]
 [ -1 882 866 850 830 811 792 769 747 721 694 669  -1 609 581 552 523 493 461 432 402 371 344 317  -1  -1 245 223 204 184  -1  -1]
 [879 864 847 828 809 788 766 742 716 688 661  -1 604 575 545 517 486 454 424 393 365 334 308 286  -1  -1 216 196 178  -1  -1  -1]
 [ -1 861 844 826 806 785 761 737 709 684 656  -1 598 569 538 508 480 447 416 385 355 326 300 274 251 229 208 188 171 154 138  -1]
 [859 843 824  -1 780 757  -1  -1  -1  -1  -1 591 560 531 501 469 438 408 375 345 318 291 267 243 221 201 182 163 146 131 116  -1]
 [ -1  -1 819 800 776  -1 728 702 674 643 614 585 553 525 494 460 428 398 367 336 310 282 258 235 212 193 173 156 140 124 110  97]
 [835 815 795 771 749 723 696 667 636 607 579 548 518 483 452 420 389 356 327 301 275 250 227 205 185 166 149 133 117 104  90  -1]
 [ -1 813 791 768 744 718 689 662 629 602 571 540 509 475 445 412 378 347 319 292 265 241 218 197 179 159 141 126 111  98  84  73]
 [807 787 764 738 711 683 654 624 594 564 532 498 467 435 401 368 337 311 283 257 232 210 189  -1 152 134 119 105  91  79  70  -1]
 [ -1 781 758 732 705 677 647 617 587 555 524 488 459 425 392 358 328 304 273 249 224 202 183 162  -1 128 113  99  85  74  65  56]
 [ -1 752 727 699 670 641 608 580 546 514 481 448 414 381  -1  -1 293 264 239 217 194 172 155 137  -1 106  92  80  71  61  -1  -1]
 [ -1 746 722 692 664 633 603 570 539 505 474 439 404 372 338 312 281 256 230 207 186 165 147 129 114 100  86  75  66  55  46  -1]
 [740 713 685 657 625 595 561 529 495 462 429 394 359 329 302 272 246 222 198 176 158 139 122 107  93  81  67  60  50  42  34  -1]
 [ -1  -1 678 648 618 586 554 521 487 453 418 382 350 320 288 263 236 213 190 168 150 132 115 101  87  76  64  53  45  37  30  -1]
 [ -1  -1 638  -1 576 543 511 476 442 406  -1 340 313 280 254 228 203 180 161  -1 125 108  94  82  68  57  49  41  33  27  19  -1]
 [ -1  -1  -1 599 567 534 502 466 431 395 362 331 303 271 244 219 195 174 153 135 118 102  88  77  62  54  44  36  29  22  15   9]
 [ -1  -1  -1 558 526 490 458 421 386 352 321 289 260 234 209 187 164 145 127 109  95  -1  72  58  47  40  32  26  17  11   7  -1]
 [ -1  -1  -1  -1 515  -1 446 409 374 341 309 279 252 225 200 177 157 136 120 103  89  78  63  52  43  35  28  21  13   8   5   2]
 [ -1  -1  -1 504 468  -1  -1  -1  -1 296 269 242 215 191 169 148  -1  -1  96  83  69  59  48  39  31  25  16  10   6   3   1  -1]]
   -> Island 690 Shape: (6, 7)
[[ -1  -1 743 719 697 672  -1]
 [ -1 741 717 693 668 644  -1]
 [ -1 736 714 690 665 639 613]
 [734 710 686 659 635 610 583]
 [ -1 706 682 658 631 605 578]
 [ -1 679 652 626 600 574  -1]]
[Diag] Wave step complete: Added 1011 structural ears.
Wave 6
   -> Island 586 Shape: (31, 31)
[[ -1  -1  -1  -1  -1  -1  -1 896 886 871 855 839 822 803 784 765 743 719 697 672 649  -1  -1 573 549 522 496 470 443 417 390]
 [ -1  -1  -1  -1  -1  -1 897 884 870 854 837 820 802 782 762 741 717 693 668 644 619  -1 568 542 516 489 463 436 410 383 360]
 [ -1  -1  -1  -1  -1  -1 895 883 868 853 836 817 799 778 759 736 714 690 665 639 613 588 562 536 510 482 455 430 403 376 351]
 [ -1  -1  -1  -1  -1  -1 881 867 851 833 816 797 777 755 734 710 686 659 635 610 583 557 533 503 477 451 423 396 369 343 322]
 [ -1  -1  -1  -1  -1 894 880 865 849 832  -1 796 774 753 730 706 682 658 631 605 578  -1 527 497 473 444 415 387 363 335 314]
 [ -1  -1  -1  -1 893 878 863 848 831 812 793 772 751 725  -1 679 652 626 600 574  -1  -1 491 464 437 407 379 354 330 305  -1]
 [ -1  -1  -1  -1 892 877 862 846 829 810 790 770 748 724 698 675 646 620 596 566 541 512 484 456 427 400 373 346  -1  -1  -1]
 [ -1  -1  -1 891 876 860 845 827 808 789 767 745 720 695 671 642 615 589 563 535 506 478 449 422 391 366 339 315 294  -1  -1]
 [ -1  -1  -1 890 875 858 842 825 805 786 763 739 715 691 666 637 611 584 556 528 499 471 440 413 384 357 332 306 284 262  -1]
 [ -1  -1 889 874 857 841 823 804 783 760 735 712 687 660 634 606 577 550 520 492 465 434 405 377 349 324 298 276 255 233  -1]
 [ -1  -1  -1 873 856 840 821 801 779 756 733 707 681 655 628 601 572 544 513 485 457 426 397 370 342 316 290 268 247 226 206]
 [ -1 887 872  -1 838 818 798 775 754 729 704 676 650 621 593 565 537 507 479 450 419 388 361 333 307 285 261 238 220 199 181]
 [ -1 885 869 852 834 814 794 773 750 726 701 673  -1  -1 590 559 530 500 472 441 411 380 353 325 299 277 253 231 211 192 175]
 [882 866 850 830 811 792 769 747 721 694 669 640 609 581 552 523 493 461 432 402 371 344 317 295 266 245 223 204 184 167  -1]
 [879 864 847 828 809 788 766 742 716 688 661 632 604 575 545 517 486 454 424 393 365 334 308 286 259 237 216 196 178 160  -1]
 [861 844 826 806 785 761 737 709 684 656 627 598 569 538 508 480 447 416 385 355 326 300 274 251 229 208 188 171 154 138 123]
 [859 843 824  -1 780 757 731 708 680 651 622 591 560 531 501 469 438 408 375 345 318 291 267 243 221 201 182 163 146 131 116]
 [ -1 819 800 776  -1 728 702 674 643 614 585 553 525 494 460 428 398 367 336 310 282 258 235 212 193 173 156 140 124 110  97]
 [835 815 795 771 749 723 696 667 636 607 579 548 518 483 452 420 389 356 327 301 275 250 227 205 185 166 149 133 117 104  90]
 [813 791 768 744 718 689 662 629 602 571 540 509 475 445 412 378 347 319 292 265 241 218 197 179 159 141 126 111  98  84  73]
 [807 787 764 738 711 683 654 624 594 564 532 498 467 435 401 368 337 311 283 257 232 210 189 170 152 134 119 105  91  79  70]
 [781 758 732 705 677 647 617 587 555 524 488 459 425 392 358 328 304 273 249 224 202 183 162 143 128 113  99  85  74  65  56]
 [ -1 752 727 699 670 641 608 580 546 514 481 448 414 381 348  -1 293 264 239 217 194 172 155 137 121 106  92  80  71  61  51]
 [746 722 692 664 633 603 570 539 505 474 439 404 372 338 312 281 256 230 207 186 165 147 129 114 100  86  75  66  55  46  38]
 [740 713 685 657 625 595 561 529 495 462 429 394 359 329 302 272 246 222 198 176 158 139 122 107  93  81  67  60  50  42  34]
 [ -1 678 648 618 586 554 521 487 453 418 382 350 320 288 263 236 213 190 168 150 132 115 101  87  76  64  53  45  37  30  -1]
 [ -1  -1 638  -1 576 543 511 476 442 406  -1 340 313 280 254 228 203 180 161 142 125 108  94  82  68  57  49  41  33  27  19]
 [ -1  -1 599 567 534 502 466 431 395 362 331 303 271 244 219 195 174 153 135 118 102  88  77  62  54  44  36  29  22  15   9]
 [ -1  -1  -1 558 526 490 458 421 386 352 321 289 260 234 209 187 164 145 127 109  95  -1  72  58  47  40  32  26  17  11   7]
 [ -1  -1  -1 515  -1 446 409 374 341 309 279 252 225 200 177 157 136 120 103  89  78  63  52  43  35  28  21  13   8   5   2]
 [ -1  -1  -1 504 468  -1  -1 364  -1 296 269 242 215 191 169 148 130 112  96  83  69  59  48  39  31  25  16  10   6   3   1]]
[Diag] Wave step complete: Added 794 structural ears.
Wave 7
   -> Island 586 Shape: (31, 31)
[[ -1  -1  -1  -1  -1  -1  -1 896 886 871 855 839 822 803 784 765 743 719 697 672 649  -1  -1 573 549 522 496 470 443 417 390]
 [ -1  -1  -1  -1  -1  -1 897 884 870 854 837 820 802 782 762 741 717 693 668 644 619  -1 568 542 516 489 463 436 410 383 360]
 [ -1  -1  -1  -1  -1  -1 895 883 868 853 836 817 799 778 759 736 714 690 665 639 613 588 562 536 510 482 455 430 403 376 351]
 [ -1  -1  -1  -1  -1  -1 881 867 851 833 816 797 777 755 734 710 686 659 635 610 583 557 533 503 477 451 423 396 369 343 322]
 [ -1  -1  -1  -1  -1 894 880 865 849 832  -1 796 774 753 730 706 682 658 631 605 578 551 527 497 473 444 415 387 363 335 314]
 [ -1  -1  -1  -1 893 878 863 848 831 812 793 772 751 725 703 679 652 626 600 574 547 519 491 464 437 407 379 354 330 305 287]
 [ -1  -1  -1  -1 892 877 862 846 829 810 790 770 748 724 698 675 646 620 596 566 541 512 484 456 427 400 373 346 323  -1  -1]
 [ -1  -1  -1 891 876 860 845 827 808 789 767 745 720 695 671 642 615 589 563 535 506 478 449 422 391 366 339 315 294 270  -1]
 [ -1  -1  -1 890 875 858 842 825 805 786 763 739 715 691 666 637 611 584 556 528 499 471 440 413 384 357 332 306 284 262 240]
 [ -1  -1 889 874 857 841 823 804 783 760 735 712 687 660 634 606 577 550 520 492 465 434 405 377 349 324 298 276 255 233 214]
 [ -1  -1 888 873 856 840 821 801 779 756 733 707 681 655 628 601 572 544 513 485 457 426 397 370 342 316 290 268 247 226 206]
 [ -1 887 872  -1 838 818 798 775 754 729 704 676 650 621 593 565 537 507 479 450 419 388 361 333 307 285 261 238 220 199 181]
 [ -1 885 869 852 834 814 794 773 750 726 701 673 645 616 590 559 530 500 472 441 411 380 353 325 299 277 253 231 211 192 175]
 [882 866 850 830 811 792 769 747 721 694 669 640 609 581 552 523 493 461 432 402 371 344 317 295 266 245 223 204 184 167  -1]
 [879 864 847 828 809 788 766 742 716 688 661 632 604 575 545 517 486 454 424 393 365 334 308 286 259 237 216 196 178 160 144]
 [861 844 826 806 785 761 737 709 684 656 627 598 569 538 508 480 447 416 385 355 326 300 274 251 229 208 188 171 154 138 123]
 [859 843 824  -1 780 757 731 708 680 651 622 591 560 531 501 469 438 408 375 345 318 291 267 243 221 201 182 163 146 131 116]
 [ -1 819 800 776  -1 728 702 674 643 614 585 553 525 494 460 428 398 367 336 310 282 258 235 212 193 173 156 140 124 110  97]
 [835 815 795 771 749 723 696 667 636 607 579 548 518 483 452 420 389 356 327 301 275 250 227 205 185 166 149 133 117 104  90]
 [813 791 768 744 718 689 662 629 602 571 540 509 475 445 412 378 347 319 292 265 241 218 197 179 159 141 126 111  98  84  73]
 [807 787 764 738 711 683 654 624 594 564 532 498 467 435 401 368 337 311 283 257 232 210 189 170 152 134 119 105  91  79  70]
 [781 758 732 705 677 647 617 587 555 524 488 459 425 392 358 328 304 273 249 224 202 183 162 143 128 113  99  85  74  65  56]
 [ -1 752 727 699 670 641 608 580 546 514 481 448 414 381 348  -1 293 264 239 217 194 172 155 137 121 106  92  80  71  61  51]
 [746 722 692 664 633 603 570 539 505 474 439 404 372 338 312 281 256 230 207 186 165 147 129 114 100  86  75  66  55  46  38]
 [740 713 685 657 625 595 561 529 495 462 429 394 359 329 302 272 246 222 198 176 158 139 122 107  93  81  67  60  50  42  34]
 [ -1 678 648 618 586 554 521 487 453 418 382 350 320 288 263 236 213 190 168 150 132 115 101  87  76  64  53  45  37  30  24]
 [ -1  -1 638  -1 576 543 511 476 442 406  -1 340 313 280 254 228 203 180 161 142 125 108  94  82  68  57  49  41  33  27  19]
 [ -1  -1 599 567 534 502 466 431 395 362 331 303 271 244 219 195 174 153 135 118 102  88  77  62  54  44  36  29  22  15   9]
 [ -1  -1  -1 558 526 490 458 421 386 352 321 289 260 234 209 187 164 145 127 109  95  -1  72  58  47  40  32  26  17  11   7]
 [ -1  -1  -1 515  -1 446 409 374 341 309 279 252 225 200 177 157 136 120 103  89  78  63  52  43  35  28  21  13   8   5   2]
 [ -1  -1  -1 504 468  -1 399 364  -1 296 269 242 215 191 169 148 130 112  96  83  69  59  48  39  31  25  16  10   6   3   1]]
[Diag] Wave step complete: Added 525 structural ears.
Wave 8
   -> Island 586 Shape: (31, 31)
[[ -1  -1  -1  -1  -1  -1  -1 896 886 871 855 839 822 803 784 765 743 719 697 672 649 623 597 573 549 522 496 470 443 417 390]
 [ -1  -1  -1  -1  -1  -1 897 884 870 854 837 820 802 782 762 741 717 693 668 644 619 592 568 542 516 489 463 436 410 383 360]
 [ -1  -1  -1  -1  -1  -1 895 883 868 853 836 817 799 778 759 736 714 690 665 639 613 588 562 536 510 482 455 430 403 376 351]
 [ -1  -1  -1  -1  -1  -1 881 867 851 833 816 797 777 755 734 710 686 659 635 610 583 557 533 503 477 451 423 396 369 343 322]
 [ -1  -1  -1  -1  -1 894 880 865 849 832  -1 796 774 753 730 706 682 658 631 605 578 551 527 497 473 444 415 387 363 335 314]
 [ -1  -1  -1  -1 893 878 863 848 831 812 793 772 751 725 703 679 652 626 600 574 547 519 491 464 437 407 379 354 330 305 287]
 [ -1  -1  -1  -1 892 877 862 846 829 810 790 770 748 724 698 675 646 620 596 566 541 512 484 456 427 400 373 346 323 297 278]
 [ -1  -1  -1 891 876 860 845 827 808 789 767 745 720 695 671 642 615 589 563 535 506 478 449 422 391 366 339 315 294 270  -1]
 [ -1  -1  -1 890 875 858 842 825 805 786 763 739 715 691 666 637 611 584 556 528 499 471 440 413 384 357 332 306 284 262 240]
 [ -1  -1 889 874 857 841 823 804 783 760 735 712 687 660 634 606 577 550 520 492 465 434 405 377 349 324 298 276 255 233 214]
 [ -1  -1 888 873 856 840 821 801 779 756 733 707 681 655 628 601 572 544 513 485 457 426 397 370 342 316 290 268 247 226 206]
 [ -1 887 872  -1 838 818 798 775 754 729 704 676 650 621 593 565 537 507 479 450 419 388 361 333 307 285 261 238 220 199 181]
 [ -1 885 869 852 834 814 794 773 750 726 701 673 645 616 590 559 530 500 472 441 411 380 353 325 299 277 253 231 211 192 175]
 [882 866 850 830 811 792 769 747 721 694 669 640 609 581 552 523 493 461 432 402 371 344 317 295 266 245 223 204 184 167 151]
 [879 864 847 828 809 788 766 742 716 688 661 632 604 575 545 517 486 454 424 393 365 334 308 286 259 237 216 196 178 160 144]
 [861 844 826 806 785 761 737 709 684 656 627 598 569 538 508 480 447 416 385 355 326 300 274 251 229 208 188 171 154 138 123]
 [859 843 824  -1 780 757 731 708 680 651 622 591 560 531 501 469 438 408 375 345 318 291 267 243 221 201 182 163 146 131 116]
 [ -1 819 800 776  -1 728 702 674 643 614 585 553 525 494 460 428 398 367 336 310 282 258 235 212 193 173 156 140 124 110  97]
 [835 815 795 771 749 723 696 667 636 607 579 548 518 483 452 420 389 356 327 301 275 250 227 205 185 166 149 133 117 104  90]
 [813 791 768 744 718 689 662 629 602 571 540 509 475 445 412 378 347 319 292 265 241 218 197 179 159 141 126 111  98  84  73]
 [807 787 764 738 711 683 654 624 594 564 532 498 467 435 401 368 337 311 283 257 232 210 189 170 152 134 119 105  91  79  70]
 [781 758 732 705 677 647 617 587 555 524 488 459 425 392 358 328 304 273 249 224 202 183 162 143 128 113  99  85  74  65  56]
 [ -1 752 727 699 670 641 608 580 546 514 481 448 414 381 348  -1 293 264 239 217 194 172 155 137 121 106  92  80  71  61  51]
 [746 722 692 664 633 603 570 539 505 474 439 404 372 338 312 281 256 230 207 186 165 147 129 114 100  86  75  66  55  46  38]
 [740 713 685 657 625 595 561 529 495 462 429 394 359 329 302 272 246 222 198 176 158 139 122 107  93  81  67  60  50  42  34]
 [ -1 678 648 618 586 554 521 487 453 418 382 350 320 288 263 236 213 190 168 150 132 115 101  87  76  64  53  45  37  30  24]
 [ -1  -1 638  -1 576 543 511 476 442 406  -1 340 313 280 254 228 203 180 161 142 125 108  94  82  68  57  49  41  33  27  19]
 [ -1  -1 599 567 534 502 466 431 395 362 331 303 271 244 219 195 174 153 135 118 102  88  77  62  54  44  36  29  22  15   9]
 [ -1  -1  -1 558 526 490 458 421 386 352 321 289 260 234 209 187 164 145 127 109  95  -1  72  58  47  40  32  26  17  11   7]
 [ -1  -1  -1 515  -1 446 409 374 341 309 279 252 225 200 177 157 136 120 103  89  78  63  52  43  35  28  21  13   8   5   2]
 [ -1  -1  -1 504 468 433 399 364  -1 296 269 242 215 191 169 148 130 112  96  83  69  59  48  39  31  25  16  10   6   3   1]]
[Diag] Wave step complete: Added 231 structural ears.
Wave 9
   -> Island 586 Shape: (31, 31)
[[ -1  -1  -1  -1  -1  -1  -1 896 886 871 855 839 822 803 784 765 743 719 697 672 649 623 597 573 549 522 496 470 443 417 390]
 [ -1  -1  -1  -1  -1  -1 897 884 870 854 837 820 802 782 762 741 717 693 668 644 619 592 568 542 516 489 463 436 410 383 360]
 [ -1  -1  -1  -1  -1  -1 895 883 868 853 836 817 799 778 759 736 714 690 665 639 613 588 562 536 510 482 455 430 403 376 351]
 [ -1  -1  -1  -1  -1  -1 881 867 851 833 816 797 777 755 734 710 686 659 635 610 583 557 533 503 477 451 423 396 369 343 322]
 [ -1  -1  -1  -1  -1 894 880 865 849 832  -1 796 774 753 730 706 682 658 631 605 578 551 527 497 473 444 415 387 363 335 314]
 [ -1  -1  -1  -1 893 878 863 848 831 812 793 772 751 725 703 679 652 626 600 574 547 519 491 464 437 407 379 354 330 305 287]
 [ -1  -1  -1  -1 892 877 862 846 829 810 790 770 748 724 698 675 646 620 596 566 541 512 484 456 427 400 373 346 323 297 278]
 [ -1  -1  -1 891 876 860 845 827 808 789 767 745 720 695 671 642 615 589 563 535 506 478 449 422 391 366 339 315 294 270 248]
 [ -1  -1  -1 890 875 858 842 825 805 786 763 739 715 691 666 637 611 584 556 528 499 471 440 413 384 357 332 306 284 262 240]
 [ -1  -1 889 874 857 841 823 804 783 760 735 712 687 660 634 606 577 550 520 492 465 434 405 377 349 324 298 276 255 233 214]
 [ -1  -1 888 873 856 840 821 801 779 756 733 707 681 655 628 601 572 544 513 485 457 426 397 370 342 316 290 268 247 226 206]
 [ -1 887 872  -1 838 818 798 775 754 729 704 676 650 621 593 565 537 507 479 450 419 388 361 333 307 285 261 238 220 199 181]
 [ -1 885 869 852 834 814 794 773 750 726 701 673 645 616 590 559 530 500 472 441 411 380 353 325 299 277 253 231 211 192 175]
 [882 866 850 830 811 792 769 747 721 694 669 640 609 581 552 523 493 461 432 402 371 344 317 295 266 245 223 204 184 167 151]
 [879 864 847 828 809 788 766 742 716 688 661 632 604 575 545 517 486 454 424 393 365 334 308 286 259 237 216 196 178 160 144]
 [861 844 826 806 785 761 737 709 684 656 627 598 569 538 508 480 447 416 385 355 326 300 274 251 229 208 188 171 154 138 123]
 [859 843 824  -1 780 757 731 708 680 651 622 591 560 531 501 469 438 408 375 345 318 291 267 243 221 201 182 163 146 131 116]
 [ -1 819 800 776  -1 728 702 674 643 614 585 553 525 494 460 428 398 367 336 310 282 258 235 212 193 173 156 140 124 110  97]
 [835 815 795 771 749 723 696 667 636 607 579 548 518 483 452 420 389 356 327 301 275 250 227 205 185 166 149 133 117 104  90]
 [813 791 768 744 718 689 662 629 602 571 540 509 475 445 412 378 347 319 292 265 241 218 197 179 159 141 126 111  98  84  73]
 [807 787 764 738 711 683 654 624 594 564 532 498 467 435 401 368 337 311 283 257 232 210 189 170 152 134 119 105  91  79  70]
 [781 758 732 705 677 647 617 587 555 524 488 459 425 392 358 328 304 273 249 224 202 183 162 143 128 113  99  85  74  65  56]
 [ -1 752 727 699 670 641 608 580 546 514 481 448 414 381 348  -1 293 264 239 217 194 172 155 137 121 106  92  80  71  61  51]
 [746 722 692 664 633 603 570 539 505 474 439 404 372 338 312 281 256 230 207 186 165 147 129 114 100  86  75  66  55  46  38]
 [740 713 685 657 625 595 561 529 495 462 429 394 359 329 302 272 246 222 198 176 158 139 122 107  93  81  67  60  50  42  34]
 [ -1 678 648 618 586 554 521 487 453 418 382 350 320 288 263 236 213 190 168 150 132 115 101  87  76  64  53  45  37  30  24]
 [ -1  -1 638  -1 576 543 511 476 442 406  -1 340 313 280 254 228 203 180 161 142 125 108  94  82  68  57  49  41  33  27  19]
 [ -1  -1 599 567 534 502 466 431 395 362 331 303 271 244 219 195 174 153 135 118 102  88  77  62  54  44  36  29  22  15   9]
 [ -1  -1  -1 558 526 490 458 421 386 352 321 289 260 234 209 187 164 145 127 109  95  -1  72  58  47  40  32  26  17  11   7]
 [ -1  -1  -1 515  -1 446 409 374 341 309 279 252 225 200 177 157 136 120 103  89  78  63  52  43  35  28  21  13   8   5   2]
 [ -1  -1  -1 504 468 433 399 364  -1 296 269 242 215 191 169 148 130 112  96  83  69  59  48  39  31  25  16  10   6   3   1]]
[Diag] Wave step complete: Added 65 structural ears.
Wave 10
   -> Island 586 Shape: (31, 31)
[[ -1  -1  -1  -1  -1  -1  -1 896 886 871 855 839 822 803 784 765 743 719 697 672 649 623 597 573 549 522 496 470 443 417 390]
 [ -1  -1  -1  -1  -1  -1 897 884 870 854 837 820 802 782 762 741 717 693 668 644 619 592 568 542 516 489 463 436 410 383 360]
 [ -1  -1  -1  -1  -1  -1 895 883 868 853 836 817 799 778 759 736 714 690 665 639 613 588 562 536 510 482 455 430 403 376 351]
 [ -1  -1  -1  -1  -1  -1 881 867 851 833 816 797 777 755 734 710 686 659 635 610 583 557 533 503 477 451 423 396 369 343 322]
 [ -1  -1  -1  -1  -1 894 880 865 849 832  -1 796 774 753 730 706 682 658 631 605 578 551 527 497 473 444 415 387 363 335 314]
 [ -1  -1  -1  -1 893 878 863 848 831 812 793 772 751 725 703 679 652 626 600 574 547 519 491 464 437 407 379 354 330 305 287]
 [ -1  -1  -1  -1 892 877 862 846 829 810 790 770 748 724 698 675 646 620 596 566 541 512 484 456 427 400 373 346 323 297 278]
 [ -1  -1  -1 891 876 860 845 827 808 789 767 745 720 695 671 642 615 589 563 535 506 478 449 422 391 366 339 315 294 270 248]
 [ -1  -1  -1 890 875 858 842 825 805 786 763 739 715 691 666 637 611 584 556 528 499 471 440 413 384 357 332 306 284 262 240]
 [ -1  -1 889 874 857 841 823 804 783 760 735 712 687 660 634 606 577 550 520 492 465 434 405 377 349 324 298 276 255 233 214]
 [ -1  -1 888 873 856 840 821 801 779 756 733 707 681 655 628 601 572 544 513 485 457 426 397 370 342 316 290 268 247 226 206]
 [ -1 887 872  -1 838 818 798 775 754 729 704 676 650 621 593 565 537 507 479 450 419 388 361 333 307 285 261 238 220 199 181]
 [ -1 885 869 852 834 814 794 773 750 726 701 673 645 616 590 559 530 500 472 441 411 380 353 325 299 277 253 231 211 192 175]
 [882 866 850 830 811 792 769 747 721 694 669 640 609 581 552 523 493 461 432 402 371 344 317 295 266 245 223 204 184 167 151]
 [879 864 847 828 809 788 766 742 716 688 661 632 604 575 545 517 486 454 424 393 365 334 308 286 259 237 216 196 178 160 144]
 [861 844 826 806 785 761 737 709 684 656 627 598 569 538 508 480 447 416 385 355 326 300 274 251 229 208 188 171 154 138 123]
 [859 843 824  -1 780 757 731 708 680 651 622 591 560 531 501 469 438 408 375 345 318 291 267 243 221 201 182 163 146 131 116]
 [ -1 819 800 776  -1 728 702 674 643 614 585 553 525 494 460 428 398 367 336 310 282 258 235 212 193 173 156 140 124 110  97]
 [835 815 795 771 749 723 696 667 636 607 579 548 518 483 452 420 389 356 327 301 275 250 227 205 185 166 149 133 117 104  90]
 [813 791 768 744 718 689 662 629 602 571 540 509 475 445 412 378 347 319 292 265 241 218 197 179 159 141 126 111  98  84  73]
 [807 787 764 738 711 683 654 624 594 564 532 498 467 435 401 368 337 311 283 257 232 210 189 170 152 134 119 105  91  79  70]
 [781 758 732 705 677 647 617 587 555 524 488 459 425 392 358 328 304 273 249 224 202 183 162 143 128 113  99  85  74  65  56]
 [ -1 752 727 699 670 641 608 580 546 514 481 448 414 381 348  -1 293 264 239 217 194 172 155 137 121 106  92  80  71  61  51]
 [746 722 692 664 633 603 570 539 505 474 439 404 372 338 312 281 256 230 207 186 165 147 129 114 100  86  75  66  55  46  38]
 [740 713 685 657 625 595 561 529 495 462 429 394 359 329 302 272 246 222 198 176 158 139 122 107  93  81  67  60  50  42  34]
 [ -1 678 648 618 586 554 521 487 453 418 382 350 320 288 263 236 213 190 168 150 132 115 101  87  76  64  53  45  37  30  24]
 [ -1  -1 638  -1 576 543 511 476 442 406  -1 340 313 280 254 228 203 180 161 142 125 108  94  82  68  57  49  41  33  27  19]
 [ -1  -1 599 567 534 502 466 431 395 362 331 303 271 244 219 195 174 153 135 118 102  88  77  62  54  44  36  29  22  15   9]
 [ -1  -1  -1 558 526 490 458 421 386 352 321 289 260 234 209 187 164 145 127 109  95  -1  72  58  47  40  32  26  17  11   7]
 [ -1  -1  -1 515  -1 446 409 374 341 309 279 252 225 200 177 157 136 120 103  89  78  63  52  43  35  28  21  13   8   5   2]
 [ -1  -1  -1 504 468 433 399 364  -1 296 269 242 215 191 169 148 130 112  96  83  69  59  48  39  31  25  16  10   6   3   1]]
[Diag] Wave step complete: Added 15 structural ears.
Wave 11
   -> Island 586 Shape: (31, 31)
[[ -1  -1  -1  -1  -1  -1  -1 896 886 871 855 839 822 803 784 765 743 719 697 672 649 623 597 573 549 522 496 470 443 417 390]
 [ -1  -1  -1  -1  -1  -1 897 884 870 854 837 820 802 782 762 741 717 693 668 644 619 592 568 542 516 489 463 436 410 383 360]
 [ -1  -1  -1  -1  -1  -1 895 883 868 853 836 817 799 778 759 736 714 690 665 639 613 588 562 536 510 482 455 430 403 376 351]
 [ -1  -1  -1  -1  -1  -1 881 867 851 833 816 797 777 755 734 710 686 659 635 610 583 557 533 503 477 451 423 396 369 343 322]
 [ -1  -1  -1  -1  -1 894 880 865 849 832  -1 796 774 753 730 706 682 658 631 605 578 551 527 497 473 444 415 387 363 335 314]
 [ -1  -1  -1  -1 893 878 863 848 831 812 793 772 751 725 703 679 652 626 600 574 547 519 491 464 437 407 379 354 330 305 287]
 [ -1  -1  -1  -1 892 877 862 846 829 810 790 770 748 724 698 675 646 620 596 566 541 512 484 456 427 400 373 346 323 297 278]
 [ -1  -1  -1 891 876 860 845 827 808 789 767 745 720 695 671 642 615 589 563 535 506 478 449 422 391 366 339 315 294 270 248]
 [ -1  -1  -1 890 875 858 842 825 805 786 763 739 715 691 666 637 611 584 556 528 499 471 440 413 384 357 332 306 284 262 240]
 [ -1  -1 889 874 857 841 823 804 783 760 735 712 687 660 634 606 577 550 520 492 465 434 405 377 349 324 298 276 255 233 214]
 [ -1  -1 888 873 856 840 821 801 779 756 733 707 681 655 628 601 572 544 513 485 457 426 397 370 342 316 290 268 247 226 206]
 [ -1 887 872  -1 838 818 798 775 754 729 704 676 650 621 593 565 537 507 479 450 419 388 361 333 307 285 261 238 220 199 181]
 [ -1 885 869 852 834 814 794 773 750 726 701 673 645 616 590 559 530 500 472 441 411 380 353 325 299 277 253 231 211 192 175]
 [882 866 850 830 811 792 769 747 721 694 669 640 609 581 552 523 493 461 432 402 371 344 317 295 266 245 223 204 184 167 151]
 [879 864 847 828 809 788 766 742 716 688 661 632 604 575 545 517 486 454 424 393 365 334 308 286 259 237 216 196 178 160 144]
 [861 844 826 806 785 761 737 709 684 656 627 598 569 538 508 480 447 416 385 355 326 300 274 251 229 208 188 171 154 138 123]
 [859 843 824  -1 780 757 731 708 680 651 622 591 560 531 501 469 438 408 375 345 318 291 267 243 221 201 182 163 146 131 116]
 [ -1 819 800 776  -1 728 702 674 643 614 585 553 525 494 460 428 398 367 336 310 282 258 235 212 193 173 156 140 124 110  97]
 [835 815 795 771 749 723 696 667 636 607 579 548 518 483 452 420 389 356 327 301 275 250 227 205 185 166 149 133 117 104  90]
 [813 791 768 744 718 689 662 629 602 571 540 509 475 445 412 378 347 319 292 265 241 218 197 179 159 141 126 111  98  84  73]
 [807 787 764 738 711 683 654 624 594 564 532 498 467 435 401 368 337 311 283 257 232 210 189 170 152 134 119 105  91  79  70]
 [781 758 732 705 677 647 617 587 555 524 488 459 425 392 358 328 304 273 249 224 202 183 162 143 128 113  99  85  74  65  56]
 [ -1 752 727 699 670 641 608 580 546 514 481 448 414 381 348  -1 293 264 239 217 194 172 155 137 121 106  92  80  71  61  51]
 [746 722 692 664 633 603 570 539 505 474 439 404 372 338 312 281 256 230 207 186 165 147 129 114 100  86  75  66  55  46  38]
 [740 713 685 657 625 595 561 529 495 462 429 394 359 329 302 272 246 222 198 176 158 139 122 107  93  81  67  60  50  42  34]
 [ -1 678 648 618 586 554 521 487 453 418 382 350 320 288 263 236 213 190 168 150 132 115 101  87  76  64  53  45  37  30  24]
 [ -1  -1 638  -1 576 543 511 476 442 406  -1 340 313 280 254 228 203 180 161 142 125 108  94  82  68  57  49  41  33  27  19]
 [ -1  -1 599 567 534 502 466 431 395 362 331 303 271 244 219 195 174 153 135 118 102  88  77  62  54  44  36  29  22  15   9]
 [ -1  -1  -1 558 526 490 458 421 386 352 321 289 260 234 209 187 164 145 127 109  95  -1  72  58  47  40  32  26  17  11   7]
 [ -1  -1  -1 515  -1 446 409 374 341 309 279 252 225 200 177 157 136 120 103  89  78  63  52  43  35  28  21  13   8   5   2]
 [ -1  -1  -1 504 468 433 399 364  -1 296 269 242 215 191 169 148 130 112  96  83  69  59  48  39  31  25  16  10   6   3   1]]
[Diag] Wave step complete: Added 2 structural ears.
   -> Island 586 Shape: (31, 31)
[[ -1  -1  -1  -1  -1  -1  -1 896 886 871 855 839 822 803 784 765 743 719 697 672 649 623 597 573 549 522 496 470 443 417 390]
 [ -1  -1  -1  -1  -1  -1 897 884 870 854 837 820 802 782 762 741 717 693 668 644 619 592 568 542 516 489 463 436 410 383 360]
 [ -1  -1  -1  -1  -1  -1 895 883 868 853 836 817 799 778 759 736 714 690 665 639 613 588 562 536 510 482 455 430 403 376 351]
 [ -1  -1  -1  -1  -1  -1 881 867 851 833 816 797 777 755 734 710 686 659 635 610 583 557 533 503 477 451 423 396 369 343 322]
 [ -1  -1  -1  -1  -1 894 880 865 849 832  -1 796 774 753 730 706 682 658 631 605 578 551 527 497 473 444 415 387 363 335 314]
 [ -1  -1  -1  -1 893 878 863 848 831 812 793 772 751 725 703 679 652 626 600 574 547 519 491 464 437 407 379 354 330 305 287]
 [ -1  -1  -1  -1 892 877 862 846 829 810 790 770 748 724 698 675 646 620 596 566 541 512 484 456 427 400 373 346 323 297 278]
 [ -1  -1  -1 891 876 860 845 827 808 789 767 745 720 695 671 642 615 589 563 535 506 478 449 422 391 366 339 315 294 270 248]
 [ -1  -1  -1 890 875 858 842 825 805 786 763 739 715 691 666 637 611 584 556 528 499 471 440 413 384 357 332 306 284 262 240]
 [ -1  -1 889 874 857 841 823 804 783 760 735 712 687 660 634 606 577 550 520 492 465 434 405 377 349 324 298 276 255 233 214]
 [ -1  -1 888 873 856 840 821 801 779 756 733 707 681 655 628 601 572 544 513 485 457 426 397 370 342 316 290 268 247 226 206]
 [ -1 887 872  -1 838 818 798 775 754 729 704 676 650 621 593 565 537 507 479 450 419 388 361 333 307 285 261 238 220 199 181]
 [ -1 885 869 852 834 814 794 773 750 726 701 673 645 616 590 559 530 500 472 441 411 380 353 325 299 277 253 231 211 192 175]
 [882 866 850 830 811 792 769 747 721 694 669 640 609 581 552 523 493 461 432 402 371 344 317 295 266 245 223 204 184 167 151]
 [879 864 847 828 809 788 766 742 716 688 661 632 604 575 545 517 486 454 424 393 365 334 308 286 259 237 216 196 178 160 144]
 [861 844 826 806 785 761 737 709 684 656 627 598 569 538 508 480 447 416 385 355 326 300 274 251 229 208 188 171 154 138 123]
 [859 843 824  -1 780 757 731 708 680 651 622 591 560 531 501 469 438 408 375 345 318 291 267 243 221 201 182 163 146 131 116]
 [ -1 819 800 776  -1 728 702 674 643 614 585 553 525 494 460 428 398 367 336 310 282 258 235 212 193 173 156 140 124 110  97]
 [835 815 795 771 749 723 696 667 636 607 579 548 518 483 452 420 389 356 327 301 275 250 227 205 185 166 149 133 117 104  90]
 [813 791 768 744 718 689 662 629 602 571 540 509 475 445 412 378 347 319 292 265 241 218 197 179 159 141 126 111  98  84  73]
 [807 787 764 738 711 683 654 624 594 564 532 498 467 435 401 368 337 311 283 257 232 210 189 170 152 134 119 105  91  79  70]
 [781 758 732 705 677 647 617 587 555 524 488 459 425 392 358 328 304 273 249 224 202 183 162 143 128 113  99  85  74  65  56]
 [ -1 752 727 699 670 641 608 580 546 514 481 448 414 381 348  -1 293 264 239 217 194 172 155 137 121 106  92  80  71  61  51]
 [746 722 692 664 633 603 570 539 505 474 439 404 372 338 312 281 256 230 207 186 165 147 129 114 100  86  75  66  55  46  38]
 [740 713 685 657 625 595 561 529 495 462 429 394 359 329 302 272 246 222 198 176 158 139 122 107  93  81  67  60  50  42  34]
 [ -1 678 648 618 586 554 521 487 453 418 382 350 320 288 263 236 213 190 168 150 132 115 101  87  76  64  53  45  37  30  24]
 [ -1  -1 638  -1 576 543 511 476 442 406  -1 340 313 280 254 228 203 180 161 142 125 108  94  82  68  57  49  41  33  27  19]
 [ -1  -1 599 567 534 502 466 431 395 362 331 303 271 244 219 195 174 153 135 118 102  88  77  62  54  44  36  29  22  15   9]
 [ -1  -1  -1 558 526 490 458 421 386 352 321 289 260 234 209 187 164 145 127 109  95  -1  72  58  47  40  32  26  17  11   7]
 [ -1  -1  -1 515  -1 446 409 374 341 309 279 252 225 200 177 157 136 120 103  89  78  63  52  43  35  28  21  13   8   5   2]
 [ -1  -1  -1 504 468 433 399 364  -1 296 269 242 215 191 169 148 130 112  96  83  69  59  48  39  31  25  16  10   6   3   1]]
[+] Success! Generated 1 individual grid matrix islands.
row: 0, col 6, length: 25
valid_mask: [1 1 1 1 1 1 1 1 1 1 1 1 1 1 1 1 1 1 1 1 1 1 1]
patch:
 [[-1  1  0  1  0  1  1  0  1  1  1  0  0  1  0  1  0  1  0  1  0  0  0  0  0]
 [ 0  1  0  0  0  1  1  1  1  0  1  0  1  0  0  1  1  1  0  0  1  0  0  1  0]]
row: 1, col 5, length: 26
valid_mask: [0 1 1 1 1 1 1 1 1 1 1 1 1 1 1 1 1 1 1 1 1 1 1 1]
patch:
 [[-1  0  1  0  0  0  1  1  1  1  0  1  0  1  0  0  1  1  1  0  0  1  0  0  1  0]
 [-1  1  1  1  0  1  0  0  1  0  0  1  0  1  0  0  1  1  1  1  1  0  0  0  0  0]]
row: 2, col 6, length: 25
valid_mask: [1 1 1 1 1 1 1 1 1 1 1 1 1 1 1 1 1 1 1 1 1 1 1]
patch:
 [[1 1 1 0 1 0 0 1 0 0 1 0 1 0 0 1 1 1 1 1 0 0 0 0 0]
 [1 0 0 0 1 0 1 1 0 1 1 1 1 0 0 0 0 0 0 1 0 1 0 0 0]]
row: 3, col 5, length: 26
valid_mask: [1 1 1 1 0 0 1 1 1 1 1 1 1 1 1 1 1 1 1 1 1 1 1 1]
patch:
 [[-1  1  0  0  0  1  0  1  1  0  1  1  1  1  0  0  0  0  0  0  1  0  1  0  0  0]
 [ 1  1  1  1  0 -1  0  0  0  1  1  1  1  1  0  0  1  1  1  1  1  0  1  1  1  0]]
row: 4, col 4, length: 27
valid_mask: [1 1 1 1 0 0 1 1 1 1 1 1 1 1 1 1 1 1 1 1 1 1 1 1 1]
patch:
 [[-1  1  1  1  1  0 -1  0  0  0  1  1  1  1  1  0  0  1  1  1  1  1  0  1  1  1  0]
 [ 0  1  1  0  1  0  0  0  0  1  1  0  0  1  0  1  0  0  1  1  1  0  1  1  1  1  0]]
row: 5, col 3, length: 28
valid_mask: [0 1 1 1 1 1 1 1 1 1 1 1 1 1 1 1 1 1 1 1 1 1 1 1 1 1]
patch:
 [[-1  0  1  1  0  1  0  0  0  0  1  1  0  0  1  0  1  0  0  1  1  1  0  1  1  1  1  0]
 [-1  0  1  1  1  1  0  1  0  1  1  1  0  1  1  1  0  1  0  1  1  1  0  0  0  0  1  0]]
row: 6, col 4, length: 27
valid_mask: [1 1 1 1 1 1 1 1 1 1 1 1 1 1 1 1 1 1 1 1 1 1 1 1 1]
patch:
 [[0 1 1 1 1 0 1 0 1 1 1 0 1 1 1 0 1 0 1 1 1 0 0 0 0 1 0]
 [0 0 1 1 0 1 0 0 1 1 1 0 1 0 1 1 0 1 0 0 1 1 1 0 0 1 1]]
row: 7, col 3, length: 28
valid_mask: [1 1 1 1 1 1 1 1 1 1 1 1 1 1 1 1 1 1 1 1 1 1 1 1 1 1]
patch:
 [[1 0 0 1 1 0 1 0 0 1 1 1 0 1 0 1 1 0 1 0 0 1 1 1 0 0 1 1]
 [0 1 1 1 1 1 0 1 0 0 0 0 1 0 0 0 0 1 1 0 1 0 0 0 1 0 1 0]]
row: 8, col 2, length: 29
valid_mask: [1 1 1 1 1 1 1 1 1 1 1 1 1 1 1 1 1 1 1 1 1 1 1 1 1 1 1]
patch:
 [[-1  0  1  1  1  1  1  0  1  0  0  0  0  1  0  0  0  0  1  1  0  1  0  0  0  1  0  1  0]
 [ 1  1  1  0  1  1  0  1  1  0  1  0  0  1  1  1  1  1  1  0  1  1  1  1  0  1  1  0  1]]
row: 9, col 1, length: 30
valid_mask: [0 1 1 1 1 1 1 1 1 1 1 1 1 1 1 1 1 1 1 1 1 1 1 1 1 1 1 1]
patch:
 [[-1  1  1  1  0  1  1  0  1  1  0  1  0  0  1  1  1  1  1  1  0  1  1  1  1  0  1  1  0  1]
 [-1  1  1  1  1  0  0  0  1  1  1  1  1  1  0  0  1  1  0  1  0  1  1  0  0  1  0  0  0  1]]
row: 10, col 2, length: 29
valid_mask: [0 0 1 1 1 1 1 1 1 1 1 1 1 1 1 1 1 1 1 1 1 1 1 1 1 1 1]
patch:
 [[ 1  1  1  1  0  0  0  1  1  1  1  1  1  0  0  1  1  0  1  0  1  1  0  0  1  0  0  0  1]
 [ 1 -1  1  1  0  1  0  0  0  1  0  1  1  0  1  1  1  0  0  0  0  1  0  1  0  0  0  0  0]]
row: 11, col 1, length: 30
valid_mask: [0 0 1 1 1 1 1 1 1 1 1 1 1 1 1 1 1 1 1 1 1 1 1 1 1 1 1 1]
patch:
 [[ 1  1 -1  1  1  0  1  0  0  0  1  0  1  1  0  1  1  1  0  0  0  0  1  0  1  0  0  0  0  0]
 [ 0  1  1  1  1  0  0  1  0  0  1  1  0  0  0  0  0  0  0  1  1  0  1  0  0  1  1  1  1  0]]
row: 12, col 0, length: 31
valid_mask: [1 1 1 1 1 1 1 1 1 1 1 1 1 1 1 1 1 1 1 1 1 1 1 1 1 1 1 1 1]
patch:
 [[-1  0  1  1  1  1  0  0  1  0  0  1  1  0  0  0  0  0  0  0  1  1  0  1  0  0  1  1  1  1  0]
 [ 1  1  1  1  1  1  1  0  1  1  0  0  0  1  0  1  0  0  0  0  1  0  0  1  1  1  1  1  1  1  1]]
row: 13, col 1, length: 30
valid_mask: [1 1 1 1 1 1 1 1 1 1 1 1 1 1 1 1 1 1 1 1 1 1 1 1 1 1 1 1]
patch:
 [[1 1 1 1 1 1 0 1 1 0 0 0 1 0 1 0 0 0 0 1 0 0 1 1 1 1 1 1 1 1]
 [1 1 1 0 1 0 1 1 0 1 1 1 1 1 1 1 0 0 0 0 0 0 0 0 0 1 1 1 0 1]]
row: 14, col 0, length: 31
valid_mask: [1 1 1 1 1 1 1 1 1 1 1 1 1 1 1 1 1 1 1 1 1 1 1 1 1 1 1 1 1]
patch:
 [[1 1 1 1 0 1 0 1 1 0 1 1 1 1 1 1 1 0 0 0 0 0 0 0 0 0 1 1 1 0 1]
 [1 1 1 1 1 1 1 1 1 1 1 1 1 0 1 0 0 1 1 1 0 1 1 0 0 1 1 0 1 0 1]]
row: 15, col 1, length: 30
valid_mask: [1 0 0 1 1 1 1 1 1 1 1 1 1 1 1 1 1 1 1 1 1 1 1 1 1 1 1 1]
patch:
 [[ 1  1  1  1  1  1  1  1  1  1  1  1  0  1  0  0  1  1  1  0  1  1  0  0  1  1  0  1  0  1]
 [ 1  1 -1  1  0  1  0  1  1  0  0  0  1  1  1  0  0  1  1  1  0  1  0  1  0  1  0  1  0  1]]
row: 16, col 0, length: 31
valid_mask: [0 0 0 0 0 1 1 1 1 1 1 1 1 1 1 1 1 1 1 1 1 1 1 1 1 1 1 1 1]
patch:
 [[ 0  1  1 -1  1  0  1  0  1  1  0  0  0  1  1  1  0  0  1  1  1  0  1  0  1  0  1  0  1  0  1]
 [-1  1  1  1 -1  1  1  0  1  1  0  0  1  1  0  0  1  1  0  1  1  1  1  0  0  1  0  0  1  0  1]]
row: 17, col 1, length: 30
valid_mask: [1 0 0 1 1 1 1 1 1 1 1 1 1 1 1 1 1 1 1 1 1 1 1 1 1 1 1 1]
patch:
 [[ 1  1  1 -1  1  1  0  1  1  0  0  1  1  0  0  1  1  0  1  1  1  1  0  0  1  0  0  1  0  1]
 [ 1  0  1  1  1  0  1  0  0  1  1  0  0  1  0  1  1  1  1  1  1  0  0  0  0  1  1  1  0  1]]
row: 18, col 0, length: 31
valid_mask: [1 1 1 1 1 1 1 1 1 1 1 1 1 1 1 1 1 1 1 1 1 1 1 1 1 1 1 1 1]
patch:
 [[1 1 0 1 1 1 0 1 0 0 1 1 0 0 1 0 1 1 1 1 1 1 0 0 0 0 1 1 1 0 1]
 [0 1 1 1 0 1 0 1 0 0 0 1 0 1 0 1 1 0 1 0 0 1 0 1 1 1 1 1 1 0 0]]
row: 19, col 1, length: 30
valid_mask: [1 1 1 1 1 1 1 1 1 1 1 1 1 1 1 1 1 1 1 1 1 1 1 1 1 1 1 1]
patch:
 [[1 1 1 0 1 0 1 0 0 0 1 0 1 0 1 1 0 1 0 0 1 0 1 1 1 1 1 1 0 0]
 [1 0 1 0 0 1 1 1 1 0 1 0 1 0 1 0 0 0 0 1 0 1 1 0 0 1 1 1 1 1]]
row: 20, col 0, length: 31
valid_mask: [1 1 1 1 1 1 1 1 1 1 1 1 1 1 1 1 1 1 1 1 1 1 1 1 1 1 1 1 1]
patch:
 [[1 1 0 1 0 0 1 1 1 1 0 1 0 1 0 1 0 0 0 0 1 0 1 1 0 0 1 1 1 1 1]
 [1 1 1 0 1 0 0 1 1 0 1 1 1 0 1 0 1 0 1 1 1 0 0 0 1 0 1 1 1 0 0]]
row: 21, col 1, length: 30
valid_mask: [1 1 1 1 1 1 1 1 1 1 1 1 1 0 0 1 1 1 1 1 1 1 1 1 1 1 1 1]
patch:
 [[ 1  1  0  1  0  0  1  1  0  1  1  1  0  1  0  1  0  1  1  1  0  0  0  1  0  1  1  1  0  0]
 [ 1  1  0  1  1  0  1  0  0  0  0  1  1  0 -1  0  0  1  1  0  0  0  0  0  0  1  0  0  1  0]]
row: 22, col 0, length: 31
valid_mask: [1 1 1 1 1 1 1 1 1 1 1 1 1 0 0 1 1 1 1 1 1 1 1 1 1 1 1 1 1]
patch:
 [[-1  1  1  0  1  1  0  1  0  0  0  0  1  1  0 -1  0  0  1  1  0  0  0  0  0  0  1  0  0  1  0]
 [ 1  0  0  1  0  1  1  0  1  0  1  0  1  1  0  1  1  0  0  0  1  0  0  0  1  1  0  1  0  1  1]]
row: 23, col 1, length: 30
valid_mask: [1 1 1 1 1 1 1 1 1 1 1 1 1 1 1 1 1 1 1 1 1 1 1 1 1 1 1 1]
patch:
 [[0 0 1 0 1 1 0 1 0 1 0 1 1 0 1 1 0 0 0 1 0 0 0 1 1 0 1 0 1 1]
 [1 0 1 0 0 0 0 1 1 1 1 0 1 1 0 0 1 0 1 1 1 0 0 1 0 0 1 1 0 0]]
row: 24, col 0, length: 31
valid_mask: [0 1 1 1 1 1 1 1 1 1 1 1 1 1 1 1 1 1 1 1 1 1 1 1 1 1 1 1 1]
patch:
 [[ 1  1  0  1  0  0  0  0  1  1  1  1  0  1  1  0  0  1  0  1  1  1  0  0  1  0  0  1  1  0  0]
 [-1  1  0  1  1  0  0  0  0  1  0  0  1  0  0  0  1  0  0  1  0  0  1  0  1  0  0  0  0  0  1]]
row: 25, col 1, length: 30
valid_mask: [0 0 0 1 1 1 1 1 0 0 1 1 1 1 1 1 1 1 1 1 1 1 1 1 1 1 1 1]
patch:
 [[ 1  0  1  1  0  0  0  0  1  0  0  1  0  0  0  1  0  0  1  0  0  1  0  1  0  0  0  0  0  1]
 [-1  1 -1  1  1  1  1  0  1 -1  0  0  1  0  1  0  1  1  1  1  0  0  0  1  0  1  0  0  1  0]]
row: 26, col 2, length: 29
valid_mask: [0 1 1 1 1 1 0 0 1 1 1 1 1 1 1 1 1 1 1 1 1 1 1 1 1 1 1]
patch:
 [[ 1 -1  1  1  1  1  0  1 -1  0  0  1  0  1  0  1  1  1  1  0  0  0  1  0  1  0  0  1  0]
 [ 1  1  0  1  0  1  1  1  1  0  0  1  1  1  1  0  0  1  1  0  1  1  0  1  1  0  1  1  1]]
Hor:  {'origin_stream_phase': 20, 'recovered_sequence': [0, 0, 0, 1, 0, 1, 0, 1, 1, 1, 0, 1, 1, 0, 0, 0, 1, 1, 1, 1, 1, 0, 0, 1, 1, 0, 1], 'errors_corrected': [1, 2, 13, 14], 'missing_gaps': array([0, 6, 7], dtype=int64), 'status': 'Corrected bit flip at index [1, 2, 13, 14] via syndrome projection', 'direction_key': 'U_forward'}
Vert:  {'origin_stream_phase': 15, 'recovered_sequence': [1, 1, 0, 0, 1, 1, 1, 0, 0, 0, 0, 1, 1, 0, 1, 0, 1, 0, 0, 1, 0, 0, 0, 1, 0, 1, 1, 1], 'errors_corrected': [2, 3, 13, 14], 'missing_gaps': array([0, 1, 7, 8], dtype=int64), 'status': 'Corrected bit flip at index [2, 3, 13, 14] via syndrome projection', 'direction_key': 'W_reverse'}
[Warning] Consistency check failed. Skip
row: 27, col 3, length: 28
valid_mask: [1 1 1 1 1 1 1 1 1 1 1 1 1 1 1 1 1 0 0 1 1 1 1 1 1 1]
patch:
 [[ 1  0  1  0  1  1  1  1  0  0  1  1  1  1  0  0  1  1  0  1  1  0  1  1  0  1  1  1]
 [ 1  1  1  1  0  0  1  1  1  0  0  0  1  1  1  1  0  1 -1  1  0  0  1  1  1  1  1  0]]
row: 28, col 2, length: 29
valid_mask: [0 0 0 1 1 1 1 1 1 1 1 1 1 1 1 1 1 0 0 1 1 1 1 1 1 1 1]
patch:
 [[-1  1  1  1  1  0  0  1  1  1  0  0  0  1  1  1  1  0  1 -1  1  0  0  1  1  1  1  1  0]
 [-1  0 -1  0  0  1  0  1  1  1  0  1  0  1  0  0  1  0  1  0  0  1  1  1  1  0  1  0  0]]
Hor:  {'origin_stream_phase': 19, 'recovered_sequence': [0, 0, 0, 0, 1, 0, 1, 0, 1, 1, 1, 0, 1, 1, 0, 0, 0, 1, 1, 1, 1, 1, 0, 0, 1, 1, 0], 'errors_corrected': [3], 'missing_gaps': array([ 0,  1,  2, 17, 18], dtype=int64), 'status': 'Corrected bit flip at index [3] via syndrome projection', 'direction_key': 'U_forward'}
Vert:  {'origin_stream_phase': 16, 'recovered_sequence': [1, 0, 0, 1, 1, 1, 0, 0, 0, 0, 1, 1, 0, 1, 0, 1, 0, 0, 1, 0, 0, 0, 1, 0, 1, 1, 1, 1], 'errors_corrected': [3, 4], 'missing_gaps': array([ 0,  1,  2, 18, 19], dtype=int64), 'status': 'Corrected bit flip at index [3, 4] via syndrome projection', 'direction_key': 'W_reverse'}
[Warning] Consistency check failed. Skip
row: 29, col 3, length: 28
valid_mask: [0 1 1 1 0 0 1 1 1 1 1 1 1 1 1 1 1 1 1 1 1 1 1 1 1 1]
patch:
 [[ 0 -1  0  0  1  0  1  1  1  0  1  0  1  0  0  1  0  1  0  0  1  1  1  1  0  1  0  0]
 [ 1  1  0  1  1 -1  0  1  1  1  1  1  0  0  1  0  1  0  0  1  1  0  1  1  0  0  0  0]]
row: 5, col 9, length: 12
valid_mask: [1 1 1 1 1 1 1 1 1 1]
patch:
 [[1 0 0 0 1 1 0 0 1 0 1 0]
 [0 0 1 1 0 1 0 0 0 1 0 0]]
Hor:  {'origin_stream_phase': 22, 'recovered_sequence': [0, 1, 0, 1, 0, 1, 1, 1, 0, 1], 'errors_corrected': [2, 9], 'missing_gaps': array([], dtype=int64), 'status': 'Corrected bit flip at index [2, 9] via syndrome projection', 'direction_key': 'U_forward'}
Vert:  {'origin_stream_phase': 27, 'recovered_sequence': [1, 0, 1, 0, 1, 0, 0, 1, 0, 0, 0], 'errors_corrected': [1, 2, 10], 'missing_gaps': array([], dtype=int64), 'status': 'Corrected bit flip at index [1, 2, 10] via syndrome projection', 'direction_key': 'W_reverse'}
[Warning] Consistency check failed. Skip
Hor:  {'origin_stream_phase': 4, 'recovered_sequence': [0, 0, 0, 1, 0, 1, 1, 1, 1, 1], 'errors_corrected': [1, 2, 8, 9], 'missing_gaps': array([], dtype=int64), 'status': 'Corrected bit flip at index [1, 2, 8, 9] via syndrome projection', 'direction_key': 'W_reverse'}
Vert:  {'origin_stream_phase': 13, 'recovered_sequence': [1, 1, 1, 1, 1, 0, 0, 1, 0, 0, 1], 'errors_corrected': [2, 3], 'missing_gaps': array([], dtype=int64), 'status': 'Corrected bit flip at index [2, 3] via syndrome projection', 'direction_key': 'V_forward'}
[Warning] Consistency check failed. Skip
row: 6, col 8, length: 15
valid_mask: [1 1 1 1 1 1 1 1 1 1 1 1 1]
patch:
 [[-1  0  0  1  1  0  1  0  0  0  1  0  0  0  1]
 [ 1  1  1  0  1  0  0  1  1  1  0  0  1  1  1]]
row: 7, col 7, length: 17
valid_mask: [0 1 1 1 1 1 1 1 1 1 1 1 1 1 1]
patch:
 [[-1  1  1  1  0  1  0  0  1  1  1  0  0  1  1  1  1]
 [-1  0  1  1  0  1  1  0  1  0  0  0  0  1  1  0  0]]
row: 8, col 8, length: 18
valid_mask: [1 1 1 1 1 1 1 1 1 1 1 1 1 1 1 1]
patch:
 [[0 1 1 0 1 1 0 1 0 0 0 0 1 1 0 0 1 1]
 [1 1 0 1 1 1 1 0 1 1 0 1 1 1 1 0 0 1]]
Hor:  {'origin_stream_phase': 22, 'recovered_sequence': [0, 0, 0, 0, 1, 1, 0, 1, 0, 1, 0, 0, 1, 0, 0, 0], 'errors_corrected': [], 'missing_gaps': array([], dtype=int64), 'status': 'Corrected bit flip at index [] via syndrome projection', 'direction_key': 'W_reverse'}
Vert:  {'origin_stream_phase': 0, 'recovered_sequence': [1, 1, 0, 1, 0, 1, 0, 0, 0, 1, 1, 1, 0, 1, 1, 1, 1], 'errors_corrected': [], 'missing_gaps': array([], dtype=int64), 'status': 'Corrected bit flip at index [] via syndrome projection', 'direction_key': 'V_forward'}
{'status': 'success', 'row': 0, 'col': 22, 'b': (22, 0, -22), 'horizontal_axis': 'W', 'direction': 'reverse', 'errors_corrected': 0, 'erasures': 0}
[Info] Consistency check passed. Best result updated.
[[0 1 1 0 1 1 0 1 0 0 0 0 1 1 0 0 1 1]
 [1 1 0 1 1 1 1 0 1 1 0 1 1 1 1 0 0 1]]
row: 9, col 7, length: 20
valid_mask: [1 1 1 1 1 1 1 1 1 1 1 1 1 1 1 1 1 1]
patch:
 [[1 1 1 0 1 1 1 1 0 1 1 0 1 1 1 1 0 0 1 0]
 [0 0 1 0 1 1 1 0 0 1 0 1 1 1 1 0 1 1 0 0]]
row: 10, col 6, length: 23
valid_mask: [1 1 1 1 1 1 1 1 1 1 1 1 1 1 1 1 1 1 1 1 1]
patch:
 [[-1  0  0  1  0  1  1  1  0  0  1  0  1  1  1  1  0  1  1  0  0  1  0]
 [ 1  0  0  0  1  0  1  0  1  1  0  0  0  1  1  1  0  0  1  1  1  0  0]]
row: 11, col 5, length: 25
valid_mask: [0 1 1 1 1 1 1 1 1 1 1 1 1 1 1 1 1 1 1 1 1 1 1]
patch:
 [[-1  1  0  0  0  1  0  1  0  1  1  0  0  0  1  1  1  0  0  1  1  1  0  0  1]
 [-1  0  1  0  0  0  0  0  1  0  1  1  1  0  1  0  1  1  0  1  1  1  1  1  1]]
row: 12, col 6, length: 26
valid_mask: [1 1 1 1 1 1 1 1 1 1 1 1 1 1 1 1 1 1 1 1 1 1 1 1]
patch:
 [[0 1 0 0 0 0 0 1 0 1 1 1 0 1 0 1 1 0 1 1 1 1 1 1 0 1]
 [0 1 1 0 1 1 0 1 0 1 0 1 1 0 0 0 1 1 1 1 1 0 0 0 0 0]]
row: 13, col 5, length: 28
valid_mask: [1 1 1 1 1 1 1 1 1 1 1 1 1 1 1 1 1 1 1 1 1 1 1 1 1 1]
patch:
 [[0 0 1 1 0 1 1 0 1 0 1 0 1 1 0 0 0 1 1 1 1 1 0 0 0 0 0 1]
 [1 1 0 1 1 0 0 1 1 1 0 0 0 0 0 0 1 0 0 1 1 1 0 1 1 0 1 1]]
row: 14, col 4, length: 31
valid_mask: [1 1 1 1 1 1 1 1 1 1 1 1 1 1 1 1 1 1 1 1 1 1 1 1 1 1 1 1 1]
patch:
 [[-1  1  1  0  1  1  0  0  1  1  1  0  0  0  0  0  0  1  0  0  1  1  1  0  1  1  0  1  1  0  0]
 [ 1  0  1  1  1  1  1  1  0  1  1  0  1  0  0  1  0  0  0  1  0  0  1  0  1  0  0  1  1  0  0]]
row: 15, col 3, length: 32
valid_mask: [0 1 1 1 1 1 1 1 1 1 1 1 1 1 1 1 1 1 1 1 1 1 1 1 1 1 1 1 1 1]
patch:
 [[-1  1  0  1  1  1  1  1  1  0  1  1  0  1  0  0  1  0  0  0  1  0  0  1  0  1  0  0  1  1  0  0]
 [-1  1  1  0  1  1  0  1  0  0  1  0  0  1  1  0  1  1  1  0  1  0  1  0  1  0  0  0  0  1  1  0]]
row: 16, col 4, length: 30
valid_mask: [1 1 1 1 1 1 1 1 1 1 1 1 1 1 1 1 1 1 1 1 1 1 1 1 1 1 1 1]
patch:
 [[1 1 0 1 1 0 1 0 0 1 0 0 1 1 0 1 1 1 0 1 0 1 0 1 0 0 0 0 1 1]
 [1 0 0 1 0 1 1 0 1 1 1 0 0 0 0 0 1 0 0 1 0 0 1 0 0 1 1 1 0 0]]
Hor:  {'origin_stream_phase': 14, 'recovered_sequence': [0, 1, 1, 0, 0, 1, 1, 1, 0, 0, 0, 0, 1, 1, 0, 1, 0, 1, 0, 0, 1, 0, 0, 0, 1, 0, 1, 1], 'errors_corrected': [7, 8], 'missing_gaps': array([], dtype=int64), 'status': 'Corrected bit flip at index [7, 8] via syndrome projection', 'direction_key': 'W_reverse'}
Vert:  {'origin_stream_phase': 0, 'recovered_sequence': [1, 1, 0, 1, 0, 1, 0, 0, 0, 1, 1, 1, 0, 1, 1, 1, 1, 1, 0, 0, 1, 0, 0, 1, 1, 0, 0, 0, 0], 'errors_corrected': [7, 8], 'missing_gaps': array([], dtype=int64), 'status': 'Corrected bit flip at index [7, 8] via syndrome projection', 'direction_key': 'V_forward'}
{'status': 'success', 'row': 0, 'col': 14, 'b': (14, 0, -14), 'horizontal_axis': 'W', 'direction': 'reverse', 'errors_corrected': 4, 'erasures': 0}
row: 17, col 3, length: 31
valid_mask: [1 1 1 1 1 1 1 1 1 1 1 1 1 1 1 1 1 1 1 1 1 1 1 1 1 1 1 1 1]
patch:
 [[0 1 0 0 1 0 1 1 0 1 1 1 0 0 0 0 0 1 0 0 1 0 0 1 0 0 1 1 1 0 0]
 [1 1 1 1 1 1 0 0 0 1 1 1 0 0 0 1 1 1 1 1 1 0 0 0 1 1 0 1 1 1 0]]
row: 18, col 2, length: 31
valid_mask: [1 1 1 1 1 1 1 1 1 1 1 1 1 1 1 1 1 1 1 1 1 1 1 1 1 1 1 1 1]
patch:
 [[-1  1  1  1  1  1  1  0  0  0  1  1  1  0  0  0  1  1  1  1  1  1  0  0  0  1  1  0  1  1  1]
 [ 1  1  0  1  0  1  1  1  1  1  0  1  0  0  0  1  1  1  1  0  0  0  0  0  0  0  1  0  1  1  1]]
row: 19, col 1, length: 32
valid_mask: [0 1 1 1 1 1 1 1 1 1 1 1 1 1 1 1 1 1 1 1 1 1 1 1 1 1 1 1 1 1]
patch:
 [[-1  1  1  0  1  0  1  1  1  1  1  0  1  0  0  0  1  1  1  1  0  0  0  0  0  0  0  1  0  1  1  1]
 [-1  0  0  0  0  0  0  1  1  0  0  0  0  0  0  0  1  1  0  1  0  1  1  0  0  0  1  0  1  0  1  1]]
row: 20, col 2, length: 30
valid_mask: [1 1 1 1 1 1 1 1 1 1 1 1 1 1 1 1 1 1 1 1 1 1 1 1 1 1 1 1]
patch:
 [[0 0 0 0 0 0 1 1 0 0 0 0 0 0 0 1 1 0 1 0 1 1 0 0 0 1 0 1 0 1]
 [0 1 1 0 0 1 1 0 0 1 1 0 1 1 0 0 1 1 1 0 1 0 1 1 0 0 1 0 1 0]]
row: 21, col 1, length: 31
valid_mask: [1 1 1 0 0 1 1 1 1 1 1 1 1 1 1 1 1 1 1 1 1 1 1 1 1 1 1 1 1]
patch:
 [[ 1  0  1  1  0  0  1  1  0  0  1  1  0  1  1  0  0  1  1  1  0  1  0  1  1  0  0  1  0  1  0]
 [ 0  0  0  0 -1  0  0  0  0  1  1  1  0  0  1  0  0  1  1  0  0  1  1  0  1  0  0  0  1  0  1]]
row: 22, col 0, length: 31
valid_mask: [1 1 1 0 0 1 1 1 1 1 1 1 1 1 1 1 1 1 1 1 1 1 1 1 1 1 1 0 0]
patch:
 [[-1  0  0  0  0 -1  0  0  0  0  1  1  1  0  0  1  0  0  1  1  0  0  1  1  0  1  0  0  0  1  0]
 [ 1  1  1  0  0  0  1  0  0  0  1  0  0  1  1  1  1  0  1  1  0  0  1  0  1  1  1  1 -1  0  1]]
row: 23, col 1, length: 30
valid_mask: [1 1 1 1 1 1 1 1 1 1 1 1 1 1 1 1 1 1 1 1 1 1 1 1 1 0 0 1]
patch:
 [[ 1  1  0  0  0  1  0  0  0  1  0  0  1  1  1  1  0  1  1  0  0  1  0  1  1  1  1 -1  0  1]
 [ 0  1  0  1  1  0  1  1  1  1  1  1  0  1  0  1  0  0  1  0  1  0  0  0  0  1  1  1  1  0]]
row: 24, col 0, length: 30
valid_mask: [0 1 1 1 1 1 1 1 1 1 1 1 1 1 1 1 1 1 1 1 1 1 1 1 1 1 1 1]
patch:
 [[-1  0  1  0  1  1  0  1  1  1  1  1  1  0  1  0  1  0  0  1  0  1  0  0  0  0  1  1  1  1]
 [-1  1  1  1  0  1  0  0  1  1  0  1  0  1  1  1  1  1  0  1  0  0  1  1  0  1  0  0  0  0]]
row: 25, col 3, length: 27
valid_mask: [1 1 1 1 1 1 1 1 1 1 1 1 1 1 1 1 1 0 0 1 1 1 1 1 1]
patch:
 [[ 1  0  1  0  0  1  1  0  1  0  1  1  1  1  1  0  1  0  0  1  1  0  1  0  0  0  0]
 [ 1  1  1  1  1  0  1  0  0  0  1  1  0  1  0  1  0  1 -1  1  0  1  1  0  1  1  1]]
row: 26, col 2, length: 27
valid_mask: [1 1 1 1 1 1 1 1 1 1 1 1 1 1 1 1 1 0 0 1 1 1 1 1 1]
patch:
 [[-1  1  1  1  1  1  0  1  0  0  0  1  1  0  1  0  1  0  1 -1  1  0  1  1  0  1  1]
 [ 1  1  1  1  1  1  0  0  0  1  1  1  0  0  0  0  1  0  0  0  0  0  0  1  1  0  0]]
row: 27, col 3, length: 26
valid_mask: [1 1 1 1 1 1 1 1 1 1 1 1 1 1 1 1 1 1 1 1 1 1 1 1]
patch:
 [[1 1 1 1 1 0 0 0 1 1 1 0 0 0 0 1 0 0 0 0 0 0 1 1 0 0]
 [0 1 0 1 1 0 1 1 1 0 1 0 0 1 1 0 1 1 1 1 0 1 1 1 0 1]]
row: 28, col 2, length: 26
valid_mask: [0 1 1 1 1 1 1 1 1 1 1 1 1 1 1 1 1 1 1 1 1 1 1 1]
patch:
 [[-1  0  1  0  1  1  0  1  1  1  0  1  0  0  1  1  0  1  1  1  1  0  1  1  1  0]
 [-1  0  0  1  0  0  0  0  0  1  1  1  1  1  0  1  1  1  1  1  0  0  1  1  1  0]]
row: 29, col 3, length: 25
valid_mask: [0 1 1 1 1 1 1 1 1 1 1 1 1 1 1 1 1 1 1 1 1 1 1]
patch:
 [[ 0  0  1  0  0  0  0  0  1  1  1  1  1  0  1  1  1  1  1  0  0  1  1  1  0]
 [-1  1  1  1  1  1  0  1  1  1  1  1  0  0  0  1  0  0  0  1  1  1  0  0  0]]
row: 30, col 4, length: 23
valid_mask: [1 1 1 1 1 1 1 1 1 1 1 1 1 1 1 1 1 1 1 1 1]
patch:
 [[1 1 1 1 1 0 1 1 1 1 1 0 0 0 1 0 0 0 1 1 1 0 0]
 [0 1 1 1 1 1 0 1 0 0 0 0 1 0 0 1 1 0 0 0 0 1 1]]
row: 31, col 5, length: 22
valid_mask: [1 0 0 1 1 1 1 1 1 1 1 1 1 1 1 1 1 1 1 1]
patch:
 [[ 1  1  1  1  1  0  1  0  0  0  0  1  0  0  1  1  0  0  0  0  1  1]
 [ 1  1 -1  1  1  1  1  1  1  1  1  1  1  0  0  1  0  0  0  0  0  1]]
row: 32, col 4, length: 22
valid_mask: [0 0 0 1 1 1 1 1 1 1 1 1 1 1 1 1 0 0 1 1]
patch:
 [[-1  1  1 -1  1  1  1  1  1  1  1  1  1  1  0  0  1  0  0  0  0  0]
 [-1  1  1  1  1  0  1  0  1  0  0  1  1  0  1  1  1 -1  1  1  1  1]]
row: 33, col 5, length: 21
valid_mask: [0 1 1 1 1 1 0 0 1 1 1 1 1 1 0 0 1 1 1]
patch:
 [[ 1  1  1  1  0  1  0  1  0  0  1  1  0  1  1  1 -1  1  1  1  1]
 [-1  1  1  1  1  1  1 -1  1  1  1  0  1  0  1  0  1  1  1  1  1]]
row: 34, col 6, length: 19
valid_mask: [1 1 1 0 0 0 1 1 1 1 1 1 1 1 1 1 1]
patch:
 [[ 1  1  1  1  1  1 -1  1  1  1  0  1  0  1  0  1  1  1  1]
 [ 0  1  1  1 -1  1  1  0  0  0  0  1  0  0  0  1  1  1  1]]
Hor:  {'origin_stream_phase': 28, 'recovered_sequence': [1, 1, 0, 1, 0, 0, 0, 0, 1, 1, 0, 0, 1, 0, 0, 1, 1], 'errors_corrected': [1, 6, 13, 14, 15, 16], 'missing_gaps': array([3, 4, 5], dtype=int64), 'status': 'Corrected bit flip at index [1, 6, 13, 14, 15, 16] via syndrome projection', 'direction_key': 'V_reverse'}
Vert:  {'origin_stream_phase': 6, 'recovered_sequence': [1, 1, 1, 1, 0, 0, 1, 1, 0, 1, 0, 0, 1, 0, 0, 0, 0, 1], 'errors_corrected': [1, 2, 7, 13, 17], 'missing_gaps': array([3, 4, 5, 6], dtype=int64), 'status': 'Corrected bit flip at index [1, 2, 7, 13, 17] via syndrome projection', 'direction_key': 'U_forward'}
[Warning] Consistency check failed. Skip
row: 35, col 7, length: 18
valid_mask: [1 0 0 1 1 1 1 1 1 1 1 1 1 1 1 1]
patch:
 [[ 1  1  1 -1  1  1  0  0  0  0  1  0  0  0  1  1  1  1]
 [ 1  1  1  1  1  1  1  0  1  1  1  0  0  1  1  0  0  0]]
row: 36, col 6, length: 17
valid_mask: [0 1 1 1 1 1 1 1 1 1 1 1 1 1 1]
patch:
 [[-1  1  1  1  1  1  1  1  0  1  1  1  0  0  1  1  0]
 [-1  1  1  1  1  0  1  1  0  1  0  0  0  1  0  0  1]]
row: 37, col 9, length: 14
valid_mask: [0 0 1 1 1 1 1 1 1 1 1 1]
patch:
 [[ 1  1  0  1  1  0  1  0  0  0  1  0  0  1]
 [ 0 -1  1  1  0  1  0  1  0  1  1  1  1  0]]
Hor:  {'origin_stream_phase': 6, 'recovered_sequence': [1, 1, 1, 1, 0, 0, 1, 1, 0, 1, 0, 0], 'errors_corrected': [2, 3, 11], 'missing_gaps': array([0, 1], dtype=int64), 'status': 'Corrected bit flip at index [2, 3, 11] via syndrome projection', 'direction_key': 'U_forward'}
Vert:  {'origin_stream_phase': 19, 'recovered_sequence': [1, 1, 1, 0, 0, 0, 0, 1, 1, 0, 1, 0, 1], 'errors_corrected': [3, 9, 12], 'missing_gaps': array([0, 1], dtype=int64), 'status': 'Corrected bit flip at index [3, 9, 12] via syndrome projection', 'direction_key': 'W_reverse'}
[Warning] Consistency check failed. Skip
Hor:  {'origin_stream_phase': 22, 'recovered_sequence': [1, 1, 1, 0, 0, 0, 1, 1, 0, 1, 1, 1], 'errors_corrected': [2, 10], 'missing_gaps': array([0, 1], dtype=int64), 'status': 'Corrected bit flip at index [2, 10] via syndrome projection', 'direction_key': 'U_reverse'}
Vert:  {'origin_stream_phase': 1, 'recovered_sequence': [0, 1, 1, 0, 0, 0, 0, 1, 1, 1, 0, 0, 1], 'errors_corrected': [3, 10, 12], 'missing_gaps': array([0, 1], dtype=int64), 'status': 'Corrected bit flip at index [3, 10, 12] via syndrome projection', 'direction_key': 'W_forward'}
[Warning] Consistency check failed. Skip
Hor:  {'origin_stream_phase': 30, 'recovered_sequence': [0, 1, 0, 0, 0, 0, 1, 1, 0, 0, 1, 0], 'errors_corrected': [9, 10, 11], 'missing_gaps': array([0, 1], dtype=int64), 'status': 'Corrected bit flip at index [9, 10, 11] via syndrome projection', 'direction_key': 'V_reverse'}
Vert:  {'origin_stream_phase': 29, 'recovered_sequence': [1, 0, 1, 1, 0, 0, 0, 1, 1, 1, 1, 1, 0], 'errors_corrected': [11], 'missing_gaps': array([0, 1], dtype=int64), 'status': 'Corrected bit flip at index [11] via syndrome projection', 'direction_key': 'U_forward'}
[Warning] Consistency check failed. Skip
row: 38, col 10, length: 13
valid_mask: [1 1 1 1 1 1 1 1 1 1 1]
patch:
 [[-1  1  1  0  1  0  1  0  1  1  1  1  0]
 [ 1  0  1  1  1  0  1  1  1  0  1  0  1]]
Target coords: 0 22
Processing test case compound_rotation_7_0025...
[Diag] Reference step from all edges: 33.28 px; max edge: 44.56
[DIAG] scaler:
 [[ 0.          0.          0.          7.25008763  7.32894294  0.          0.        ]
 [ 0.          7.31241733  7.43228455  7.69192368  8.24051155  8.72639048  0.        ]
 [ 0.          7.37715266  8.32442666  8.89738303  9.24891419  9.56856791  9.71542139]
 [ 0.          8.77925559  9.33199595  9.8897807   9.71554209 10.22326014  0.        ]
 [ 0.          9.23800027  9.90218966 10.35962656  0.          0.          0.        ]]
[Diag] Total Delaunay faces: 1133
[Diag] Drop by edge length:  444
[Diag] Drop by angle check: 0
[Diag] Validated geometric seeds left: 689
Wave 0
   -> Island 545 Shape: (2, 2)
[[545 553]
 [550  -1]]
   -> Island 111 Shape: (2, 2)
[[111  98]
 [ 86  -1]]
   -> Island 341 Shape: (2, 2)
[[341 325]
 [353  -1]]
   -> Island 40 Shape: (2, 2)
[[40 22]
 [31 -1]]
   -> Island 526 Shape: (2, 2)
[[526 533]
 [521  -1]]
   -> Island 207 Shape: (2, 2)
[[207 193]
 [179  -1]]
   -> Island 382 Shape: (2, 2)
[[382 392]
 [405  -1]]
   -> Island 355 Shape: (2, 2)
[[355 329]
 [339  -1]]
   -> Island 20 Shape: (2, 2)
[[20 28]
 [36 -1]]
   -> Island 308 Shape: (2, 2)
[[308 298]
 [282  -1]]
   -> Island 159 Shape: (2, 2)
[[159 189]
 [175  -1]]
   -> Island 476 Shape: (2, 2)
[[476 468]
 [459  -1]]
   -> Island 198 Shape: (2, 2)
[[198 181]
 [169  -1]]
   -> Island 499 Shape: (2, 2)
[[499 488]
 [507  -1]]
   -> Island 467 Shape: (2, 2)
[[467 448]
 [457  -1]]
   -> Island 335 Shape: (2, 2)
[[335 305]
 [319  -1]]
   -> Island 316 Shape: (2, 2)
[[316 303]
 [333  -1]]
   -> Island 10 Shape: (2, 2)
[[10  6]
 [17 -1]]
   -> Island 147 Shape: (2, 2)
[[147 157]
 [134  -1]]
   -> Island 240 Shape: (2, 2)
[[240 224]
 [210  -1]]
   -> Island 215 Shape: (2, 2)
[[215 229]
 [247  -1]]
   -> Island 460 Shape: (2, 2)
[[460 449]
 [466  -1]]
   -> Island 140 Shape: (2, 2)
[[140 167]
 [155  -1]]
   -> Island 67 Shape: (2, 2)
[[67 83]
 [57 -1]]
   -> Island 567 Shape: (2, 2)
[[567 562]
 [564  -1]]
[Diag] Wave step complete: Added 52 structural ears.
Wave 1
   -> Island 545 Shape: (4, 2)
[[ -1  -1]
 [548  -1]
 [545 553]
 [550  -1]]
   -> Island 111 Shape: (4, 3)
[[ -1  -1  -1]
 [ -1 119  -1]
 [ -1 111  98]
 [ 99  86  73]]
   -> Island 341 Shape: (4, 3)
[[ -1  -1  -1]
 [ -1 310  -1]
 [ -1 341 325]
 [370 353 337]]
   -> Island 40 Shape: (4, 3)
[[-1 -1 -1]
 [-1 30 -1]
 [-1 40 22]
 [49 31 14]]
   -> Island 526 Shape: (4, 3)
[[ -1  -1  -1]
 [ -1 536  -1]
 [ -1 526 533]
 [515 521  -1]]
   -> Island 207 Shape: (4, 3)
[[ -1  -1  -1]
 [ -1 223  -1]
 [ -1 207 193]
 [192 179 165]]
   -> Island 382 Shape: (2, 3)
[[ -1 382 392]
 [397 405 417]]
   -> Island 355 Shape: (4, 3)
[[ -1  -1  -1]
 [ -1 343  -1]
 [ -1 355 329]
 [368 339  -1]]
   -> Island 20 Shape: (4, 3)
[[-1 -1 -1]
 [-1 13 -1]
 [-1 20 28]
 [27 36 45]]
   -> Island 308 Shape: (4, 3)
[[ -1  -1  -1]
 [ -1 327  -1]
 [ -1 308 298]
 [295 282  -1]]
   -> Island 159 Shape: (4, 3)
[[ -1  -1  -1]
 [ -1 176  -1]
 [ -1 159 189]
 [142 175 203]]
   -> Island 476 Shape: (4, 2)
[[ -1  -1]
 [489  -1]
 [476 468]
 [459 450]]
   -> Island 198 Shape: (4, 3)
[[ -1  -1  -1]
 [ -1 216  -1]
 [ -1 198 181]
 [182 169  -1]]
   -> Island 499 Shape: (4, 2)
[[ -1  -1]
 [480  -1]
 [499 488]
 [507 495]]
   -> Island 467 Shape: (2, 3)
[[ -1 467 448]
 [477 457  -1]]
   -> Island 335 Shape: (4, 2)
[[ -1  -1]
 [321  -1]
 [335 305]
 [319 290]]
   -> Island 316 Shape: (4, 2)
[[ -1  -1]
 [289  -1]
 [316 303]
 [333  -1]]
   -> Island 10 Shape: (4, 3)
[[-1 -1 -1]
 [-1  0 -1]
 [-1 10  6]
 [24 17 11]]
   -> Island 147 Shape: (2, 2)
[[147 157]
 [134 146]]
   -> Island 240 Shape: (4, 2)
[[ -1  -1]
 [255  -1]
 [240 224]
 [210  -1]]
   -> Island 215 Shape: (4, 3)
[[ -1  -1  -1]
 [ -1 200  -1]
 [ -1 215 229]
 [230 247  -1]]
   -> Island 460 Shape: (4, 3)
[[ -1  -1  -1]
 [ -1 437  -1]
 [ -1 460 449]
 [478 466 458]]
   -> Island 140 Shape: (4, 3)
[[ -1  -1  -1]
 [ -1 154  -1]
 [ -1 140 167]
 [125 155 180]]
   -> Island 67 Shape: (2, 3)
[[-1 67 83]
 [48 57 69]]
   -> Island 567 Shape: (2, 2)
[[567 562]
 [564  -1]]
[Diag] Wave step complete: Added 77 structural ears.
Wave 2
   -> Island 545 Shape: (4, 2)
[[ -1  -1]
 [548  -1]
 [545 553]
 [550  -1]]
   -> Island 111 Shape: (5, 4)
[[ -1  -1  -1  -1]
 [132 119 110  -1]
 [122 111  98  85]
 [ 99  86  73  -1]
 [ -1  74  63  -1]]
   -> Island 341 Shape: (5, 4)
[[ -1  -1  -1  -1]
 [328 310 294  -1]
 [356 341 325 306]
 [370 353 337  -1]
 [ -1 383 367  -1]]
   -> Island 40 Shape: (5, 3)
[[-1 -1 -1]
 [47 30 -1]
 [58 40 22]
 [49 31 14]
 [-1 -1 23]]
   -> Island 526 Shape: (4, 3)
[[ -1  -1  -1]
 [530 536 539]
 [520 526 533]
 [515 521  -1]]
   -> Island 207 Shape: (5, 3)
[[ -1  -1  -1]
 [238 223 208]
 [222 207 193]
 [192 179 165]
 [ -1 163 152]]
   -> Island 382 Shape: (3, 3)
[[ -1 382 392]
 [397 405 417]
 [ -1 419 428]]
   -> Island 355 Shape: (5, 3)
[[ -1  -1  -1]
 [371 343 314]
 [381 355 329]
 [368 339  -1]
 [ -1 352  -1]]
   -> Island 20 Shape: (5, 4)
[[-1 -1 -1 -1]
 [ 8 13 21 -1]
 [-1 20 28 37]
 [27 36 45 -1]
 [-1 44 54 -1]]
   -> Island 308 Shape: (5, 3)
[[ -1  -1  -1]
 [340 327 311]
 [324 308 298]
 [295 282  -1]
 [ -1 269  -1]]
   -> Island 159 Shape: (5, 4)
[[ -1  -1  -1  -1]
 [143 176 202  -1]
 [128 159 189 219]
 [142 175 203  -1]
 [ -1 158 191  -1]]
   -> Island 476 Shape: (5, 4)
[[ -1  -1  -1  -1]
 [497 489 479  -1]
 [ -1 476 468 462]
 [ -1 459 450  -1]
 [ -1  -1 435  -1]]
   -> Island 198 Shape: (4, 3)
[[ -1  -1  -1]
 [231 216  -1]
 [211 198 181]
 [182 169  -1]]
   -> Island 499 Shape: (4, 3)
[[ -1  -1  -1]
 [490 480 469]
 [ -1 499 488]
 [ -1 507 495]]
   -> Island 467 Shape: (2, 3)
[[ -1 467 448]
 [477 457  -1]]
   -> Island 335 Shape: (4, 4)
[[ -1  -1  -1  -1]
 [350 321 292  -1]
 [ -1 335 305 277]
 [ -1 319 290  -1]]
   -> Island 316 Shape: (4, 2)
[[ -1  -1]
 [289  -1]
 [316 303]
 [333  -1]]
   -> Island 10 Shape: (5, 4)
[[-1 -1 -1 -1]
 [ 5  0 -1 -1]
 [16 10  6  1]
 [24 17 11 -1]
 [-1 33 25 -1]]
   -> Island 147 Shape: (3, 3)
[[147 157 170]
 [134 146  -1]
 [ -1 123  -1]]
   -> Island 240 Shape: (4, 2)
[[ -1  -1]
 [255  -1]
 [240 224]
 [210  -1]]
   -> Island 215 Shape: (5, 3)
[[ -1  -1  -1]
 [185 200 212]
 [201 215 229]
 [230 247  -1]
 [ -1 261  -1]]
   -> Island 460 Shape: (5, 4)
[[ -1  -1  -1  -1]
 [451 437 424  -1]
 [470 460 449 433]
 [478 466 458  -1]
 [ -1 487 475  -1]]
   -> Island 140 Shape: (5, 4)
[[ -1  -1  -1  -1]
 [ -1 154  -1  -1]
 [ -1 140 167 195]
 [125 155 180  -1]
 [ -1 141 168  -1]]
   -> Island 67 Shape: (2, 4)
[[59 67 83 92]
 [48 57 69 -1]]
   -> Island 567 Shape: (2, 2)
[[567 562]
 [564  -1]]
[Diag] Wave step complete: Added 133 structural ears.
Wave 3
   -> Island 545 Shape: (4, 2)
[[ -1  -1]
 [548  -1]
 [545 553]
 [550  -1]]
   -> Island 111 Shape: (5, 5)
[[ -1  -1 144 129  -1]
 [ -1 132 119 110  -1]
 [ -1 122 111  98  85]
 [112  99  86  73  62]
 [ -1  87  74  63  52]]
   -> Island 341 Shape: (5, 4)
[[ -1 297 281  -1]
 [328 310 294  -1]
 [356 341 325 306]
 [370 353 337 320]
 [399 383 367 349]]
   -> Island 40 Shape: (4, 9)
[[ -1  -1  -1  70  -1  -1  -1  -1  -1]
 [ -1  -1  49  58  -1  80  -1 108  -1]
 [ -1  23  31  40  47  59  67  83  92]
 [  9  14  22  30  39  48  57  69  -1]]
   -> Island 526 Shape: (4, 5)
[[ -1  -1  -1 541  -1]
 [ -1 530 536 539  -1]
 [ -1 520 526 533 537]
 [509 515 521  -1  -1]]
   -> Island 207 Shape: (5, 5)
[[ -1  -1 256 239  -1]
 [ -1 238 223 208  -1]
 [ -1 222 207 193  -1]
 [205 192 179 165  -1]
 [ -1 178 163 152 135]]
   -> Island 382 Shape: (3, 4)
[[ -1 382 392  -1]
 [397 405 417  -1]
 [ -1 419 428 440]]
   -> Island 355 Shape: (5, 5)
[[ -1  -1 358 331  -1]
 [ -1 371 343 314  -1]
 [ -1 381 355 329 301]
 [391 368 339  -1  -1]
 [ -1 378 352 326  -1]]
   -> Island 20 Shape: (5, 4)
[[-1  4 -1 -1]
 [ 8 13 21 -1]
 [-1 20 28 37]
 [27 36 45 55]
 [35 44 54 65]]
   -> Island 308 Shape: (8, 5)
[[ -1 342 311 286  -1]
 [354 327 298  -1  -1]
 [ -1 340 308 282 257]
 [ -1 324 295 269  -1]
 [ -1 338 307 279  -1]
 [350 321 292  -1  -1]
 [364 335 305 277  -1]
 [ -1 319 290  -1  -1]]
   -> Island 159 Shape: (5, 5)
[[ -1  -1 156 188  -1]
 [ -1 143 176 202  -1]
 [ -1 128 159 189 219]
 [121 142 175 203  -1]
 [ -1 127 158 191 221]]
   -> Island 476 Shape: (5, 4)
[[ -1 508 500  -1]
 [497 489 479  -1]
 [486 476 468 462]
 [ -1 459 450  -1]
 [ -1 447 435  -1]]
   -> Island 499 Shape: (4, 3)
[[ -1 473 464]
 [490 480 469]
 [510 499 488]
 [ -1 507 495]]
   -> Island 467 Shape: (2, 3)
[[ -1 467 448]
 [477 457  -1]]
   -> Island 316 Shape: (4, 2)
[[ -1  -1]
 [289  -1]
 [316 303]
 [333  -1]]
   -> Island 10 Shape: (5, 5)
[[-1 -1 -1 -1 -1]
 [-1  5  0 -1 -1]
 [-1 16 10  6  1]
 [32 24 17 11 -1]
 [-1 41 33 25 18]]
   -> Island 147 Shape: (5, 3)
[[ -1  -1  -1]
 [ -1 183  -1]
 [147 157 170]
 [134 146 160]
 [113 123 133]]
   -> Island 240 Shape: (4, 2)
[[ -1  -1]
 [255  -1]
 [240 224]
 [210  -1]]
   -> Island 215 Shape: (5, 5)
[[ -1  -1 172 187  -1]
 [ -1 185 200 212  -1]
 [ -1 201 215 229 246]
 [217 230 247  -1  -1]
 [ -1 249 261 271  -1]]
   -> Island 460 Shape: (5, 4)
[[ -1 427 413  -1]
 [451 437 424  -1]
 [470 460 449 433]
 [478 466 458 445]
 [498 487 475  -1]]
   -> Island 140 Shape: (8, 5)
[[ -1  -1  -1  -1  -1]
 [ -1 154  -1  -1  -1]
 [ -1 140 167 195  -1]
 [125 155 180 209  -1]
 [ -1 141 168 196  -1]
 [ -1  -1 182 211  -1]
 [ -1  -1 169 198 231]
 [ -1  -1 181 216  -1]]
   -> Island 567 Shape: (2, 2)
[[567 562]
 [564  -1]]
[Diag] Wave step complete: Added 190 structural ears.
Wave 4
   -> Island 545 Shape: (4, 2)
[[ -1  -1]
 [548  -1]
 [545 553]
 [550  -1]]
   -> Island 111 Shape: (14, 13)
[[ -1  -1  29  46  -1  -1  -1  -1  -1  -1  -1  -1  -1]
 [ -1  21  37  55  -1  -1  -1 147  -1  -1  -1  -1  -1]
 [  4  13  28  45  65  -1 113 134 157 183  -1  -1  -1]
 [  8  20  36  54  75 100 123 146 170  -1 228  -1  -1]
 [ -1  -1  27  44  64  87 112 133 160 187 212 246  -1]
 [ -1  19  35  53  74  99 122 145 172 200 229  -1  -1]
 [ -1  -1  -1  43  63  86 111 132  -1 185 215 247 271]
 [ -1  -1  -1  52  73  98 119 144 171 201 230 261 284]
 [ -1  -1  -1  -1  62  85 110 129 156 188 217 249 272]
 [ -1  -1  -1  -1  72  97 118 143 176 202 232  -1  -1]
 [ -1  -1  -1  -1  -1  -1 105 128 159 189 219  -1  -1]
 [ -1  -1  -1  -1  -1  -1 121 142 175 203  -1  -1  -1]
 [ -1  -1  -1  -1  -1  -1  -1 127 158 191 221  -1  -1]
 [ -1  -1  -1  -1  -1  -1  -1 149 177 204  -1  -1  -1]]
   -> Island 341 Shape: (6, 4)
[[313 297 281 266]
 [328 310 294 278]
 [356 341 325 306]
 [370 353 337 320]
 [399 383 367 349]
 [409 393 379  -1]]
   -> Island 40 Shape: (6, 12)
[[ -1  -1  -1  -1  -1  -1  -1  -1  -1  -1  -1  -1]
 [ 34  42  51  -1  -1  -1  -1  -1  -1  -1  -1  -1]
 [ 18  25  33  41  -1  60  70  81  -1  -1  -1  -1]
 [ 11  17  24  32  -1  49  58  68  80  -1 108  -1]
 [  1   6  10  16  23  31  40  47  59  67  83  92]
 [ -1   0   5   9  14  22  30  39  48  57  69  -1]]
   -> Island 526 Shape: (5, 5)
[[ -1  -1  -1 541  -1]
 [525 530 536 539  -1]
 [512 520 526 533 537]
 [509 515 521  -1  -1]
 [ -1 501  -1  -1  -1]]
   -> Island 382 Shape: (3, 4)
[[ -1 382 392  -1]
 [397 405 417  -1]
 [ -1 419 428 440]]
   -> Island 355 Shape: (6, 5)
[[ -1 384 358 331 302]
 [396 371 343 314  -1]
 [ -1 381 355 329 301]
 [391 368 339  -1  -1]
 [ -1 378 352 326  -1]
 [ -1 365  -1  -1  -1]]
   -> Island 308 Shape: (10, 9)
[[ -1  -1  -1  -1  -1  -1  -1  -1  -1]
 [ -1 330 300  -1  -1  -1  -1  -1  -1]
 [ -1 342 311 286  -1  -1  -1  -1  -1]
 [354 327 298  -1  -1  -1  -1  -1  -1]
 [369 340 308 282 257  -1  -1  -1  -1]
 [351 324 295 269 239 208  -1 153  -1]
 [366 338 307 279 256 223 193 165 135]
 [350 321 292 267 238 207 179 152 120]
 [364 335 305 277 253 222 192 163 136]
 [ -1 319 290  -1 237 205 178 148  -1]]
   -> Island 476 Shape: (6, 5)
[[ -1 513 508 500 491]
 [505 497 489 479 471]
 [ -1 486 476 468 462]
 [ -1  -1 459 450  -1]
 [ -1  -1 447 435  -1]
 [ -1  -1 422  -1  -1]]
   -> Island 499 Shape: (4, 4)
[[482 473 464 453]
 [490 480 469  -1]
 [510 499 488  -1]
 [ -1 507 495  -1]]
   -> Island 467 Shape: (2, 3)
[[ -1 467 448]
 [477 457  -1]]
   -> Island 316 Shape: (4, 2)
[[ -1  -1]
 [289  -1]
 [316 303]
 [333  -1]]
   -> Island 240 Shape: (4, 2)
[[ -1  -1]
 [255  -1]
 [240 224]
 [210  -1]]
   -> Island 460 Shape: (6, 6)
[[ -1 441 427 413 400  -1]
 [463 451 437 424 408  -1]
 [ -1 470 460 449 433 421]
 [ -1 478 466 458 445  -1]
 [ -1 498 487 475  -1  -1]
 [ -1  -1 494  -1  -1  -1]]
   -> Island 140 Shape: (8, 5)
[[ -1  -1  -1  -1  -1]
 [ -1 154  -1  -1  -1]
 [ -1 140 167 195 227]
 [125 155 180 209  -1]
 [ -1 141 168 196  -1]
 [ -1  -1 182 211  -1]
 [ -1  -1 169 198 231]
 [ -1  -1 181 216  -1]]
   -> Island 567 Shape: (2, 2)
[[567 562]
 [564  -1]]
[Diag] Wave step complete: Added 262 structural ears.
Wave 5
   -> Island 545 Shape: (4, 2)
[[ -1  -1]
 [548  -1]
 [545 553]
 [550  -1]]
   -> Island 111 Shape: (25, 16)
[[ -1  -1  -1  -1  -1  -1  -1  -1  -1  -1  -1  -1  -1  -1  -1  -1]
 [359 330 300  -1  -1  -1  -1  -1  -1  -1  -1  -1  -1  -1  -1  -1]
 [372 342 311 286  -1  -1  -1  -1  -1  -1  -1  -1  -1  -1  -1  -1]
 [354 327 298  -1  -1  -1  -1  -1  -1  -1  -1  -1  -1  -1  -1  -1]
 [369 340 308 282 257  -1  -1  -1  -1  -1  -1  -1  -1  -1  -1  -1]
 [351 324 295 269 239 208  -1 153  -1  92  69  -1  -1  -1  -1  -1]
 [366 338 307 279 256 223 193 165 135 108  83  57  -1  -1  -1  -1]
 [350 321 292 267 238 207 179 152 120  -1  67  48  -1  -1  -1  -1]
 [364 335 305 277 253 222 192 163 136  -1  80  59  39  -1  -1  -1]
 [ -1 319 290  -1 237 205 178 148  -1  94  68  47  30  -1  -1  -1]
 [ -1  -1  -1  -1  -1 220 190 164  -1  -1  81  58  40  22  -1  -1]
 [ -1  -1  -1  -1 234 204 177 149 117  93  70  49  31  14  -1  -1]
 [ -1  -1  -1  -1  -1 221 191 158 127 104  82  60  -1  23   9  -1]
 [ -1  -1  -1  -1  -1 203 175 142 121  95  -1  50  32  16   5  -1]
 [ -1  -1  -1  -1 248 219 189 159 128 105  -1  61  41  24  10   0]
 [ -1  -1  -1 263 232 202 176 143 118  97  72  51  33  17   6  -1]
 [ -1  -1  -1 272 249 217 188 156 129 110  85  62  42  25  11   1]
 [ -1  -1 284 261 230 201 171 144 119  98  73  52  34  18  -1  -1]
 [ -1  -1  -1 271 247 215 185  -1 132 111  86  63  43  26  -1  -1]
 [ -1  -1  -1  -1 229 200 172 145 122  99  74  53  35  19  -1  -1]
 [ -1  -1  -1  -1 246 212 187 160 133 112  87  64  44  27  -1  -1]
 [ -1  -1  -1  -1 228  -1 170 146 123 100  75  54  36  20   8  -1]
 [ -1  -1  -1  -1  -1  -1 183 157 134 113  88  65  45  28  13   4]
 [ -1  -1  -1  -1  -1  -1  -1 147  -1  -1  76  55  37  21  -1  -1]
 [ -1  -1  -1  -1  -1  -1  -1  -1  -1  -1  -1  -1  46  29  15  -1]]
   -> Island 341 Shape: (8, 4)
[[ -1  -1  -1  -1]
 [285 270 254  -1]
 [313 297 281 266]
 [328 310 294 278]
 [356 341 325 306]
 [370 353 337 320]
 [399 383 367 349]
 [409 393 379  -1]]
   -> Island 382 Shape: (3, 4)
[[ -1 382 392  -1]
 [397 405 417  -1]
 [ -1 419 428 440]]
   -> Island 355 Shape: (8, 5)
[[ -1  -1  -1  -1  -1]
 [ -1 373 345 315  -1]
 [ -1 384 358 331 302]
 [396 371 343 314  -1]
 [ -1 381 355 329 301]
 [391 368 339  -1  -1]
 [403 378 352 326  -1]
 [388 365  -1  -1  -1]]
   -> Island 476 Shape: (8, 6)
[[ -1  -1  -1  -1  -1  -1]
 [ -1  -1 514  -1  -1  -1]
 [ -1 513 508 500 491  -1]
 [505 497 489 479 471  -1]
 [493 486 476 468 462 452]
 [ -1  -1 459 450  -1  -1]
 [ -1  -1 447 435  -1  -1]
 [ -1 432 422  -1  -1  -1]]
   -> Island 467 Shape: (2, 3)
[[ -1 467 448]
 [477 457  -1]]
   -> Island 316 Shape: (4, 2)
[[ -1  -1]
 [289  -1]
 [316 303]
 [333  -1]]
   -> Island 240 Shape: (4, 2)
[[ -1  -1]
 [255  -1]
 [240 224]
 [210  -1]]
   -> Island 460 Shape: (11, 12)
[[ -1  -1  -1  -1  -1  -1  -1  -1  -1  -1  -1  -1]
 [ -1 495 507  -1  -1  -1  -1  -1  -1  -1  -1  -1]
 [ -1  -1 488 499 510  -1  -1  -1 534  -1 541  -1]
 [461 469 480 490  -1  -1  -1 525 530 536 539  -1]
 [ -1 453 464 473 482 494  -1 512 520 526 533 537]
 [ -1 443 455  -1 475 487 498 509 515 521  -1  -1]
 [ -1  -1 430 445 458 466 478  -1 501  -1  -1  -1]
 [ -1  -1 421 433 449 460 470 481  -1  -1  -1  -1]
 [ -1  -1  -1 408 424 437 451 463  -1  -1  -1  -1]
 [ -1  -1  -1 400 413 427 441  -1  -1  -1  -1  -1]
 [ -1  -1  -1  -1 385  -1 416  -1  -1  -1  -1  -1]]
   -> Island 140 Shape: (8, 5)
[[ -1  -1  -1  -1  -1]
 [ -1 154  -1  -1  -1]
 [ -1 140 167 195 227]
 [125 155 180 209 245]
 [ -1 141 168 196  -1]
 [ -1  -1 182 211  -1]
 [ -1  -1 169 198 231]
 [ -1  -1 181 216  -1]]
   -> Island 567 Shape: (2, 2)
[[567 562]
 [564  -1]]
[Diag] Wave step complete: Added 305 structural ears.
Wave 6
   -> Island 545 Shape: (4, 2)
[[ -1  -1]
 [548  -1]
 [545 553]
 [550  -1]]
   -> Island 111 Shape: (26, 17)
[[ -1  -1  -1  -1  -1  -1  -1  -1  -1  -1  -1  -1  -1  -1  -1  -1  -1]
 [ -1 359 330 300  -1  -1  -1  -1  -1  -1  -1  -1  -1  -1  -1  -1  -1]
 [ -1 372 342 311 286  -1  -1  -1  -1  -1  -1  -1  -1  -1  -1  -1  -1]
 [ -1 354 327 298  -1  -1  -1  -1  -1  -1  -1  -1  -1  -1  -1  -1  -1]
 [ -1 369 340 308 282 257  -1  -1  -1  -1  -1  -1  -1  -1  -1  -1  -1]
 [380 351 324 295 269 239 208  -1 153  -1  92  69  -1  -1  -1  -1  -1]
 [ -1 366 338 307 279 256 223 193 165 135 108  83  57  -1  -1  -1  -1]
 [ -1 350 321 292 267 238 207 179 152 120  -1  67  48  -1  -1  -1  -1]
 [ -1 364 335 305 277 253 222 192 163 136 109  80  59  39  -1  -1  -1]
 [ -1  -1 319 290  -1 237 205 178 148 116  94  68  47  30  -1  -1  -1]
 [ -1  -1  -1  -1  -1 251 220 190 164 131 107  81  58  40  22  -1  -1]
 [ -1  -1  -1  -1  -1 234 204 177 149 117  93  70  49  31  14  -1  -1]
 [ -1  -1  -1  -1  -1 250 221 191 158 127 104  82  60  -1  23   9  -1]
 [ -1  -1  -1  -1  -1  -1 203 175 142 121  95  71  50  32  16   5  -1]
 [ -1  -1  -1  -1  -1 248 219 189 159 128 105  84  61  41  24  10   0]
 [ -1  -1  -1 287 263 232 202 176 143 118  97  72  51  33  17   6  -1]
 [ -1  -1  -1 299 272 249 217 188 156 129 110  85  62  42  25  11   1]
 [ -1  -1  -1 284 261 230 201 171 144 119  98  73  52  34  18  -1  -1]
 [ -1  -1  -1  -1 271 247 215 185  -1 132 111  86  63  43  26  12  -1]
 [ -1  -1  -1  -1  -1 229 200 172 145 122  99  74  53  35  19  -1  -1]
 [ -1  -1  -1  -1  -1 246 212 187 160 133 112  87  64  44  27  -1  -1]
 [ -1  -1  -1  -1  -1 228  -1 170 146 123 100  75  54  36  20   8  -1]
 [ -1  -1  -1  -1  -1  -1  -1 183 157 134 113  88  65  45  28  13   4]
 [ -1  -1  -1  -1  -1  -1  -1  -1 147  -1 101  76  55  37  21  -1  -1]
 [ -1  -1  -1  -1  -1  -1  -1  -1  -1  -1  -1  -1  -1  46  29  15  -1]
 [ -1  -1  -1  -1  -1  -1  -1  -1  -1  -1  -1  -1  -1  38  -1  -1  -1]]
   -> Island 341 Shape: (9, 5)
[[ -1  -1  -1  -1  -1]
 [285 270 254 236  -1]
 [313 297 281 266 252]
 [328 310 294 278  -1]
 [356 341 325 306  -1]
 [370 353 337 320  -1]
 [399 383 367 349  -1]
 [409 393 379  -1  -1]
 [ -1 423 406  -1  -1]]
   -> Island 382 Shape: (3, 4)
[[ -1 382 392  -1]
 [397 405 417  -1]
 [ -1 419 428 440]]
   -> Island 476 Shape: (9, 6)
[[ -1  -1  -1  -1  -1  -1]
 [ -1  -1 514  -1  -1  -1]
 [ -1 513 508 500 491 483]
 [505 497 489 479 471  -1]
 [493 486 476 468 462 452]
 [474  -1 459 450  -1  -1]
 [ -1 456 447 435  -1  -1]
 [ -1 432 422  -1  -1  -1]
 [ -1  -1 407  -1  -1  -1]]
   -> Island 467 Shape: (2, 3)
[[ -1 467 448]
 [477 457  -1]]
   -> Island 316 Shape: (4, 2)
[[ -1  -1]
 [289  -1]
 [316 303]
 [333  -1]]
   -> Island 240 Shape: (4, 2)
[[ -1  -1]
 [255  -1]
 [240 224]
 [210  -1]]
   -> Island 460 Shape: (12, 13)
[[ -1 537  -1  -1  -1  -1  -1  -1  -1  -1  -1  -1  -1]
 [539 533 521  -1  -1 472 454 429  -1  -1  -1  -1  -1]
 [541 536 526 515 501 481 463 441 416  -1  -1  -1  -1]
 [ -1 530 520 509  -1 470 451 427  -1  -1  -1  -1  -1]
 [ -1 534 525 512 498 478 460 437 413 385  -1  -1  -1]
 [ -1 529 519  -1 487 466 449 424 400 373 345 315  -1]
 [ -1  -1  -1  -1 494 475 458 433 408 384 358 331 302]
 [ -1  -1  -1  -1 482  -1 445 421 396 371 343 314  -1]
 [ -1  -1  -1 510 490 473 455 430  -1 381 355 329 301]
 [ -1  -1  -1 499 480 464 443 418 391 368 339  -1  -1]
 [ -1  -1  -1 507 488 469 453  -1 403 378 352 326  -1]
 [ -1  -1  -1 495  -1 461 438  -1 388 365  -1  -1  -1]]
   -> Island 140 Shape: (8, 6)
[[ -1  -1  -1  -1  -1  -1]
 [ -1 154  -1  -1  -1  -1]
 [ -1 140 167 195 227 259]
 [125 155 180 209 245  -1]
 [ -1 141 168 196  -1  -1]
 [ -1  -1 182 211  -1  -1]
 [ -1  -1 169 198 231  -1]
 [ -1  -1 181 216  -1  -1]]
   -> Island 567 Shape: (2, 2)
[[567 562]
 [564  -1]]
[Diag] Wave step complete: Added 224 structural ears.
Wave 7
   -> Island 545 Shape: (4, 2)
[[ -1  -1]
 [548  -1]
 [545 553]
 [550  -1]]
   -> Island 111 Shape: (34, 16)
[[ -1  -1  -1  -1  -1  -1  -1  -1  -1  -1  -1  -1  -1  -1  -1  -1]
 [ -1  -1  -1  -1  -1  -1  -1  -1  -1 514  -1  -1  -1  -1  -1  -1]
 [ -1  -1  -1  -1  -1  -1  -1  -1 513 508 500 491 483  -1  -1  -1]
 [ -1  -1  -1  -1  -1  -1  -1 505 497 489 479 471  -1  -1  -1  -1]
 [ -1  -1  -1  -1  -1  -1  -1 493 486 476 468 462 452  -1  -1  -1]
 [ -1  -1  -1  -1  -1  -1 484 474  -1 459 450  -1  -1  -1  -1  -1]
 [ -1  -1  -1  -1  -1  -1  -1  -1 456 447 435  -1  -1  -1  -1  -1]
 [ -1  -1  -1  -1  -1  -1  -1 444 432 422  -1  -1  -1  -1  -1  -1]
 [ -1  -1  -1  -1  -1  -1  -1  -1 420 407 394  -1 372 359  -1  -1]
 [ -1  -1  -1  -1  -1  -1  -1  -1 390 380 369 354 342 330  -1  -1]
 [ -1  -1  -1  -1  -1  -1  -1  -1  -1 366 351 340 327 311 300  -1]
 [ -1  -1  -1  -1  -1  -1  -1 364 350 338 324 308 298 286  -1  -1]
 [ -1  -1  -1  -1  -1  -1  -1  -1 335 321 307 295 282  -1  -1  -1]
 [ -1  -1  -1  -1  -1  -1  -1 319 305 292 279 269 257  -1  -1  -1]
 [ -1  -1  -1  -1  -1  -1  -1  -1 290 277 267 256 239  -1  -1  -1]
 [ -1  -1  -1  -1  -1  -1  -1  -1  -1 253 238 223 208  -1  -1  -1]
 [ -1  -1  -1  -1  -1  -1  -1 264 251 237 222 207 193  -1  -1  -1]
 [ -1 309 299 287 273  -1 250 234 220 205 192 179 165 153  -1  -1]
 [ -1  -1 284 272 263 248  -1 221 204 190 178 163 152 135  -1  -1]
 [ -1 271 261 249 232 219 203 191 177 164 148 136 120 108  92  -1]
 [ -1  -1 247 230 217 202 189 175 158 149 131 116 109  -1  83  69]
 [246 229 215 201 188 176 159 142 127 117 107  94  80  67  57  -1]
 [228 212 200 185 171 156 143 128 121 104  93  81  68  59  48  -1]
 [ -1 187 172  -1 144 129 118 105  95  82  70  58  47  39  -1  -1]
 [183 170 160 145 132 119 110  97  84  71  60  49  40  30  -1  -1]
 [157 146 133 122 111  98  85  72  61  50  -1  31  22  -1  -1  -1]
 [147 134 123 112  99  86  73  62  51  41  32  23  14  -1  -1  -1]
 [ -1 113 100  87  74  63  52  42  33  24  16   9  -1  -1  -1  -1]
 [ -1 101  88  75  64  53  43  34  25  17  10   5  -1  -1  -1  -1]
 [ -1  76  65  54  44  35  26  18  11   6   0  -1  -1  -1  -1  -1]
 [ -1  -1  55  45  36  27  19  12  -1   1  -1  -1  -1  -1  -1  -1]
 [ 56  46  37  28  20  -1   7  -1  -1  -1  -1  -1  -1  -1  -1  -1]
 [ -1  38  29  21  13   8  -1  -1  -1  -1  -1  -1  -1  -1  -1  -1]
 [ -1  -1  15  -1   4  -1  -1  -1  -1  -1  -1  -1  -1  -1  -1  -1]]
   -> Island 341 Shape: (9, 5)
[[ -1  -1  -1  -1  -1]
 [285 270 254 236  -1]
 [313 297 281 266 252]
 [328 310 294 278  -1]
 [356 341 325 306  -1]
 [370 353 337 320  -1]
 [399 383 367 349  -1]
 [409 393 379  -1  -1]
 [434 423 406  -1  -1]]
   -> Island 382 Shape: (3, 4)
[[ -1 382 392  -1]
 [397 405 417  -1]
 [ -1 419 428 440]]
   -> Island 467 Shape: (2, 3)
[[ -1 467 448]
 [477 457  -1]]
   -> Island 316 Shape: (4, 2)
[[ -1  -1]
 [289  -1]
 [316 303]
 [333  -1]]
   -> Island 240 Shape: (4, 2)
[[ -1  -1]
 [255  -1]
 [240 224]
 [210  -1]]
   -> Island 460 Shape: (12, 13)
[[ -1 537  -1  -1  -1  -1  -1  -1  -1  -1  -1  -1  -1]
 [539 533 521  -1 492 472 454 429 404  -1  -1  -1  -1]
 [541 536 526 515 501 481 463 441 416  -1  -1  -1  -1]
 [ -1 530 520 509  -1 470 451 427  -1  -1  -1  -1  -1]
 [ -1 534 525 512 498 478 460 437 413 385 361  -1  -1]
 [ -1 529 519  -1 487 466 449 424 400 373 345 315  -1]
 [ -1  -1  -1  -1 494 475 458 433 408 384 358 331 302]
 [ -1  -1  -1  -1 482  -1 445 421 396 371 343 314  -1]
 [ -1  -1  -1 510 490 473 455 430  -1 381 355 329 301]
 [ -1  -1  -1 499 480 464 443 418 391 368 339  -1  -1]
 [ -1  -1  -1 507 488 469 453  -1 403 378 352 326  -1]
 [ -1  -1  -1 495  -1 461 438 415 388 365  -1  -1  -1]]
   -> Island 140 Shape: (8, 6)
[[ -1  -1  -1  -1  -1  -1]
 [ -1 154  -1  -1 241  -1]
 [ -1 140 167 195 227 259]
 [125 155 180 209 245  -1]
 [ -1 141 168 196  -1  -1]
 [ -1  -1 182 211  -1  -1]
 [ -1  -1 169 198 231  -1]
 [ -1  -1 181 216  -1  -1]]
   -> Island 567 Shape: (2, 2)
[[567 562]
 [564  -1]]
[Diag] Wave step complete: Added 154 structural ears.
Wave 8
   -> Island 545 Shape: (4, 2)
[[ -1  -1]
 [548  -1]
 [545 553]
 [550  -1]]
   -> Island 111 Shape: (34, 19)
[[ -1  -1  -1  -1  -1  -1  -1  -1  -1  -1  -1  -1  -1  -1  -1  -1  -1  -1  -1]
 [ -1  -1  -1  -1  -1 541 539 537  -1  -1  -1  -1 514  -1  -1  -1  -1  -1  -1]
 [ -1  -1  -1  -1  -1  -1 536 533  -1  -1  -1 513 508 500 491 483  -1  -1  -1]
 [ -1  -1  -1  -1 534 530 526 521  -1  -1 505 497 489 479 471  -1  -1  -1  -1]
 [ -1  -1  -1  -1 529 525 520 515  -1 503 493 486 476 468 462 452  -1  -1  -1]
 [ -1  -1  -1 522 519 512 509 501 492 484 474  -1 459 450  -1  -1  -1  -1  -1]
 [ -1  -1  -1  -1  -1  -1 498  -1 481 472 465 456 447 435  -1  -1  -1  -1  -1]
 [ -1  -1 510  -1 494 487 478 470 463 454 444 432 422  -1  -1  -1  -1  -1  -1]
 [ -1 507 499 490 482 475 466 460 451 441 429 420 407 394  -1 372 359  -1  -1]
 [495 488 480 473  -1 458 449 437 427 416 404 390 380 369 354 342 330  -1  -1]
 [ -1  -1 469 464 455 445 433 424 413  -1 387  -1 366 351 340 327 311 300  -1]
 [ -1 461 453 443 430 421 408 400 385 376 364 350 338 324 308 298 286  -1  -1]
 [ -1  -1 438  -1 418  -1 396 384 373 361  -1 335 321 307 295 282  -1  -1  -1]
 [ -1  -1 415 403 391 381 371 358 345  -1 319 305 292 279 269 257  -1  -1  -1]
 [ -1  -1 401 388 378 368 355 343 331 315  -1 290 277 267 256 239  -1  -1  -1]
 [ -1  -1  -1 365 352 339 329 314 302  -1  -1  -1 253 238 223 208  -1  -1  -1]
 [ -1  -1  -1  -1  -1 326  -1 301  -1 275 264 251 237 222 207 193  -1  -1  -1]
 [ -1  -1  -1  -1 309 299 287 273  -1 250 234 220 205 192 179 165 153  -1  -1]
 [ -1  -1  -1  -1  -1 284 272 263 248  -1 221 204 190 178 163 152 135  -1  -1]
 [ -1  -1  -1  -1 271 261 249 232 219 203 191 177 164 148 136 120 108  92  -1]
 [ -1  -1  -1  -1  -1 247 230 217 202 189 175 158 149 131 116 109  -1  83  69]
 [ -1  -1  -1 246 229 215 201 188 176 159 142 127 117 107  94  80  67  57  -1]
 [ -1  -1  -1 228 212 200 185 171 156 143 128 121 104  93  81  68  59  48  -1]
 [ -1  -1  -1  -1 187 172  -1 144 129 118 105  95  82  70  58  47  39  -1  -1]
 [ -1  -1  -1 183 170 160 145 132 119 110  97  84  71  60  49  40  30  -1  -1]
 [ -1  -1  -1 157 146 133 122 111  98  85  72  61  50  -1  31  22  -1  -1  -1]
 [ -1  -1  -1 147 134 123 112  99  86  73  62  51  41  32  23  14  -1  -1  -1]
 [ -1  -1  -1  -1 113 100  87  74  63  52  42  33  24  16   9  -1  -1  -1  -1]
 [ -1  -1  -1  -1 101  88  75  64  53  43  34  25  17  10   5  -1  -1  -1  -1]
 [ -1  -1  -1  89  76  65  54  44  35  26  18  11   6   0  -1  -1  -1  -1  -1]
 [ -1  -1  -1  -1  -1  55  45  36  27  19  12  -1   1  -1  -1  -1  -1  -1  -1]
 [ -1  -1  -1  56  46  37  28  20  -1   7   2  -1  -1  -1  -1  -1  -1  -1  -1]
 [ -1  -1  -1  -1  38  29  21  13   8  -1  -1  -1  -1  -1  -1  -1  -1  -1  -1]
 [ -1  -1  -1  -1  -1  15  -1   4  -1  -1  -1  -1  -1  -1  -1  -1  -1  -1  -1]]
   -> Island 341 Shape: (12, 5)
[[ -1  -1  -1  -1  -1]
 [285 270 254 236 218]
 [313 297 281 266 252]
 [328 310 294 278  -1]
 [356 341 325 306  -1]
 [370 353 337 320  -1]
 [399 383 367 349  -1]
 [409 393 379  -1  -1]
 [434 423 406  -1  -1]
 [448  -1  -1  -1  -1]
 [467 457  -1  -1  -1]
 [477  -1  -1  -1  -1]]
   -> Island 382 Shape: (3, 4)
[[ -1 382 392  -1]
 [397 405 417  -1]
 [ -1 419 428 440]]
   -> Island 316 Shape: (4, 2)
[[ -1  -1]
 [289  -1]
 [316 303]
 [333  -1]]
   -> Island 240 Shape: (4, 2)
[[ -1  -1]
 [255  -1]
 [240 224]
 [210  -1]]
   -> Island 140 Shape: (8, 6)
[[ -1  -1  -1  -1  -1  -1]
 [ -1 154  -1  -1 241  -1]
 [ -1 140 167 195 227 259]
 [125 155 180 209 245  -1]
 [ -1 141 168 196  -1  -1]
 [ -1  -1 182 211  -1  -1]
 [ -1  -1 169 198 231  -1]
 [ -1  -1 181 216  -1  -1]]
   -> Island 567 Shape: (2, 2)
[[567 562]
 [564  -1]]
[Diag] Wave step complete: Added 86 structural ears.
Wave 9
   -> Island 545 Shape: (4, 2)
[[ -1  -1]
 [548  -1]
 [545 553]
 [550  -1]]
   -> Island 111 Shape: (34, 19)
[[ -1  -1  -1  -1  -1  -1  -1  -1  -1  -1  -1  -1  -1  -1  -1  -1  -1  -1  -1]
 [ -1  -1  -1  -1  -1 541 539 537  -1  -1  -1  -1 514  -1  -1  -1  -1  -1  -1]
 [ -1  -1  -1  -1  -1  -1 536 533  -1  -1  -1 513 508 500 491 483  -1  -1  -1]
 [ -1  -1  -1  -1 534 530 526 521  -1  -1 505 497 489 479 471  -1  -1  -1  -1]
 [ -1  -1  -1  -1 529 525 520 515  -1 503 493 486 476 468 462 452  -1  -1  -1]
 [ -1  -1  -1 522 519 512 509 501 492 484 474  -1 459 450  -1  -1  -1  -1  -1]
 [ -1  -1  -1  -1 511  -1 498  -1 481 472 465 456 447 435  -1  -1  -1  -1  -1]
 [ -1  -1 510  -1 494 487 478 470 463 454 444 432 422  -1  -1  -1  -1  -1  -1]
 [ -1 507 499 490 482 475 466 460 451 441 429 420 407 394  -1 372 359  -1  -1]
 [495 488 480 473  -1 458 449 437 427 416 404 390 380 369 354 342 330  -1  -1]
 [ -1  -1 469 464 455 445 433 424 413  -1 387  -1 366 351 340 327 311 300  -1]
 [ -1 461 453 443 430 421 408 400 385 376 364 350 338 324 308 298 286  -1  -1]
 [ -1  -1 438  -1 418  -1 396 384 373 361  -1 335 321 307 295 282  -1  -1  -1]
 [ -1 426 415 403 391 381 371 358 345  -1 319 305 292 279 269 257  -1  -1  -1]
 [ -1  -1 401 388 378 368 355 343 331 315  -1 290 277 267 256 239  -1  -1  -1]
 [ -1  -1  -1 365 352 339 329 314 302  -1 276  -1 253 238 223 208  -1  -1  -1]
 [ -1  -1  -1  -1  -1 326  -1 301  -1 275 264 251 237 222 207 193  -1  -1  -1]
 [ -1  -1  -1  -1 309 299 287 273  -1 250 234 220 205 192 179 165 153  -1  -1]
 [ -1  -1  -1  -1  -1 284 272 263 248  -1 221 204 190 178 163 152 135  -1  -1]
 [ -1  -1  -1  -1 271 261 249 232 219 203 191 177 164 148 136 120 108  92  -1]
 [ -1  -1  -1  -1  -1 247 230 217 202 189 175 158 149 131 116 109  -1  83  69]
 [ -1  -1  -1 246 229 215 201 188 176 159 142 127 117 107  94  80  67  57  -1]
 [ -1  -1  -1 228 212 200 185 171 156 143 128 121 104  93  81  68  59  48  -1]
 [ -1  -1  -1  -1 187 172  -1 144 129 118 105  95  82  70  58  47  39  -1  -1]
 [ -1  -1  -1 183 170 160 145 132 119 110  97  84  71  60  49  40  30  -1  -1]
 [ -1  -1  -1 157 146 133 122 111  98  85  72  61  50  -1  31  22  -1  -1  -1]
 [ -1  -1  -1 147 134 123 112  99  86  73  62  51  41  32  23  14  -1  -1  -1]
 [ -1  -1  -1  -1 113 100  87  74  63  52  42  33  24  16   9  -1  -1  -1  -1]
 [ -1  -1  -1 114 101  88  75  64  53  43  34  25  17  10   5  -1  -1  -1  -1]
 [ -1  -1  -1  89  76  65  54  44  35  26  18  11   6   0  -1  -1  -1  -1  -1]
 [ -1  -1  -1  -1  -1  55  45  36  27  19  12  -1   1  -1  -1  -1  -1  -1  -1]
 [ -1  -1  -1  56  46  37  28  20  -1   7   2  -1  -1  -1  -1  -1  -1  -1  -1]
 [ -1  -1  -1  -1  38  29  21  13   8  -1  -1  -1  -1  -1  -1  -1  -1  -1  -1]
 [ -1  -1  -1  -1  -1  15  -1   4  -1  -1  -1  -1  -1  -1  -1  -1  -1  -1  -1]]
   -> Island 341 Shape: (12, 6)
[[ -1  -1  -1  -1  -1  -1]
 [285 270 254 236 218  -1]
 [313 297 281 266 252 233]
 [328 310 294 278  -1  -1]
 [356 341 325 306  -1  -1]
 [370 353 337 320  -1  -1]
 [399 383 367 349  -1  -1]
 [409 393 379  -1  -1  -1]
 [434 423 406  -1  -1  -1]
 [448  -1  -1  -1  -1  -1]
 [467 457  -1  -1  -1  -1]
 [477  -1  -1  -1  -1  -1]]
   -> Island 382 Shape: (3, 4)
[[ -1 382 392  -1]
 [397 405 417  -1]
 [ -1 419 428 440]]
   -> Island 316 Shape: (4, 2)
[[ -1  -1]
 [289  -1]
 [316 303]
 [333  -1]]
   -> Island 240 Shape: (4, 2)
[[ -1  -1]
 [255  -1]
 [240 224]
 [210  -1]]
   -> Island 140 Shape: (8, 6)
[[ -1  -1  -1  -1  -1  -1]
 [ -1 154  -1  -1 241  -1]
 [ -1 140 167 195 227 259]
 [125 155 180 209 245  -1]
 [ -1 141 168 196  -1  -1]
 [ -1  -1 182 211  -1  -1]
 [ -1  -1 169 198 231  -1]
 [ -1  -1 181 216  -1  -1]]
   -> Island 567 Shape: (2, 2)
[[567 562]
 [564  -1]]
[Diag] Wave step complete: Added 32 structural ears.
Wave 10
   -> Island 545 Shape: (4, 2)
[[ -1  -1]
 [548  -1]
 [545 553]
 [550  -1]]
   -> Island 111 Shape: (34, 19)
[[ -1  -1  -1  -1  -1  -1  -1  -1  -1  -1  -1  -1  -1  -1  -1  -1  -1  -1  -1]
 [ -1  -1  -1  -1  -1 541 539 537  -1  -1  -1  -1 514  -1  -1  -1  -1  -1  -1]
 [ -1  -1  -1  -1  -1  -1 536 533  -1  -1  -1 513 508 500 491 483  -1  -1  -1]
 [ -1  -1  -1  -1 534 530 526 521  -1  -1 505 497 489 479 471  -1  -1  -1  -1]
 [ -1  -1  -1  -1 529 525 520 515  -1 503 493 486 476 468 462 452  -1  -1  -1]
 [ -1  -1  -1 522 519 512 509 501 492 484 474  -1 459 450  -1  -1  -1  -1  -1]
 [ -1  -1  -1  -1 511  -1 498  -1 481 472 465 456 447 435  -1  -1  -1  -1  -1]
 [ -1  -1 510  -1 494 487 478 470 463 454 444 432 422  -1  -1  -1  -1  -1  -1]
 [ -1 507 499 490 482 475 466 460 451 441 429 420 407 394  -1 372 359  -1  -1]
 [495 488 480 473  -1 458 449 437 427 416 404 390 380 369 354 342 330  -1  -1]
 [ -1  -1 469 464 455 445 433 424 413  -1 387  -1 366 351 340 327 311 300  -1]
 [ -1 461 453 443 430 421 408 400 385 376 364 350 338 324 308 298 286  -1  -1]
 [ -1  -1 438  -1 418  -1 396 384 373 361  -1 335 321 307 295 282  -1  -1  -1]
 [ -1 426 415 403 391 381 371 358 345  -1 319 305 292 279 269 257  -1  -1  -1]
 [ -1 412 401 388 378 368 355 343 331 315  -1 290 277 267 256 239  -1  -1  -1]
 [ -1  -1  -1 365 352 339 329 314 302  -1 276  -1 253 238 223 208  -1  -1  -1]
 [ -1  -1  -1  -1  -1 326  -1 301  -1 275 264 251 237 222 207 193  -1  -1  -1]
 [ -1  -1  -1  -1 309 299 287 273  -1 250 234 220 205 192 179 165 153  -1  -1]
 [ -1  -1  -1  -1  -1 284 272 263 248  -1 221 204 190 178 163 152 135  -1  -1]
 [ -1  -1  -1  -1 271 261 249 232 219 203 191 177 164 148 136 120 108  92  -1]
 [ -1  -1  -1  -1  -1 247 230 217 202 189 175 158 149 131 116 109  -1  83  69]
 [ -1  -1  -1 246 229 215 201 188 176 159 142 127 117 107  94  80  67  57  -1]
 [ -1  -1  -1 228 212 200 185 171 156 143 128 121 104  93  81  68  59  48  -1]
 [ -1  -1  -1  -1 187 172  -1 144 129 118 105  95  82  70  58  47  39  -1  -1]
 [ -1  -1  -1 183 170 160 145 132 119 110  97  84  71  60  49  40  30  -1  -1]
 [ -1  -1  -1 157 146 133 122 111  98  85  72  61  50  -1  31  22  -1  -1  -1]
 [ -1  -1  -1 147 134 123 112  99  86  73  62  51  41  32  23  14  -1  -1  -1]
 [ -1  -1  -1  -1 113 100  87  74  63  52  42  33  24  16   9  -1  -1  -1  -1]
 [ -1  -1  -1 114 101  88  75  64  53  43  34  25  17  10   5  -1  -1  -1  -1]
 [ -1  -1 102  89  76  65  54  44  35  26  18  11   6   0  -1  -1  -1  -1  -1]
 [ -1  -1  -1  -1  -1  55  45  36  27  19  12  -1   1  -1  -1  -1  -1  -1  -1]
 [ -1  -1  -1  56  46  37  28  20  -1   7   2  -1  -1  -1  -1  -1  -1  -1  -1]
 [ -1  -1  -1  -1  38  29  21  13   8  -1  -1  -1  -1  -1  -1  -1  -1  -1  -1]
 [ -1  -1  -1  -1  -1  15  -1   4  -1  -1  -1  -1  -1  -1  -1  -1  -1  -1  -1]]
   -> Island 341 Shape: (12, 6)
[[ -1  -1  -1  -1  -1  -1]
 [285 270 254 236 218  -1]
 [313 297 281 266 252 233]
 [328 310 294 278  -1  -1]
 [356 341 325 306  -1  -1]
 [370 353 337 320  -1  -1]
 [399 383 367 349  -1  -1]
 [409 393 379  -1  -1  -1]
 [434 423 406  -1  -1  -1]
 [448  -1  -1  -1  -1  -1]
 [467 457  -1  -1  -1  -1]
 [477  -1  -1  -1  -1  -1]]
   -> Island 382 Shape: (3, 4)
[[ -1 382 392  -1]
 [397 405 417  -1]
 [ -1 419 428 440]]
   -> Island 316 Shape: (4, 2)
[[ -1  -1]
 [289  -1]
 [316 303]
 [333  -1]]
   -> Island 240 Shape: (4, 2)
[[ -1  -1]
 [255  -1]
 [240 224]
 [210  -1]]
   -> Island 140 Shape: (8, 6)
[[ -1  -1  -1  -1  -1  -1]
 [ -1 154  -1  -1 241  -1]
 [ -1 140 167 195 227 259]
 [125 155 180 209 245  -1]
 [ -1 141 168 196  -1  -1]
 [ -1  -1 182 211  -1  -1]
 [ -1  -1 169 198 231  -1]
 [ -1  -1 181 216  -1  -1]]
   -> Island 567 Shape: (2, 2)
[[567 562]
 [564  -1]]
[Diag] Wave step complete: Added 14 structural ears.
Wave 11
   -> Island 545 Shape: (4, 2)
[[ -1  -1]
 [548  -1]
 [545 553]
 [550  -1]]
   -> Island 111 Shape: (34, 19)
[[ -1  -1  -1  -1  -1  -1  -1  -1  -1  -1  -1  -1  -1  -1  -1  -1  -1  -1  -1]
 [ -1  -1  -1  -1  -1 541 539 537  -1  -1  -1  -1 514  -1  -1  -1  -1  -1  -1]
 [ -1  -1  -1  -1  -1  -1 536 533  -1  -1  -1 513 508 500 491 483  -1  -1  -1]
 [ -1  -1  -1  -1 534 530 526 521  -1  -1 505 497 489 479 471  -1  -1  -1  -1]
 [ -1  -1  -1  -1 529 525 520 515  -1 503 493 486 476 468 462 452  -1  -1  -1]
 [ -1  -1  -1 522 519 512 509 501 492 484 474  -1 459 450  -1  -1  -1  -1  -1]
 [ -1  -1  -1  -1 511  -1 498  -1 481 472 465 456 447 435  -1  -1  -1  -1  -1]
 [ -1  -1 510  -1 494 487 478 470 463 454 444 432 422  -1  -1  -1  -1  -1  -1]
 [ -1 507 499 490 482 475 466 460 451 441 429 420 407 394  -1 372 359  -1  -1]
 [495 488 480 473  -1 458 449 437 427 416 404 390 380 369 354 342 330  -1  -1]
 [ -1  -1 469 464 455 445 433 424 413  -1 387  -1 366 351 340 327 311 300  -1]
 [ -1 461 453 443 430 421 408 400 385 376 364 350 338 324 308 298 286  -1  -1]
 [ -1  -1 438  -1 418  -1 396 384 373 361  -1 335 321 307 295 282  -1  -1  -1]
 [ -1 426 415 403 391 381 371 358 345  -1 319 305 292 279 269 257  -1  -1  -1]
 [ -1 412 401 388 378 368 355 343 331 315  -1 290 277 267 256 239  -1  -1  -1]
 [ -1 386  -1 365 352 339 329 314 302  -1 276  -1 253 238 223 208  -1  -1  -1]
 [ -1  -1  -1  -1  -1 326  -1 301  -1 275 264 251 237 222 207 193  -1  -1  -1]
 [ -1  -1  -1  -1 309 299 287 273  -1 250 234 220 205 192 179 165 153  -1  -1]
 [ -1  -1  -1  -1  -1 284 272 263 248  -1 221 204 190 178 163 152 135  -1  -1]
 [ -1  -1  -1  -1 271 261 249 232 219 203 191 177 164 148 136 120 108  92  -1]
 [ -1  -1  -1  -1  -1 247 230 217 202 189 175 158 149 131 116 109  -1  83  69]
 [ -1  -1  -1 246 229 215 201 188 176 159 142 127 117 107  94  80  67  57  -1]
 [ -1  -1  -1 228 212 200 185 171 156 143 128 121 104  93  81  68  59  48  -1]
 [ -1  -1  -1  -1 187 172  -1 144 129 118 105  95  82  70  58  47  39  -1  -1]
 [ -1  -1  -1 183 170 160 145 132 119 110  97  84  71  60  49  40  30  -1  -1]
 [ -1  -1  -1 157 146 133 122 111  98  85  72  61  50  -1  31  22  -1  -1  -1]
 [ -1  -1  -1 147 134 123 112  99  86  73  62  51  41  32  23  14  -1  -1  -1]
 [ -1  -1  -1  -1 113 100  87  74  63  52  42  33  24  16   9  -1  -1  -1  -1]
 [ -1  -1 124 114 101  88  75  64  53  43  34  25  17  10   5  -1  -1  -1  -1]
 [ -1  -1 102  89  76  65  54  44  35  26  18  11   6   0  -1  -1  -1  -1  -1]
 [ -1  -1  -1  77  -1  55  45  36  27  19  12  -1   1  -1  -1  -1  -1  -1  -1]
 [ -1  -1  -1  56  46  37  28  20  -1   7   2  -1  -1  -1  -1  -1  -1  -1  -1]
 [ -1  -1  -1  -1  38  29  21  13   8  -1  -1  -1  -1  -1  -1  -1  -1  -1  -1]
 [ -1  -1  -1  -1  -1  15  -1   4  -1  -1  -1  -1  -1  -1  -1  -1  -1  -1  -1]]
   -> Island 341 Shape: (12, 6)
[[ -1  -1  -1  -1  -1  -1]
 [285 270 254 236 218  -1]
 [313 297 281 266 252 233]
 [328 310 294 278  -1  -1]
 [356 341 325 306  -1  -1]
 [370 353 337 320  -1  -1]
 [399 383 367 349  -1  -1]
 [409 393 379  -1  -1  -1]
 [434 423 406  -1  -1  -1]
 [448  -1  -1  -1  -1  -1]
 [467 457  -1  -1  -1  -1]
 [477  -1  -1  -1  -1  -1]]
   -> Island 382 Shape: (3, 4)
[[ -1 382 392  -1]
 [397 405 417  -1]
 [ -1 419 428 440]]
   -> Island 316 Shape: (4, 2)
[[ -1  -1]
 [289  -1]
 [316 303]
 [333  -1]]
   -> Island 240 Shape: (4, 2)
[[ -1  -1]
 [255  -1]
 [240 224]
 [210  -1]]
   -> Island 140 Shape: (8, 6)
[[ -1  -1  -1  -1  -1  -1]
 [ -1 154  -1  -1 241  -1]
 [ -1 140 167 195 227 259]
 [125 155 180 209 245  -1]
 [ -1 141 168 196  -1  -1]
 [ -1  -1 182 211  -1  -1]
 [ -1  -1 169 198 231  -1]
 [ -1  -1 181 216  -1  -1]]
   -> Island 567 Shape: (2, 2)
[[567 562]
 [564  -1]]
[Diag] Wave step complete: Added 6 structural ears.
Wave 12
   -> Island 545 Shape: (4, 2)
[[ -1  -1]
 [548  -1]
 [545 553]
 [550  -1]]
   -> Island 111 Shape: (34, 19)
[[ -1  -1  -1  -1  -1  -1  -1  -1  -1  -1  -1  -1  -1  -1  -1  -1  -1  -1  -1]
 [ -1  -1  -1  -1  -1 541 539 537  -1  -1  -1  -1 514  -1  -1  -1  -1  -1  -1]
 [ -1  -1  -1  -1  -1  -1 536 533  -1  -1  -1 513 508 500 491 483  -1  -1  -1]
 [ -1  -1  -1  -1 534 530 526 521  -1  -1 505 497 489 479 471  -1  -1  -1  -1]
 [ -1  -1  -1  -1 529 525 520 515  -1 503 493 486 476 468 462 452  -1  -1  -1]
 [ -1  -1  -1 522 519 512 509 501 492 484 474  -1 459 450  -1  -1  -1  -1  -1]
 [ -1  -1  -1  -1 511  -1 498  -1 481 472 465 456 447 435  -1  -1  -1  -1  -1]
 [ -1  -1 510  -1 494 487 478 470 463 454 444 432 422  -1  -1  -1  -1  -1  -1]
 [ -1 507 499 490 482 475 466 460 451 441 429 420 407 394  -1 372 359  -1  -1]
 [495 488 480 473  -1 458 449 437 427 416 404 390 380 369 354 342 330  -1  -1]
 [ -1  -1 469 464 455 445 433 424 413  -1 387  -1 366 351 340 327 311 300  -1]
 [ -1 461 453 443 430 421 408 400 385 376 364 350 338 324 308 298 286  -1  -1]
 [ -1  -1 438  -1 418  -1 396 384 373 361  -1 335 321 307 295 282  -1  -1  -1]
 [ -1 426 415 403 391 381 371 358 345  -1 319 305 292 279 269 257  -1  -1  -1]
 [ -1 412 401 388 378 368 355 343 331 315  -1 290 277 267 256 239  -1  -1  -1]
 [ -1 386  -1 365 352 339 329 314 302  -1 276  -1 253 238 223 208  -1  -1  -1]
 [ -1  -1  -1  -1  -1 326  -1 301  -1 275 264 251 237 222 207 193  -1  -1  -1]
 [ -1  -1  -1  -1 309 299 287 273  -1 250 234 220 205 192 179 165 153  -1  -1]
 [ -1  -1  -1  -1  -1 284 272 263 248  -1 221 204 190 178 163 152 135  -1  -1]
 [ -1  -1  -1  -1 271 261 249 232 219 203 191 177 164 148 136 120 108  92  -1]
 [ -1  -1  -1  -1  -1 247 230 217 202 189 175 158 149 131 116 109  -1  83  69]
 [ -1  -1  -1 246 229 215 201 188 176 159 142 127 117 107  94  80  67  57  -1]
 [ -1  -1  -1 228 212 200 185 171 156 143 128 121 104  93  81  68  59  48  -1]
 [ -1  -1  -1  -1 187 172  -1 144 129 118 105  95  82  70  58  47  39  -1  -1]
 [ -1  -1  -1 183 170 160 145 132 119 110  97  84  71  60  49  40  30  -1  -1]
 [ -1  -1  -1 157 146 133 122 111  98  85  72  61  50  -1  31  22  -1  -1  -1]
 [ -1  -1  -1 147 134 123 112  99  86  73  62  51  41  32  23  14  -1  -1  -1]
 [ -1  -1 137  -1 113 100  87  74  63  52  42  33  24  16   9  -1  -1  -1  -1]
 [ -1  -1 124 114 101  88  75  64  53  43  34  25  17  10   5  -1  -1  -1  -1]
 [ -1  -1 102  89  76  65  54  44  35  26  18  11   6   0  -1  -1  -1  -1  -1]
 [ -1  -1  90  77  -1  55  45  36  27  19  12  -1   1  -1  -1  -1  -1  -1  -1]
 [ -1  -1  -1  56  46  37  28  20  -1   7   2  -1  -1  -1  -1  -1  -1  -1  -1]
 [ -1  -1  -1  -1  38  29  21  13   8  -1  -1  -1  -1  -1  -1  -1  -1  -1  -1]
 [ -1  -1  -1  -1  -1  15  -1   4  -1  -1  -1  -1  -1  -1  -1  -1  -1  -1  -1]]
   -> Island 341 Shape: (12, 6)
[[ -1  -1  -1  -1  -1  -1]
 [285 270 254 236 218  -1]
 [313 297 281 266 252 233]
 [328 310 294 278  -1  -1]
 [356 341 325 306  -1  -1]
 [370 353 337 320  -1  -1]
 [399 383 367 349  -1  -1]
 [409 393 379  -1  -1  -1]
 [434 423 406  -1  -1  -1]
 [448  -1  -1  -1  -1  -1]
 [467 457  -1  -1  -1  -1]
 [477  -1  -1  -1  -1  -1]]
   -> Island 382 Shape: (3, 4)
[[ -1 382 392  -1]
 [397 405 417  -1]
 [ -1 419 428 440]]
   -> Island 316 Shape: (4, 2)
[[ -1  -1]
 [289  -1]
 [316 303]
 [333  -1]]
   -> Island 240 Shape: (4, 2)
[[ -1  -1]
 [255  -1]
 [240 224]
 [210  -1]]
   -> Island 140 Shape: (8, 6)
[[ -1  -1  -1  -1  -1  -1]
 [ -1 154  -1  -1 241  -1]
 [ -1 140 167 195 227 259]
 [125 155 180 209 245  -1]
 [ -1 141 168 196  -1  -1]
 [ -1  -1 182 211  -1  -1]
 [ -1  -1 169 198 231  -1]
 [ -1  -1 181 216  -1  -1]]
   -> Island 567 Shape: (2, 2)
[[567 562]
 [564  -1]]
[Diag] Wave step complete: Added 3 structural ears.
Wave 13
   -> Island 545 Shape: (4, 2)
[[ -1  -1]
 [548  -1]
 [545 553]
 [550  -1]]
   -> Island 111 Shape: (34, 19)
[[ -1  -1  -1  -1  -1  -1  -1  -1  -1  -1  -1  -1  -1  -1  -1  -1  -1  -1  -1]
 [ -1  -1  -1  -1  -1 541 539 537  -1  -1  -1  -1 514  -1  -1  -1  -1  -1  -1]
 [ -1  -1  -1  -1  -1  -1 536 533  -1  -1  -1 513 508 500 491 483  -1  -1  -1]
 [ -1  -1  -1  -1 534 530 526 521  -1  -1 505 497 489 479 471  -1  -1  -1  -1]
 [ -1  -1  -1  -1 529 525 520 515  -1 503 493 486 476 468 462 452  -1  -1  -1]
 [ -1  -1  -1 522 519 512 509 501 492 484 474  -1 459 450  -1  -1  -1  -1  -1]
 [ -1  -1  -1  -1 511  -1 498  -1 481 472 465 456 447 435  -1  -1  -1  -1  -1]
 [ -1  -1 510  -1 494 487 478 470 463 454 444 432 422  -1  -1  -1  -1  -1  -1]
 [ -1 507 499 490 482 475 466 460 451 441 429 420 407 394  -1 372 359  -1  -1]
 [495 488 480 473  -1 458 449 437 427 416 404 390 380 369 354 342 330  -1  -1]
 [ -1  -1 469 464 455 445 433 424 413  -1 387  -1 366 351 340 327 311 300  -1]
 [ -1 461 453 443 430 421 408 400 385 376 364 350 338 324 308 298 286  -1  -1]
 [ -1  -1 438  -1 418  -1 396 384 373 361  -1 335 321 307 295 282  -1  -1  -1]
 [ -1 426 415 403 391 381 371 358 345  -1 319 305 292 279 269 257  -1  -1  -1]
 [ -1 412 401 388 378 368 355 343 331 315  -1 290 277 267 256 239  -1  -1  -1]
 [ -1 386  -1 365 352 339 329 314 302  -1 276  -1 253 238 223 208  -1  -1  -1]
 [ -1  -1  -1  -1  -1 326  -1 301  -1 275 264 251 237 222 207 193  -1  -1  -1]
 [ -1  -1  -1  -1 309 299 287 273  -1 250 234 220 205 192 179 165 153  -1  -1]
 [ -1  -1  -1  -1  -1 284 272 263 248  -1 221 204 190 178 163 152 135  -1  -1]
 [ -1  -1  -1  -1 271 261 249 232 219 203 191 177 164 148 136 120 108  92  -1]
 [ -1  -1  -1  -1  -1 247 230 217 202 189 175 158 149 131 116 109  -1  83  69]
 [ -1  -1  -1 246 229 215 201 188 176 159 142 127 117 107  94  80  67  57  -1]
 [ -1  -1  -1 228 212 200 185 171 156 143 128 121 104  93  81  68  59  48  -1]
 [ -1  -1  -1  -1 187 172  -1 144 129 118 105  95  82  70  58  47  39  -1  -1]
 [ -1  -1  -1 183 170 160 145 132 119 110  97  84  71  60  49  40  30  -1  -1]
 [ -1  -1  -1 157 146 133 122 111  98  85  72  61  50  -1  31  22  -1  -1  -1]
 [ -1  -1  -1 147 134 123 112  99  86  73  62  51  41  32  23  14  -1  -1  -1]
 [ -1  -1 137  -1 113 100  87  74  63  52  42  33  24  16   9  -1  -1  -1  -1]
 [ -1  -1 124 114 101  88  75  64  53  43  34  25  17  10   5  -1  -1  -1  -1]
 [ -1  -1 102  89  76  65  54  44  35  26  18  11   6   0  -1  -1  -1  -1  -1]
 [ -1  -1  90  77  -1  55  45  36  27  19  12  -1   1  -1  -1  -1  -1  -1  -1]
 [ -1  -1  66  56  46  37  28  20  -1   7   2  -1  -1  -1  -1  -1  -1  -1  -1]
 [ -1  -1  -1  -1  38  29  21  13   8  -1  -1  -1  -1  -1  -1  -1  -1  -1  -1]
 [ -1  -1  -1  -1  -1  15  -1   4  -1  -1  -1  -1  -1  -1  -1  -1  -1  -1  -1]]
   -> Island 341 Shape: (12, 6)
[[ -1  -1  -1  -1  -1  -1]
 [285 270 254 236 218  -1]
 [313 297 281 266 252 233]
 [328 310 294 278  -1  -1]
 [356 341 325 306  -1  -1]
 [370 353 337 320  -1  -1]
 [399 383 367 349  -1  -1]
 [409 393 379  -1  -1  -1]
 [434 423 406  -1  -1  -1]
 [448  -1  -1  -1  -1  -1]
 [467 457  -1  -1  -1  -1]
 [477  -1  -1  -1  -1  -1]]
   -> Island 382 Shape: (3, 4)
[[ -1 382 392  -1]
 [397 405 417  -1]
 [ -1 419 428 440]]
   -> Island 316 Shape: (4, 2)
[[ -1  -1]
 [289  -1]
 [316 303]
 [333  -1]]
   -> Island 240 Shape: (4, 2)
[[ -1  -1]
 [255  -1]
 [240 224]
 [210  -1]]
   -> Island 140 Shape: (8, 6)
[[ -1  -1  -1  -1  -1  -1]
 [ -1 154  -1  -1 241  -1]
 [ -1 140 167 195 227 259]
 [125 155 180 209 245  -1]
 [ -1 141 168 196  -1  -1]
 [ -1  -1 182 211  -1  -1]
 [ -1  -1 169 198 231  -1]
 [ -1  -1 181 216  -1  -1]]
   -> Island 567 Shape: (2, 2)
[[567 562]
 [564  -1]]
[Diag] Wave step complete: Added 3 structural ears.
Wave 14
   -> Island 545 Shape: (4, 2)
[[ -1  -1]
 [548  -1]
 [545 553]
 [550  -1]]
   -> Island 111 Shape: (34, 19)
[[ -1  -1  -1  -1  -1  -1  -1  -1  -1  -1  -1  -1  -1  -1  -1  -1  -1  -1  -1]
 [ -1  -1  -1  -1  -1 541 539 537  -1  -1  -1  -1 514  -1  -1  -1  -1  -1  -1]
 [ -1  -1  -1  -1  -1  -1 536 533  -1  -1  -1 513 508 500 491 483  -1  -1  -1]
 [ -1  -1  -1  -1 534 530 526 521  -1  -1 505 497 489 479 471  -1  -1  -1  -1]
 [ -1  -1  -1  -1 529 525 520 515  -1 503 493 486 476 468 462 452  -1  -1  -1]
 [ -1  -1  -1 522 519 512 509 501 492 484 474  -1 459 450  -1  -1  -1  -1  -1]
 [ -1  -1  -1  -1 511  -1 498  -1 481 472 465 456 447 435  -1  -1  -1  -1  -1]
 [ -1  -1 510  -1 494 487 478 470 463 454 444 432 422  -1  -1  -1  -1  -1  -1]
 [ -1 507 499 490 482 475 466 460 451 441 429 420 407 394  -1 372 359  -1  -1]
 [495 488 480 473  -1 458 449 437 427 416 404 390 380 369 354 342 330  -1  -1]
 [ -1  -1 469 464 455 445 433 424 413  -1 387  -1 366 351 340 327 311 300  -1]
 [ -1 461 453 443 430 421 408 400 385 376 364 350 338 324 308 298 286  -1  -1]
 [ -1  -1 438  -1 418  -1 396 384 373 361  -1 335 321 307 295 282  -1  -1  -1]
 [ -1 426 415 403 391 381 371 358 345  -1 319 305 292 279 269 257  -1  -1  -1]
 [ -1 412 401 388 378 368 355 343 331 315  -1 290 277 267 256 239  -1  -1  -1]
 [ -1 386  -1 365 352 339 329 314 302  -1 276  -1 253 238 223 208  -1  -1  -1]
 [ -1  -1  -1  -1  -1 326  -1 301  -1 275 264 251 237 222 207 193  -1  -1  -1]
 [ -1  -1  -1  -1 309 299 287 273  -1 250 234 220 205 192 179 165 153  -1  -1]
 [ -1  -1  -1  -1  -1 284 272 263 248  -1 221 204 190 178 163 152 135  -1  -1]
 [ -1  -1  -1  -1 271 261 249 232 219 203 191 177 164 148 136 120 108  92  -1]
 [ -1  -1  -1  -1  -1 247 230 217 202 189 175 158 149 131 116 109  -1  83  69]
 [ -1  -1  -1 246 229 215 201 188 176 159 142 127 117 107  94  80  67  57  -1]
 [ -1  -1  -1 228 212 200 185 171 156 143 128 121 104  93  81  68  59  48  -1]
 [ -1  -1  -1  -1 187 172  -1 144 129 118 105  95  82  70  58  47  39  -1  -1]
 [ -1  -1  -1 183 170 160 145 132 119 110  97  84  71  60  49  40  30  -1  -1]
 [ -1  -1  -1 157 146 133 122 111  98  85  72  61  50  -1  31  22  -1  -1  -1]
 [ -1  -1  -1 147 134 123 112  99  86  73  62  51  41  32  23  14  -1  -1  -1]
 [ -1  -1 137  -1 113 100  87  74  63  52  42  33  24  16   9  -1  -1  -1  -1]
 [ -1  -1 124 114 101  88  75  64  53  43  34  25  17  10   5  -1  -1  -1  -1]
 [ -1  -1 102  89  76  65  54  44  35  26  18  11   6   0  -1  -1  -1  -1  -1]
 [ -1  -1  90  77  -1  55  45  36  27  19  12  -1   1  -1  -1  -1  -1  -1  -1]
 [ -1  -1  66  56  46  37  28  20  -1   7   2  -1  -1  -1  -1  -1  -1  -1  -1]
 [ -1  -1  -1  -1  38  29  21  13   8  -1  -1  -1  -1  -1  -1  -1  -1  -1  -1]
 [ -1  -1  -1  -1  -1  15  -1   4  -1  -1  -1  -1  -1  -1  -1  -1  -1  -1  -1]]
   -> Island 341 Shape: (12, 6)
[[ -1  -1  -1  -1  -1  -1]
 [285 270 254 236 218  -1]
 [313 297 281 266 252 233]
 [328 310 294 278  -1  -1]
 [356 341 325 306  -1  -1]
 [370 353 337 320  -1  -1]
 [399 383 367 349  -1  -1]
 [409 393 379  -1  -1  -1]
 [434 423 406  -1  -1  -1]
 [448  -1  -1  -1  -1  -1]
 [467 457  -1  -1  -1  -1]
 [477  -1  -1  -1  -1  -1]]
   -> Island 382 Shape: (3, 4)
[[ -1 382 392  -1]
 [397 405 417  -1]
 [ -1 419 428 440]]
   -> Island 316 Shape: (4, 2)
[[ -1  -1]
 [289  -1]
 [316 303]
 [333  -1]]
   -> Island 240 Shape: (4, 2)
[[ -1  -1]
 [255  -1]
 [240 224]
 [210  -1]]
   -> Island 140 Shape: (8, 6)
[[ -1  -1  -1  -1  -1  -1]
 [ -1 154  -1  -1 241  -1]
 [ -1 140 167 195 227 259]
 [125 155 180 209 245  -1]
 [ -1 141 168 196  -1  -1]
 [ -1  -1 182 211  -1  -1]
 [ -1  -1 169 198 231  -1]
 [ -1  -1 181 216  -1  -1]]
   -> Island 567 Shape: (2, 2)
[[567 562]
 [564  -1]]
[Diag] Wave step complete: Added 1 structural ears.
   -> Island 545 Shape: (4, 2)
[[ -1  -1]
 [548  -1]
 [545 553]
 [550  -1]]
   -> Island 111 Shape: (34, 19)
[[ -1  -1  -1  -1  -1  -1  -1  -1  -1  -1  -1  -1  -1  -1  -1  -1  -1  -1  -1]
 [ -1  -1  -1  -1  -1 541 539 537  -1  -1  -1  -1 514  -1  -1  -1  -1  -1  -1]
 [ -1  -1  -1  -1  -1  -1 536 533  -1  -1  -1 513 508 500 491 483  -1  -1  -1]
 [ -1  -1  -1  -1 534 530 526 521  -1  -1 505 497 489 479 471  -1  -1  -1  -1]
 [ -1  -1  -1  -1 529 525 520 515  -1 503 493 486 476 468 462 452  -1  -1  -1]
 [ -1  -1  -1 522 519 512 509 501 492 484 474  -1 459 450  -1  -1  -1  -1  -1]
 [ -1  -1  -1  -1 511  -1 498  -1 481 472 465 456 447 435  -1  -1  -1  -1  -1]
 [ -1  -1 510  -1 494 487 478 470 463 454 444 432 422  -1  -1  -1  -1  -1  -1]
 [ -1 507 499 490 482 475 466 460 451 441 429 420 407 394  -1 372 359  -1  -1]
 [495 488 480 473  -1 458 449 437 427 416 404 390 380 369 354 342 330  -1  -1]
 [ -1  -1 469 464 455 445 433 424 413  -1 387  -1 366 351 340 327 311 300  -1]
 [ -1 461 453 443 430 421 408 400 385 376 364 350 338 324 308 298 286  -1  -1]
 [ -1  -1 438  -1 418  -1 396 384 373 361  -1 335 321 307 295 282  -1  -1  -1]
 [ -1 426 415 403 391 381 371 358 345  -1 319 305 292 279 269 257  -1  -1  -1]
 [ -1 412 401 388 378 368 355 343 331 315  -1 290 277 267 256 239  -1  -1  -1]
 [ -1 386  -1 365 352 339 329 314 302  -1 276  -1 253 238 223 208  -1  -1  -1]
 [ -1  -1  -1  -1  -1 326  -1 301  -1 275 264 251 237 222 207 193  -1  -1  -1]
 [ -1  -1  -1  -1 309 299 287 273  -1 250 234 220 205 192 179 165 153  -1  -1]
 [ -1  -1  -1  -1  -1 284 272 263 248  -1 221 204 190 178 163 152 135  -1  -1]
 [ -1  -1  -1  -1 271 261 249 232 219 203 191 177 164 148 136 120 108  92  -1]
 [ -1  -1  -1  -1  -1 247 230 217 202 189 175 158 149 131 116 109  -1  83  69]
 [ -1  -1  -1 246 229 215 201 188 176 159 142 127 117 107  94  80  67  57  -1]
 [ -1  -1  -1 228 212 200 185 171 156 143 128 121 104  93  81  68  59  48  -1]
 [ -1  -1  -1  -1 187 172  -1 144 129 118 105  95  82  70  58  47  39  -1  -1]
 [ -1  -1  -1 183 170 160 145 132 119 110  97  84  71  60  49  40  30  -1  -1]
 [ -1  -1  -1 157 146 133 122 111  98  85  72  61  50  -1  31  22  -1  -1  -1]
 [ -1  -1  -1 147 134 123 112  99  86  73  62  51  41  32  23  14  -1  -1  -1]
 [ -1  -1 137  -1 113 100  87  74  63  52  42  33  24  16   9  -1  -1  -1  -1]
 [ -1  -1 124 114 101  88  75  64  53  43  34  25  17  10   5  -1  -1  -1  -1]
 [ -1  -1 102  89  76  65  54  44  35  26  18  11   6   0  -1  -1  -1  -1  -1]
 [ -1  -1  90  77  -1  55  45  36  27  19  12  -1   1  -1  -1  -1  -1  -1  -1]
 [ -1  -1  66  56  46  37  28  20  -1   7   2  -1  -1  -1  -1  -1  -1  -1  -1]
 [ -1  -1  -1  -1  38  29  21  13   8  -1  -1  -1  -1  -1  -1  -1  -1  -1  -1]
 [ -1  -1  -1  -1  -1  15  -1   4  -1  -1  -1  -1  -1  -1  -1  -1  -1  -1  -1]]
   -> Island 341 Shape: (12, 6)
[[ -1  -1  -1  -1  -1  -1]
 [285 270 254 236 218  -1]
 [313 297 281 266 252 233]
 [328 310 294 278  -1  -1]
 [356 341 325 306  -1  -1]
 [370 353 337 320  -1  -1]
 [399 383 367 349  -1  -1]
 [409 393 379  -1  -1  -1]
 [434 423 406  -1  -1  -1]
 [448  -1  -1  -1  -1  -1]
 [467 457  -1  -1  -1  -1]
 [477  -1  -1  -1  -1  -1]]
   -> Island 382 Shape: (3, 4)
[[ -1 382 392  -1]
 [397 405 417  -1]
 [ -1 419 428 440]]
   -> Island 316 Shape: (4, 2)
[[ -1  -1]
 [289  -1]
 [316 303]
 [333  -1]]
   -> Island 240 Shape: (4, 2)
[[ -1  -1]
 [255  -1]
 [240 224]
 [210  -1]]
   -> Island 140 Shape: (8, 6)
[[ -1  -1  -1  -1  -1  -1]
 [ -1 154  -1  -1 241  -1]
 [ -1 140 167 195 227 259]
 [125 155 180 209 245  -1]
 [ -1 141 168 196  -1  -1]
 [ -1  -1 182 211  -1  -1]
 [ -1  -1 169 198 231  -1]
 [ -1  -1 181 216  -1  -1]]
   -> Island 567 Shape: (2, 2)
[[567 562]
 [564  -1]]
[+] Success! Generated 8 individual grid matrix islands.
row: 8, col 0, length: 17
valid_mask: [1 1 1 0 0 1 1 1 1 1 1 1 0 0 1]
patch:
 [[-1  1  1  1  1  1  0  0  0  0  0  1  0  0 -1  1  0]
 [ 1  1  1  1 -1  0  0  0  1  1  1  1  1  1  0  0  0]]
row: 9, col 1, length: 16
valid_mask: [0 0 0 1 1 1 1 0 0 0 0 1 1 1]
patch:
 [[ 1  1  1 -1  0  0  0  1  1  1  1  1  1  0  0  0]
 [-1  1  0  1  0  0  0  1 -1  1 -1  0  1  0  0  0]]
row: 10, col 2, length: 15
valid_mask: [1 1 1 1 1 0 0 0 0 1 1 1 1]
patch:
 [[ 1  0  1  0  0  0  1 -1  1 -1  0  1  0  0  0]
 [ 0  0  0  0  0  1  1  0  1  1  1  1  1  0  0]]
row: 13, col 1, length: 15
valid_mask: [1 1 1 1 1 1 0 0 0 0 1 1 1]
patch:
 [[ 1  0  0  0  1  1  1  1 -1  0  0  1  1  0  1]
 [ 1  0  0  1  1  1  1  0  0 -1  0  0  0  1  1]]
row: 19, col 5, length: 13
valid_mask: [1 1 1 1 1 1 1 1 1 1 0]
patch:
 [[ 0  1  0  0  1  1  1  1  0  1  1  1  0]
 [ 1  0  0  1  1  1  1  1  0  0  1 -1  1]]
Hor:  {'origin_stream_phase': 4, 'recovered_sequence': [0, 0, 0, 0, 1, 1, 1, 0, 0, 1, 1], 'errors_corrected': [4, 5], 'missing_gaps': array([10], dtype=int64), 'status': 'Corrected bit flip at index [4, 5] via syndrome projection', 'direction_key': 'W_forward'}
Vert:  {'origin_stream_phase': 17, 'recovered_sequence': [0, 1, 1, 1, 0, 0, 0, 1, 0, 1, 0, 1], 'errors_corrected': [7, 8], 'missing_gaps': array([10, 11], dtype=int64), 'status': 'Corrected bit flip at index [7, 8] via syndrome projection', 'direction_key': 'V_reverse'}
[Warning] Consistency check failed. Skip
row: 20, col 4, length: 14
valid_mask: [1 1 1 1 1 1 1 1 1 1 0 0]
patch:
 [[-1  1  0  0  1  1  1  1  1  0  0  1 -1  1]
 [ 1  0  0  0  1  0  0  0  1  1  1  0  0  0]]
Hor:  {'origin_stream_phase': 30, 'recovered_sequence': [0, 1, 0, 1, 1, 0, 0, 0, 0, 1, 1, 1], 'errors_corrected': [1, 2], 'missing_gaps': array([10, 11], dtype=int64), 'status': 'Corrected bit flip at index [1, 2] via syndrome projection', 'direction_key': 'W_forward'}
Vert:  {'origin_stream_phase': 5, 'recovered_sequence': [1, 1, 0, 0, 1, 0, 0, 1, 1, 1, 1, 1, 0], 'errors_corrected': [9, 10], 'missing_gaps': array([ 0, 11, 12], dtype=int64), 'status': 'Corrected bit flip at index [9, 10] via syndrome projection', 'direction_key': 'V_reverse'}
[Warning] Consistency check failed. Skip
Hor:  {'origin_stream_phase': 17, 'recovered_sequence': [0, 0, 1, 1, 1, 0, 0, 0, 0, 1, 1, 0], 'errors_corrected': [], 'missing_gaps': array([10, 11], dtype=int64), 'status': 'Corrected bit flip at index [] via syndrome projection', 'direction_key': 'W_reverse'}
Vert:  {'origin_stream_phase': 16, 'recovered_sequence': [1, 1, 0, 0, 1, 0, 0, 1, 1, 0, 0, 0, 0], 'errors_corrected': [], 'missing_gaps': array([ 0, 11, 12], dtype=int64), 'status': 'Corrected bit flip at index [] via syndrome projection', 'direction_key': 'V_forward'}
{'status': 'success', 'row': 16, 'col': 9, 'b': (1, 16, -17), 'horizontal_axis': 'W', 'direction': 'reverse', 'errors_corrected': 0, 'erasures': 5}
[Info] Consistency check passed. Best result updated.
[[-1  1  0  0  1  1  1  1  1  0  0  1 -1  1]
 [ 1  0  0  0  1  0  0  0  1  1  1  0  0  0]]
row: 21, col 3, length: 15
valid_mask: [1 1 1 1 1 1 1 1 1 1 1 1 1]
patch:
 [[1 1 0 0 0 1 0 0 0 1 1 1 0 0 0]
 [0 1 0 0 0 0 1 1 1 0 0 0 0 1 1]]
row: 22, col 4, length: 13
valid_mask: [1 0 0 1 1 1 1 1 1 1 1]
patch:
 [[ 1  0  0  0  0  1  1  1  0  0  0  0  1]
 [ 0  1 -1  1  0  0  1  0  0  0  0  0  1]]
Hor:  {'origin_stream_phase': 13, 'recovered_sequence': [1, 0, 1, 0, 0, 1, 0, 0, 0, 0, 1], 'errors_corrected': [], 'missing_gaps': array([1, 2], dtype=int64), 'status': 'Corrected bit flip at index [] via syndrome projection', 'direction_key': 'U_forward'}
Vert:  {'origin_stream_phase': 6, 'recovered_sequence': [0, 1, 0, 1, 1, 1, 1, 1, 0, 1, 1, 0], 'errors_corrected': [9, 10], 'missing_gaps': array([1, 2], dtype=int64), 'status': 'Corrected bit flip at index [9, 10] via syndrome projection', 'direction_key': 'W_reverse'}
[Warning] Consistency check failed. Skip
row: 23, col 3, length: 14
valid_mask: [1 0 0 1 1 1 1 1 1 1 1 1]
patch:
 [[-1  0  1 -1  1  0  0  1  0  0  0  0  0  1]
 [ 1  0  1  1  1  1  1  1  1  1  1  1  1  1]]
row: 24, col 2, length: 14
valid_mask: [0 1 1 1 1 1 1 1 1 1 0 0]
patch:
 [[-1  1  0  1  1  1  1  1  1  1  1  1  1  1]
 [-1  1  1  1  1  1  0  1  0  1  1 -1  1  1]]
row: 25, col 3, length: 13
valid_mask: [1 1 1 1 1 1 1 1 0 0 1]
patch:
 [[ 1  1  1  1  1  0  1  0  1  1 -1  1  1]
 [ 1  0  0  0  0  1  0  0  0  1  1  1  1]]
Hor:  {'origin_stream_phase': 17, 'recovered_sequence': [1, 0, 0, 1, 0, 0, 1, 1, 0, 0, 0], 'errors_corrected': [7], 'missing_gaps': array([8, 9], dtype=int64), 'status': 'Corrected bit flip at index [7] via syndrome projection', 'direction_key': 'V_forward'}
Vert:  {'origin_stream_phase': 14, 'recovered_sequence': [1, 0, 1, 1, 0, 0, 1, 1, 1, 1, 1, 0], 'errors_corrected': [2, 3], 'missing_gaps': array([ 9, 10], dtype=int64), 'status': 'Corrected bit flip at index [2, 3] via syndrome projection', 'direction_key': 'U_reverse'}
[Warning] Consistency check failed. Skip
row: 27, col 1, length: 14
valid_mask: [0 0 1 1 1 1 1 1 1 1 1 1]
patch:
 [[-1  1 -1  0  0  1  1  0  0  1  1  0  0  0]
 [-1  1  1  1  0  1  0  0  0  1  0  0  1  1]]
Hor:  {'origin_stream_phase': 5, 'recovered_sequence': [1, 1, 1, 1, 1, 0, 0, 1, 1, 0, 1, 0], 'errors_corrected': [2, 3, 10, 11], 'missing_gaps': array([0, 1], dtype=int64), 'status': 'Corrected bit flip at index [2, 3, 10, 11] via syndrome projection', 'direction_key': 'U_forward'}
Vert:  {'origin_stream_phase': 10, 'recovered_sequence': [1, 1, 1, 1, 0, 1, 1, 0, 0, 1, 1, 1, 0], 'errors_corrected': [], 'missing_gaps': array([0, 1, 2], dtype=int64), 'status': 'Corrected bit flip at index [] via syndrome projection', 'direction_key': 'W_reverse'}
[Warning] Consistency check failed. Skip
Hor:  {'origin_stream_phase': 13, 'recovered_sequence': [0, 1, 0, 1, 1, 0, 0, 1, 1, 1, 1, 1], 'errors_corrected': [3, 9, 10], 'missing_gaps': array([0, 1], dtype=int64), 'status': 'Corrected bit flip at index [3, 9, 10] via syndrome projection', 'direction_key': 'U_reverse'}
Vert:  {'origin_stream_phase': 4, 'recovered_sequence': [0, 0, 0, 0, 1, 1, 1, 0, 0, 1, 1, 0, 1], 'errors_corrected': [3, 4, 11, 12], 'missing_gaps': array([0, 1, 2], dtype=int64), 'status': 'Corrected bit flip at index [3, 4, 11, 12] via syndrome projection', 'direction_key': 'W_forward'}
[Warning] Consistency check failed. Skip
Hor:  {'origin_stream_phase': 16, 'recovered_sequence': [1, 1, 0, 0, 1, 0, 0, 1, 1, 0, 0, 0], 'errors_corrected': [11], 'missing_gaps': array([0, 1], dtype=int64), 'status': 'Corrected bit flip at index [11] via syndrome projection', 'direction_key': 'V_forward'}
Vert:  {'origin_stream_phase': 11, 'recovered_sequence': [1, 0, 0, 1, 0, 1, 1, 0, 0, 1, 1, 1, 1], 'errors_corrected': [12], 'missing_gaps': array([0, 1, 2], dtype=int64), 'status': 'Corrected bit flip at index [12] via syndrome projection', 'direction_key': 'U_reverse'}
[Warning] Consistency check failed. Skip
Hor:  {'origin_stream_phase': 5, 'recovered_sequence': [1, 1, 0, 0, 1, 0, 0, 1, 1, 1, 1, 1], 'errors_corrected': [9, 10], 'missing_gaps': array([0, 1], dtype=int64), 'status': 'Corrected bit flip at index [9, 10] via syndrome projection', 'direction_key': 'V_reverse'}
Vert:  {'origin_stream_phase': 3, 'recovered_sequence': [0, 0, 1, 1, 1, 1, 1, 0, 0, 1, 1, 0, 1], 'errors_corrected': [4, 11, 12], 'missing_gaps': array([0, 1, 2], dtype=int64), 'status': 'Corrected bit flip at index [4, 11, 12] via syndrome projection', 'direction_key': 'U_forward'}
[Warning] Consistency check failed. Skip
row: 28, col 2, length: 12
valid_mask: [1 1 1 1 1 1 1 1 1 1]
patch:
 [[1 1 1 0 1 0 0 0 1 0 0 1]
 [1 1 1 1 1 0 1 0 1 0 0 1]]
Hor:  {'origin_stream_phase': 19, 'recovered_sequence': [0, 1, 1, 1, 1, 1, 0, 0, 0, 1], 'errors_corrected': [8], 'missing_gaps': array([], dtype=int64), 'status': 'Corrected bit flip at index [8] via syndrome projection', 'direction_key': 'U_reverse'}
Vert:  {'origin_stream_phase': 28, 'recovered_sequence': [0, 1, 0, 1, 0, 1, 1, 0, 0, 0, 0], 'errors_corrected': [1, 2], 'missing_gaps': array([], dtype=int64), 'status': 'Corrected bit flip at index [1, 2] via syndrome projection', 'direction_key': 'W_forward'}
[Warning] Consistency check failed. Skip
Target coords: 16 9
Processing completed
